event,app,handler,r0,r1,r2,r3,sp,lr,r9,sp0,sp4,sp8,sp12,sp16,sp20,sp24,sp28,sp32,sp36,sp40,sp44
0x1E209,0x3,0x30D301,0x3,0x1E209,0x6AD11C,0x0,0x27FFA0,0x304589,0x2B1858,0x6AD11C,0x30D2F9,0x0,0x0,0x0,0x2,0x0,0x1E209,0x0,0x2B2030,0x0,0x30666F
event,app,handler,r0,r1,r2,r3,sp,lr,r9,sp0,sp4,sp8,sp12,sp16,sp20,sp24,sp28,sp32,sp36,sp40,sp44
0x1E209,0x9,0x30D2F9,0x6AD11C,0x69EF14,0x0,0x0,0x27FFA0,0x304589,0x2B1858,0x6AD11C,0x30D2F9,0x0,0x0,0x0,0x2,0x0,0x1E209,0x0,0x2B2030,0x0,0x30666F
event,app,handler,r0,r1,r2,r3,sp,lr,r9,sp0,sp4,sp8,sp12,sp16,sp20,sp24,sp28,sp32,sp36,sp40,sp44
0x1E209,0x9,0x30D301,0x9,0x1E209,0x6AD11C,0x0,0x27FF98,0x304589,0x2B1858,0x6AD11C,0x30D2F9,0x6AD11C,0x30D2F9,0x0,0x0,0x0,0x2,0x0,0x1E209,0x0,0x2B2030
event,app,handler,r0,r1,r2,r3,sp,lr,r9,sp0,sp4,sp8,sp12,sp16,sp20,sp24,sp28,sp32,sp36,sp40,sp44
0x1E209,0x9,0x305EB9,0x0,0x0,0x0,0x0,0x27FF98,0x304589,0x2B1858,0x6AD11C,0x30D2F9,0x6AD11C,0x30D2F9,0x0,0x0,0x0,0x2,0x0,0x1E209,0x0,0x2B2030
event,app,handler,r0,r1,r2,r3,sp,lr,r9,sp0,sp4,sp8,sp12,sp16,sp20,sp24,sp28,sp32,sp36,sp40,sp44
0x1E201,0x3,0x30D301,0x3,0x1E201,0x6AD11C,0x0,0x27FF90,0x304589,0x2B1858,0x6AD11C,0x30D2F9,0x6AD11C,0x30D2F9,0x6AD11C,0x30D2F9,0x0,0x0,0x0,0x2,0x0,0x1E209
event,app,handler,r0,r1,r2,r3,sp,lr,r9,sp0,sp4,sp8,sp12,sp16,sp20,sp24,sp28,sp32,sp36,sp40,sp44
0x1E201,0x9,0x30D301,0x9,0x1E201,0x6AD11C,0x0,0x27FF88,0x304589,0x2B1858,0x6AD11C,0x30D2F9,0x6AD11C,0x30D2F9,0x6AD11C,0x30D2F9,0x6AD11C,0x30D2F9,0x0,0x0,0x0,0x2
event,app,handler,r0,r1,r2,r3,sp,lr,r9,sp0,sp4,sp8,sp12,sp16,sp20,sp24,sp28,sp32,sp36,sp40,sp44
0x1E201,0x6,0x30D301,0x6,0x1E201,0x6AD11C,0x0,0x27FF80,0x304589,0x2B1858,0x6AD11C,0x30D2F9,0x6AD11C,0x30D2F9,0x6AD11C,0x30D2F9,0x6AD11C,0x30D2F9,0x6AD11C,0x30D2F9,0x0,0x0
event,app,handler,r0,r1,r2,r3,sp,lr,r9,sp0,sp4,sp8,sp12,sp16,sp20,sp24,sp28,sp32,sp36,sp40,sp44
0x1E201,0x5,0x30D301,0x5,0x1E201,0x6AD11C,0x0,0x27FF78,0x304589,0x2B1858,0x6AD11C,0x30D2F9,0x6AD11C,0x30D2F9,0x6AD11C,0x30D2F9,0x6AD11C,0x30D2F9,0x6AD11C,0x30D2F9,0x6AD11C,0x30D2F9
event,app,handler,r0,r1,r2,r3,sp,lr,r9,sp0,sp4,sp8,sp12,sp16,sp20,sp24,sp28,sp32,sp36,sp40,sp44
0x1E201,0x8,0x30D301,0x8,0x1E201,0x6AD11C,0x0,0x27FF70,0x304589,0x2B1858,0x6AD11C,0x30D2F9,0x6AD11C,0x30D2F9,0x6AD11C,0x30D2F9,0x6AD11C,0x30D2F9,0x6AD11C,0x30D2F9,0x6AD11C,0x30D2F9
event,app,handler,r0,r1,r2,r3,sp,lr,r9,sp0,sp4,sp8,sp12,sp16,sp20,sp24,sp28,sp32,sp36,sp40,sp44
0x1E209,0x2,0x30D301,0x2,0x1E209,0x6AD11C,0x0,0x27FF68,0x304589,0x2B1858,0x6AD11C,0x30D2F9,0x6AD11C,0x30D2F9,0x6AD11C,0x30D2F9,0x6AD11C,0x30D2F9,0x6AD11C,0x30D2F9,0x6AD11C,0x30D2F9
event,app,handler,r0,r1,r2,r3,sp,lr,r9,sp0,sp4,sp8,sp12,sp16,sp20,sp24,sp28,sp32,sp36,sp40,sp44
0x1E209,0x9,0x30D2F9,0x6AD11C,0x69EF14,0x0,0x0,0x27FF68,0x304589,0x2B1858,0x6AD11C,0x30D2F9,0x6AD11C,0x30D2F9,0x6AD11C,0x30D2F9,0x6AD11C,0x30D2F9,0x6AD11C,0x30D2F9,0x6AD11C,0x30D2F9
event,app,handler,r0,r1,r2,r3,sp,lr,r9,sp0,sp4,sp8,sp12,sp16,sp20,sp24,sp28,sp32,sp36,sp40,sp44
0x1E209,0x3,0x30D301,0x3,0x1E209,0x6AD11C,0x0,0x27FF60,0x304589,0x2B1858,0x6AD11C,0x30D2F9,0x6AD11C,0x30D2F9,0x6AD11C,0x30D2F9,0x6AD11C,0x30D2F9,0x6AD11C,0x30D2F9,0x6AD11C,0x30D2F9
event,app,handler,r0,r1,r2,r3,sp,lr,r9,sp0,sp4,sp8,sp12,sp16,sp20,sp24,sp28,sp32,sp36,sp40,sp44
0x1E209,0x9,0x305EB9,0x0,0x0,0x0,0x0,0x27FF60,0x304589,0x2B1858,0x6AD11C,0x30D2F9,0x6AD11C,0x30D2F9,0x6AD11C,0x30D2F9,0x6AD11C,0x30D2F9,0x6AD11C,0x30D2F9,0x6AD11C,0x30D2F9
event,app,handler,r0,r1,r2,r3,sp,lr,r9,sp0,sp4,sp8,sp12,sp16,sp20,sp24,sp28,sp32,sp36,sp40,sp44
0x1E201,0x3,0x30D301,0x3,0x1E201,0x6AD11C,0x0,0x27FF58,0x304589,0x2B1858,0x6AD11C,0x30D2F9,0x6AD11C,0x30D2F9,0x6AD11C,0x30D2F9,0x6AD11C,0x30D2F9,0x6AD11C,0x30D2F9,0x6AD11C,0x30D2F9
event,app,handler,r0,r1,r2,r3,sp,lr,r9,sp0,sp4,sp8,sp12,sp16,sp20,sp24,sp28,sp32,sp36,sp40,sp44
0x1E201,0x9,0x30D301,0x9,0x1E201,0x6AD11C,0x0,0x27FF50,0x304589,0x2B1858,0x6AD11C,0x30D2F9,0x6AD11C,0x30D2F9,0x6AD11C,0x30D2F9,0x6AD11C,0x30D2F9,0x6AD11C,0x30D2F9,0x6AD11C,0x30D2F9
event,app,handler,r0,r1,r2,r3,sp,lr,r9,sp0,sp4,sp8,sp12,sp16,sp20,sp24,sp28,sp32,sp36,sp40,sp44
0x1E201,0x6,0x30D301,0x6,0x1E201,0x6AD11C,0x0,0x27FF48,0x304589,0x2B1858,0x6AD11C,0x30D2F9,0x6AD11C,0x30D2F9,0x6AD11C,0x30D2F9,0x6AD11C,0x30D2F9,0x6AD11C,0x30D2F9,0x6AD11C,0x30D2F9
event,app,handler,r0,r1,r2,r3,sp,lr,r9,sp0,sp4,sp8,sp12,sp16,sp20,sp24,sp28,sp32,sp36,sp40,sp44
0x1E209,0x3,0x30D301,0x3,0x1E209,0x6AD11C,0x0,0x27FFA0,0x304589,0x2B1858,0x6AD11C,0x30D2F9,0x0,0x0,0x0,0x2,0x0,0x1E209,0x0,0x2B2030,0x0,0x30666F
event,app,handler,r0,r1,r2,r3,sp,lr,r9,sp0,sp4,sp8,sp12,sp16,sp20,sp24,sp28,sp32,sp36,sp40,sp44
0x1E209,0x9,0x30D2F9,0x6AD11C,0x69EF14,0x0,0x0,0x27FFA0,0x304589,0x2B1858,0x6AD11C,0x30D2F9,0x0,0x0,0x0,0x2,0x0,0x1E209,0x0,0x2B2030,0x0,0x30666F
event,app,handler,r0,r1,r2,r3,sp,lr,r9,sp0,sp4,sp8,sp12,sp16,sp20,sp24,sp28,sp32,sp36,sp40,sp44
0x1E209,0x9,0x30D301,0x9,0x1E209,0x6AD11C,0x0,0x27FF98,0x304589,0x2B1858,0x6AD11C,0x30D2F9,0x6AD11C,0x30D2F9,0x0,0x0,0x0,0x2,0x0,0x1E209,0x0,0x2B2030
event,app,handler,r0,r1,r2,r3,sp,lr,r9,sp0,sp4,sp8,sp12,sp16,sp20,sp24,sp28,sp32,sp36,sp40,sp44
0x1E209,0x9,0x305EB9,0x0,0x0,0x0,0x0,0x27FF98,0x304589,0x2B1858,0x6AD11C,0x30D2F9,0x6AD11C,0x30D2F9,0x0,0x0,0x0,0x2,0x0,0x1E209,0x0,0x2B2030
event,app,handler,r0,r1,r2,r3,sp,lr,r9,sp0,sp4,sp8,sp12,sp16,sp20,sp24,sp28,sp32,sp36,sp40,sp44
0x1E201,0x3,0x30D301,0x3,0x1E201,0x6AD11C,0x0,0x27FF90,0x304589,0x2B1858,0x6AD11C,0x30D2F9,0x6AD11C,0x30D2F9,0x6AD11C,0x30D2F9,0x0,0x0,0x0,0x2,0x0,0x1E209
event,app,handler,r0,r1,r2,r3,sp,lr,r9,sp0,sp4,sp8,sp12,sp16,sp20,sp24,sp28,sp32,sp36,sp40,sp44
0x1E201,0x9,0x30D301,0x9,0x1E201,0x6AD11C,0x0,0x27FF88,0x304589,0x2B1858,0x6AD11C,0x30D2F9,0x6AD11C,0x30D2F9,0x6AD11C,0x30D2F9,0x6AD11C,0x30D2F9,0x0,0x0,0x0,0x2
event,app,handler,r0,r1,r2,r3,sp,lr,r9,sp0,sp4,sp8,sp12,sp16,sp20,sp24,sp28,sp32,sp36,sp40,sp44
0x1E201,0x6,0x30D301,0x6,0x1E201,0x6AD11C,0x0,0x27FF80,0x304589,0x2B1858,0x6AD11C,0x30D2F9,0x6AD11C,0x30D2F9,0x6AD11C,0x30D2F9,0x6AD11C,0x30D2F9,0x6AD11C,0x30D2F9,0x0,0x0
event,app,handler,r0,r1,r2,r3,sp,lr,r9,sp0,sp4,sp8,sp12,sp16,sp20,sp24,sp28,sp32,sp36,sp40,sp44
0x1E201,0x5,0x30D301,0x5,0x1E201,0x6AD11C,0x0,0x27FF78,0x304589,0x2B1858,0x6AD11C,0x30D2F9,0x6AD11C,0x30D2F9,0x6AD11C,0x30D2F9,0x6AD11C,0x30D2F9,0x6AD11C,0x30D2F9,0x6AD11C,0x30D2F9
event,app,handler,r0,r1,r2,r3,sp,lr,r9,sp0,sp4,sp8,sp12,sp16,sp20,sp24,sp28,sp32,sp36,sp40,sp44
0x1E201,0x8,0x30D301,0x8,0x1E201,0x6AD11C,0x0,0x27FF70,0x304589,0x2B1858,0x6AD11C,0x30D2F9,0x6AD11C,0x30D2F9,0x6AD11C,0x30D2F9,0x6AD11C,0x30D2F9,0x6AD11C,0x30D2F9,0x6AD11C,0x30D2F9
event,app,handler,r0,r1,r2,r3,sp,lr,r9,sp0,sp4,sp8,sp12,sp16,sp20,sp24,sp28,sp32,sp36,sp40,sp44
0x1E209,0x2,0x30D301,0x2,0x1E209,0x6AD11C,0x0,0x27FF68,0x304589,0x2B1858,0x6AD11C,0x30D2F9,0x6AD11C,0x30D2F9,0x6AD11C,0x30D2F9,0x6AD11C,0x30D2F9,0x6AD11C,0x30D2F9,0x6AD11C,0x30D2F9
event,app,handler,r0,r1,r2,r3,sp,lr,r9,sp0,sp4,sp8,sp12,sp16,sp20,sp24,sp28,sp32,sp36,sp40,sp44
0x1E209,0x9,0x30D2F9,0x6AD11C,0x69EF14,0x0,0x0,0x27FF68,0x304589,0x2B1858,0x6AD11C,0x30D2F9,0x6AD11C,0x30D2F9,0x6AD11C,0x30D2F9,0x6AD11C,0x30D2F9,0x6AD11C,0x30D2F9,0x6AD11C,0x30D2F9
event,app,handler,r0,r1,r2,r3,sp,lr,r9,sp0,sp4,sp8,sp12,sp16,sp20,sp24,sp28,sp32,sp36,sp40,sp44
0x1E209,0x3,0x30D301,0x3,0x1E209,0x6AD11C,0x0,0x27FF60,0x304589,0x2B1858,0x6AD11C,0x30D2F9,0x6AD11C,0x30D2F9,0x6AD11C,0x30D2F9,0x6AD11C,0x30D2F9,0x6AD11C,0x30D2F9,0x6AD11C,0x30D2F9
event,app,handler,r0,r1,r2,r3,sp,lr,r9,sp0,sp4,sp8,sp12,sp16,sp20,sp24,sp28,sp32,sp36,sp40,sp44
0x1E209,0x9,0x305EB9,0x0,0x0,0x0,0x0,0x27FF60,0x304589,0x2B1858,0x6AD11C,0x30D2F9,0x6AD11C,0x30D2F9,0x6AD11C,0x30D2F9,0x6AD11C,0x30D2F9,0x6AD11C,0x30D2F9,0x6AD11C,0x30D2F9
event,app,handler,r0,r1,r2,r3,sp,lr,r9,sp0,sp4,sp8,sp12,sp16,sp20,sp24,sp28,sp32,sp36,sp40,sp44
0x1E201,0x3,0x30D301,0x3,0x1E201,0x6AD11C,0x0,0x27FF58,0x304589,0x2B1858,0x6AD11C,0x30D2F9,0x6AD11C,0x30D2F9,0x6AD11C,0x30D2F9,0x6AD11C,0x30D2F9,0x6AD11C,0x30D2F9,0x6AD11C,0x30D2F9
event,app,handler,r0,r1,r2,r3,sp,lr,r9,sp0,sp4,sp8,sp12,sp16,sp20,sp24,sp28,sp32,sp36,sp40,sp44
0x1E201,0x9,0x30D301,0x9,0x1E201,0x6AD11C,0x0,0x27FF50,0x304589,0x2B1858,0x6AD11C,0x30D2F9,0x6AD11C,0x30D2F9,0x6AD11C,0x30D2F9,0x6AD11C,0x30D2F9,0x6AD11C,0x30D2F9,0x6AD11C,0x30D2F9
event,app,handler,r0,r1,r2,r3,sp,lr,r9,sp0,sp4,sp8,sp12,sp16,sp20,sp24,sp28,sp32,sp36,sp40,sp44
0x1E201,0x6,0x30D301,0x6,0x1E201,0x6AD11C,0x0,0x27FF48,0x304589,0x2B1858,0x6AD11C,0x30D2F9,0x6AD11C,0x30D2F9,0x6AD11C,0x30D2F9,0x6AD11C,0x30D2F9,0x6AD11C,0x30D2F9,0x6AD11C,0x30D2F9
event,app,handler,r0,r1,r2,r3,sp,lr,r9,sp0,sp4,sp8,sp12,sp16,sp20,sp24,sp28,sp32,sp36,sp40,sp44
0x1E209,0x3,0x30D301,0x3,0x1E209,0x6AD11C,0x0,0x27FFA0,0x304589,0x2B1858,0x6AD11C,0x30D2F9,0x0,0x0,0x0,0x2,0x0,0x1E209,0x0,0x2B2030,0x0,0x30666F
event,app,handler,r0,r1,r2,r3,sp,lr,r9,sp0,sp4,sp8,sp12,sp16,sp20,sp24,sp28,sp32,sp36,sp40,sp44
0x1E209,0x9,0x30D2F9,0x6AD11C,0x69EF14,0x0,0x0,0x27FFA0,0x304589,0x2B1858,0x6AD11C,0x30D2F9,0x0,0x0,0x0,0x2,0x0,0x1E209,0x0,0x2B2030,0x0,0x30666F
event,app,handler,r0,r1,r2,r3,sp,lr,r9,sp0,sp4,sp8,sp12,sp16,sp20,sp24,sp28,sp32,sp36,sp40,sp44
0x1E209,0x9,0x30D301,0x9,0x1E209,0x6AD11C,0x0,0x27FF98,0x304589,0x2B1858,0x6AD11C,0x30D2F9,0x6AD11C,0x30D2F9,0x0,0x0,0x0,0x2,0x0,0x1E209,0x0,0x2B2030
event,app,handler,r0,r1,r2,r3,sp,lr,r9,sp0,sp4,sp8,sp12,sp16,sp20,sp24,sp28,sp32,sp36,sp40,sp44
0x1E209,0x9,0x305EB9,0x0,0x0,0x0,0x0,0x27FF98,0x304589,0x2B1858,0x6AD11C,0x30D2F9,0x6AD11C,0x30D2F9,0x0,0x0,0x0,0x2,0x0,0x1E209,0x0,0x2B2030
event,app,handler,r0,r1,r2,r3,sp,lr,r9,sp0,sp4,sp8,sp12,sp16,sp20,sp24,sp28,sp32,sp36,sp40,sp44
0x1E201,0x3,0x30D301,0x3,0x1E201,0x6AD11C,0x0,0x27FF90,0x304589,0x2B1858,0x6AD11C,0x30D2F9,0x6AD11C,0x30D2F9,0x6AD11C,0x30D2F9,0x0,0x0,0x0,0x2,0x0,0x1E209
event,app,handler,r0,r1,r2,r3,sp,lr,r9,sp0,sp4,sp8,sp12,sp16,sp20,sp24,sp28,sp32,sp36,sp40,sp44
0x1E201,0x9,0x30D301,0x9,0x1E201,0x6AD11C,0x0,0x27FF88,0x304589,0x2B1858,0x6AD11C,0x30D2F9,0x6AD11C,0x30D2F9,0x6AD11C,0x30D2F9,0x6AD11C,0x30D2F9,0x0,0x0,0x0,0x2
event,app,handler,r0,r1,r2,r3,sp,lr,r9,sp0,sp4,sp8,sp12,sp16,sp20,sp24,sp28,sp32,sp36,sp40,sp44
0x1E201,0x6,0x30D301,0x6,0x1E201,0x6AD11C,0x0,0x27FF80,0x304589,0x2B1858,0x6AD11C,0x30D2F9,0x6AD11C,0x30D2F9,0x6AD11C,0x30D2F9,0x6AD11C,0x30D2F9,0x6AD11C,0x30D2F9,0x0,0x0
event,app,handler,r0,r1,r2,r3,sp,lr,r9,sp0,sp4,sp8,sp12,sp16,sp20,sp24,sp28,sp32,sp36,sp40,sp44
0x1E201,0x5,0x30D301,0x5,0x1E201,0x6AD11C,0x0,0x27FF78,0x304589,0x2B1858,0x6AD11C,0x30D2F9,0x6AD11C,0x30D2F9,0x6AD11C,0x30D2F9,0x6AD11C,0x30D2F9,0x6AD11C,0x30D2F9,0x6AD11C,0x30D2F9
event,app,handler,r0,r1,r2,r3,sp,lr,r9,sp0,sp4,sp8,sp12,sp16,sp20,sp24,sp28,sp32,sp36,sp40,sp44
0x1E201,0x8,0x30D301,0x8,0x1E201,0x6AD11C,0x0,0x27FF70,0x304589,0x2B1858,0x6AD11C,0x30D2F9,0x6AD11C,0x30D2F9,0x6AD11C,0x30D2F9,0x6AD11C,0x30D2F9,0x6AD11C,0x30D2F9,0x6AD11C,0x30D2F9
event,app,handler,r0,r1,r2,r3,sp,lr,r9,sp0,sp4,sp8,sp12,sp16,sp20,sp24,sp28,sp32,sp36,sp40,sp44
0x1E209,0x2,0x30D301,0x2,0x1E209,0x6AD11C,0x0,0x27FF68,0x304589,0x2B1858,0x6AD11C,0x30D2F9,0x6AD11C,0x30D2F9,0x6AD11C,0x30D2F9,0x6AD11C,0x30D2F9,0x6AD11C,0x30D2F9,0x6AD11C,0x30D2F9
event,app,handler,r0,r1,r2,r3,sp,lr,r9,sp0,sp4,sp8,sp12,sp16,sp20,sp24,sp28,sp32,sp36,sp40,sp44
0x1E209,0x9,0x30D2F9,0x6AD11C,0x69EF14,0x0,0x0,0x27FF68,0x304589,0x2B1858,0x6AD11C,0x30D2F9,0x6AD11C,0x30D2F9,0x6AD11C,0x30D2F9,0x6AD11C,0x30D2F9,0x6AD11C,0x30D2F9,0x6AD11C,0x30D2F9
event,app,handler,r0,r1,r2,r3,sp,lr,r9,sp0,sp4,sp8,sp12,sp16,sp20,sp24,sp28,sp32,sp36,sp40,sp44
0x1E209,0x3,0x30D301,0x3,0x1E209,0x6AD11C,0x0,0x27FF60,0x304589,0x2B1858,0x6AD11C,0x30D2F9,0x6AD11C,0x30D2F9,0x6AD11C,0x30D2F9,0x6AD11C,0x30D2F9,0x6AD11C,0x30D2F9,0x6AD11C,0x30D2F9
event,app,handler,r0,r1,r2,r3,sp,lr,r9,sp0,sp4,sp8,sp12,sp16,sp20,sp24,sp28,sp32,sp36,sp40,sp44
0x1E209,0x9,0x305EB9,0x0,0x0,0x0,0x0,0x27FF60,0x304589,0x2B1858,0x6AD11C,0x30D2F9,0x6AD11C,0x30D2F9,0x6AD11C,0x30D2F9,0x6AD11C,0x30D2F9,0x6AD11C,0x30D2F9,0x6AD11C,0x30D2F9
event,app,handler,r0,r1,r2,r3,sp,lr,r9,sp0,sp4,sp8,sp12,sp16,sp20,sp24,sp28,sp32,sp36,sp40,sp44
0x1E201,0x3,0x30D301,0x3,0x1E201,0x6AD11C,0x0,0x27FF58,0x304589,0x2B1858,0x6AD11C,0x30D2F9,0x6AD11C,0x30D2F9,0x6AD11C,0x30D2F9,0x6AD11C,0x30D2F9,0x6AD11C,0x30D2F9,0x6AD11C,0x30D2F9
event,app,handler,r0,r1,r2,r3,sp,lr,r9,sp0,sp4,sp8,sp12,sp16,sp20,sp24,sp28,sp32,sp36,sp40,sp44
0x1E201,0x9,0x30D301,0x9,0x1E201,0x6AD11C,0x0,0x27FF50,0x304589,0x2B1858,0x6AD11C,0x30D2F9,0x6AD11C,0x30D2F9,0x6AD11C,0x30D2F9,0x6AD11C,0x30D2F9,0x6AD11C,0x30D2F9,0x6AD11C,0x30D2F9
event,app,handler,r0,r1,r2,r3,sp,lr,r9,sp0,sp4,sp8,sp12,sp16,sp20,sp24,sp28,sp32,sp36,sp40,sp44
0x1E201,0x6,0x30D301,0x6,0x1E201,0x6AD11C,0x0,0x27FF48,0x304589,0x2B1858,0x6AD11C,0x30D2F9,0x6AD11C,0x30D2F9,0x6AD11C,0x30D2F9,0x6AD11C,0x30D2F9,0x6AD11C,0x30D2F9,0x6AD11C,0x30D2F9
event,app,handler,r0,r1,r2,r3,sp,lr,r9,sp0,sp4,sp8,sp12,sp16,sp20,sp24,sp28,sp32,sp36,sp40,sp44
0x1E209,0x3,0x30D301,0x3,0x1E209,0x6AD11C,0x0,0x27FFA0,0x304589,0x2B1858,0x6AD11C,0x30D2F9,0x0,0x0,0x0,0x2,0x0,0x1E209,0x0,0x2B2030,0x0,0x30666F
event,app,handler,r0,r1,r2,r3,sp,lr,r9,sp0,sp4,sp8,sp12,sp16,sp20,sp24,sp28,sp32,sp36,sp40,sp44
0x1E209,0x9,0x30D2F9,0x6AD11C,0x69EF14,0x0,0x0,0x27FFA0,0x304589,0x2B1858,0x6AD11C,0x30D2F9,0x0,0x0,0x0,0x2,0x0,0x1E209,0x0,0x2B2030,0x0,0x30666F
event,app,handler,r0,r1,r2,r3,sp,lr,r9,sp0,sp4,sp8,sp12,sp16,sp20,sp24,sp28,sp32,sp36,sp40,sp44
0x1E209,0x9,0x30D301,0x9,0x1E209,0x6AD11C,0x0,0x27FF98,0x304589,0x2B1858,0x6AD11C,0x30D2F9,0x6AD11C,0x30D2F9,0x0,0x0,0x0,0x2,0x0,0x1E209,0x0,0x2B2030
event,app,handler,r0,r1,r2,r3,sp,lr,r9,sp0,sp4,sp8,sp12,sp16,sp20,sp24,sp28,sp32,sp36,sp40,sp44
0x1E209,0x9,0x305EB9,0x0,0x0,0x0,0x0,0x27FF98,0x304589,0x2B1858,0x6AD11C,0x30D2F9,0x6AD11C,0x30D2F9,0x0,0x0,0x0,0x2,0x0,0x1E209,0x0,0x2B2030
event,app,handler,r0,r1,r2,r3,sp,lr,r9,sp0,sp4,sp8,sp12,sp16,sp20,sp24,sp28,sp32,sp36,sp40,sp44
0x1E201,0x3,0x30D301,0x3,0x1E201,0x6AD11C,0x0,0x27FF90,0x304589,0x2B1858,0x6AD11C,0x30D2F9,0x6AD11C,0x30D2F9,0x6AD11C,0x30D2F9,0x0,0x0,0x0,0x2,0x0,0x1E209
event,app,handler,r0,r1,r2,r3,sp,lr,r9,sp0,sp4,sp8,sp12,sp16,sp20,sp24,sp28,sp32,sp36,sp40,sp44
0x1E201,0x9,0x30D301,0x9,0x1E201,0x6AD11C,0x0,0x27FF88,0x304589,0x2B1858,0x6AD11C,0x30D2F9,0x6AD11C,0x30D2F9,0x6AD11C,0x30D2F9,0x6AD11C,0x30D2F9,0x0,0x0,0x0,0x2
event,app,handler,r0,r1,r2,r3,sp,lr,r9,sp0,sp4,sp8,sp12,sp16,sp20,sp24,sp28,sp32,sp36,sp40,sp44
0x1E201,0x6,0x30D301,0x6,0x1E201,0x6AD11C,0x0,0x27FF80,0x304589,0x2B1858,0x6AD11C,0x30D2F9,0x6AD11C,0x30D2F9,0x6AD11C,0x30D2F9,0x6AD11C,0x30D2F9,0x6AD11C,0x30D2F9,0x0,0x0
event,app,handler,r0,r1,r2,r3,sp,lr,r9,sp0,sp4,sp8,sp12,sp16,sp20,sp24,sp28,sp32,sp36,sp40,sp44
0x1E201,0x5,0x30D301,0x5,0x1E201,0x6AD11C,0x0,0x27FF78,0x304589,0x2B1858,0x6AD11C,0x30D2F9,0x6AD11C,0x30D2F9,0x6AD11C,0x30D2F9,0x6AD11C,0x30D2F9,0x6AD11C,0x30D2F9,0x6AD11C,0x30D2F9
event,app,handler,r0,r1,r2,r3,sp,lr,r9,sp0,sp4,sp8,sp12,sp16,sp20,sp24,sp28,sp32,sp36,sp40,sp44
0x1E201,0x8,0x30D301,0x8,0x1E201,0x6AD11C,0x0,0x27FF70,0x304589,0x2B1858,0x6AD11C,0x30D2F9,0x6AD11C,0x30D2F9,0x6AD11C,0x30D2F9,0x6AD11C,0x30D2F9,0x6AD11C,0x30D2F9,0x6AD11C,0x30D2F9
event,app,handler,r0,r1,r2,r3,sp,lr,r9,sp0,sp4,sp8,sp12,sp16,sp20,sp24,sp28,sp32,sp36,sp40,sp44
0x1E209,0x2,0x30D301,0x2,0x1E209,0x6AD11C,0x0,0x27FF68,0x304589,0x2B1858,0x6AD11C,0x30D2F9,0x6AD11C,0x30D2F9,0x6AD11C,0x30D2F9,0x6AD11C,0x30D2F9,0x6AD11C,0x30D2F9,0x6AD11C,0x30D2F9
event,app,handler,r0,r1,r2,r3,sp,lr,r9,sp0,sp4,sp8,sp12,sp16,sp20,sp24,sp28,sp32,sp36,sp40,sp44
0x1E209,0x9,0x30D2F9,0x6AD11C,0x69EF14,0x0,0x0,0x27FF68,0x304589,0x2B1858,0x6AD11C,0x30D2F9,0x6AD11C,0x30D2F9,0x6AD11C,0x30D2F9,0x6AD11C,0x30D2F9,0x6AD11C,0x30D2F9,0x6AD11C,0x30D2F9
event,app,handler,r0,r1,r2,r3,sp,lr,r9,sp0,sp4,sp8,sp12,sp16,sp20,sp24,sp28,sp32,sp36,sp40,sp44
0x1E209,0x3,0x30D301,0x3,0x1E209,0x6AD11C,0x0,0x27FF60,0x304589,0x2B1858,0x6AD11C,0x30D2F9,0x6AD11C,0x30D2F9,0x6AD11C,0x30D2F9,0x6AD11C,0x30D2F9,0x6AD11C,0x30D2F9,0x6AD11C,0x30D2F9
event,app,handler,r0,r1,r2,r3,sp,lr,r9,sp0,sp4,sp8,sp12,sp16,sp20,sp24,sp28,sp32,sp36,sp40,sp44
0x1E209,0x9,0x305EB9,0x0,0x0,0x0,0x0,0x27FF60,0x304589,0x2B1858,0x6AD11C,0x30D2F9,0x6AD11C,0x30D2F9,0x6AD11C,0x30D2F9,0x6AD11C,0x30D2F9,0x6AD11C,0x30D2F9,0x6AD11C,0x30D2F9
event,app,handler,r0,r1,r2,r3,sp,lr,r9,sp0,sp4,sp8,sp12,sp16,sp20,sp24,sp28,sp32,sp36,sp40,sp44
0x1E201,0x3,0x30D301,0x3,0x1E201,0x6AD11C,0x0,0x27FF58,0x304589,0x2B1858,0x6AD11C,0x30D2F9,0x6AD11C,0x30D2F9,0x6AD11C,0x30D2F9,0x6AD11C,0x30D2F9,0x6AD11C,0x30D2F9,0x6AD11C,0x30D2F9
event,app,handler,r0,r1,r2,r3,sp,lr,r9,sp0,sp4,sp8,sp12,sp16,sp20,sp24,sp28,sp32,sp36,sp40,sp44
0x1E201,0x9,0x30D301,0x9,0x1E201,0x6AD11C,0x0,0x27FF50,0x304589,0x2B1858,0x6AD11C,0x30D2F9,0x6AD11C,0x30D2F9,0x6AD11C,0x30D2F9,0x6AD11C,0x30D2F9,0x6AD11C,0x30D2F9,0x6AD11C,0x30D2F9
event,app,handler,r0,r1,r2,r3,sp,lr,r9,sp0,sp4,sp8,sp12,sp16,sp20,sp24,sp28,sp32,sp36,sp40,sp44
0x1E201,0x6,0x30D301,0x6,0x1E201,0x6AD11C,0x0,0x27FF48,0x304589,0x2B1858,0x6AD11C,0x30D2F9,0x6AD11C,0x30D2F9,0x6AD11C,0x30D2F9,0x6AD11C,0x30D2F9,0x6AD11C,0x30D2F9,0x6AD11C,0x30D2F9
event,app,handler,r0,r1,r2,r3,sp,lr,r9,sp0,sp4,sp8,sp12,sp16,sp20,sp24,sp28,sp32,sp36,sp40,sp44
0x1E209,0x3,0x30D301,0x3,0x1E209,0x6AD11C,0x0,0x27FFA0,0x304589,0x2B1858,0x6AD11C,0x30D2F9,0x0,0x0,0x0,0x2,0x0,0x1E209,0x0,0x2B2030,0x0,0x30666F
event,app,handler,r0,r1,r2,r3,sp,lr,r9,sp0,sp4,sp8,sp12,sp16,sp20,sp24,sp28,sp32,sp36,sp40,sp44
0x1E209,0x9,0x30D2F9,0x6AD11C,0x69EF14,0x0,0x0,0x27FFA0,0x304589,0x2B1858,0x6AD11C,0x30D2F9,0x0,0x0,0x0,0x2,0x0,0x1E209,0x0,0x2B2030,0x0,0x30666F
event,app,handler,r0,r1,r2,r3,sp,lr,r9,sp0,sp4,sp8,sp12,sp16,sp20,sp24,sp28,sp32,sp36,sp40,sp44
0x1E209,0x9,0x30D301,0x9,0x1E209,0x6AD11C,0x0,0x27FF98,0x304589,0x2B1858,0x6AD11C,0x30D2F9,0x6AD11C,0x30D2F9,0x0,0x0,0x0,0x2,0x0,0x1E209,0x0,0x2B2030
event,app,handler,r0,r1,r2,r3,sp,lr,r9,sp0,sp4,sp8,sp12,sp16,sp20,sp24,sp28,sp32,sp36,sp40,sp44
0x1E209,0x9,0x305EB9,0x0,0x0,0x0,0x0,0x27FF98,0x304589,0x2B1858,0x6AD11C,0x30D2F9,0x6AD11C,0x30D2F9,0x0,0x0,0x0,0x2,0x0,0x1E209,0x0,0x2B2030
event,app,handler,r0,r1,r2,r3,sp,lr,r9,sp0,sp4,sp8,sp12,sp16,sp20,sp24,sp28,sp32,sp36,sp40,sp44
0x1E201,0x3,0x30D301,0x3,0x1E201,0x6AD11C,0x0,0x27FF90,0x304589,0x2B1858,0x6AD11C,0x30D2F9,0x6AD11C,0x30D2F9,0x6AD11C,0x30D2F9,0x0,0x0,0x0,0x2,0x0,0x1E209
event,app,handler,r0,r1,r2,r3,sp,lr,r9,sp0,sp4,sp8,sp12,sp16,sp20,sp24,sp28,sp32,sp36,sp40,sp44
0x1E201,0x9,0x30D301,0x9,0x1E201,0x6AD11C,0x0,0x27FF88,0x304589,0x2B1858,0x6AD11C,0x30D2F9,0x6AD11C,0x30D2F9,0x6AD11C,0x30D2F9,0x6AD11C,0x30D2F9,0x0,0x0,0x0,0x2
event,app,handler,r0,r1,r2,r3,sp,lr,r9,sp0,sp4,sp8,sp12,sp16,sp20,sp24,sp28,sp32,sp36,sp40,sp44
0x1E201,0x6,0x30D301,0x6,0x1E201,0x6AD11C,0x0,0x27FF80,0x304589,0x2B1858,0x6AD11C,0x30D2F9,0x6AD11C,0x30D2F9,0x6AD11C,0x30D2F9,0x6AD11C,0x30D2F9,0x6AD11C,0x30D2F9,0x0,0x0
event,app,handler,r0,r1,r2,r3,sp,lr,r9,sp0,sp4,sp8,sp12,sp16,sp20,sp24,sp28,sp32,sp36,sp40,sp44
0x1E201,0x5,0x30D301,0x5,0x1E201,0x6AD11C,0x0,0x27FF78,0x304589,0x2B1858,0x6AD11C,0x30D2F9,0x6AD11C,0x30D2F9,0x6AD11C,0x30D2F9,0x6AD11C,0x30D2F9,0x6AD11C,0x30D2F9,0x6AD11C,0x30D2F9
event,app,handler,r0,r1,r2,r3,sp,lr,r9,sp0,sp4,sp8,sp12,sp16,sp20,sp24,sp28,sp32,sp36,sp40,sp44
0x1E201,0x8,0x30D301,0x8,0x1E201,0x6AD11C,0x0,0x27FF70,0x304589,0x2B1858,0x6AD11C,0x30D2F9,0x6AD11C,0x30D2F9,0x6AD11C,0x30D2F9,0x6AD11C,0x30D2F9,0x6AD11C,0x30D2F9,0x6AD11C,0x30D2F9
event,app,handler,r0,r1,r2,r3,sp,lr,r9,sp0,sp4,sp8,sp12,sp16,sp20,sp24,sp28,sp32,sp36,sp40,sp44
0x1E209,0x2,0x30D301,0x2,0x1E209,0x6AD11C,0x0,0x27FF68,0x304589,0x2B1858,0x6AD11C,0x30D2F9,0x6AD11C,0x30D2F9,0x6AD11C,0x30D2F9,0x6AD11C,0x30D2F9,0x6AD11C,0x30D2F9,0x6AD11C,0x30D2F9
event,app,handler,r0,r1,r2,r3,sp,lr,r9,sp0,sp4,sp8,sp12,sp16,sp20,sp24,sp28,sp32,sp36,sp40,sp44
0x1E209,0x9,0x30D2F9,0x6AD11C,0x69EF14,0x0,0x0,0x27FF68,0x304589,0x2B1858,0x6AD11C,0x30D2F9,0x6AD11C,0x30D2F9,0x6AD11C,0x30D2F9,0x6AD11C,0x30D2F9,0x6AD11C,0x30D2F9,0x6AD11C,0x30D2F9
event,app,handler,r0,r1,r2,r3,sp,lr,r9,sp0,sp4,sp8,sp12,sp16,sp20,sp24,sp28,sp32,sp36,sp40,sp44
0x1E209,0x3,0x30D301,0x3,0x1E209,0x6AD11C,0x0,0x27FF60,0x304589,0x2B1858,0x6AD11C,0x30D2F9,0x6AD11C,0x30D2F9,0x6AD11C,0x30D2F9,0x6AD11C,0x30D2F9,0x6AD11C,0x30D2F9,0x6AD11C,0x30D2F9
event,app,handler,r0,r1,r2,r3,sp,lr,r9,sp0,sp4,sp8,sp12,sp16,sp20,sp24,sp28,sp32,sp36,sp40,sp44
0x1E209,0x9,0x305EB9,0x0,0x0,0x0,0x0,0x27FF60,0x304589,0x2B1858,0x6AD11C,0x30D2F9,0x6AD11C,0x30D2F9,0x6AD11C,0x30D2F9,0x6AD11C,0x30D2F9,0x6AD11C,0x30D2F9,0x6AD11C,0x30D2F9
event,app,handler,r0,r1,r2,r3,sp,lr,r9,sp0,sp4,sp8,sp12,sp16,sp20,sp24,sp28,sp32,sp36,sp40,sp44
0x1E201,0x3,0x30D301,0x3,0x1E201,0x6AD11C,0x0,0x27FF58,0x304589,0x2B1858,0x6AD11C,0x30D2F9,0x6AD11C,0x30D2F9,0x6AD11C,0x30D2F9,0x6AD11C,0x30D2F9,0x6AD11C,0x30D2F9,0x6AD11C,0x30D2F9
event,app,handler,r0,r1,r2,r3,sp,lr,r9,sp0,sp4,sp8,sp12,sp16,sp20,sp24,sp28,sp32,sp36,sp40,sp44
0x1E201,0x9,0x30D301,0x9,0x1E201,0x6AD11C,0x0,0x27FF50,0x304589,0x2B1858,0x6AD11C,0x30D2F9,0x6AD11C,0x30D2F9,0x6AD11C,0x30D2F9,0x6AD11C,0x30D2F9,0x6AD11C,0x30D2F9,0x6AD11C,0x30D2F9
event,app,handler,r0,r1,r2,r3,sp,lr,r9,sp0,sp4,sp8,sp12,sp16,sp20,sp24,sp28,sp32,sp36,sp40,sp44
0x1E201,0x6,0x30D301,0x6,0x1E201,0x6AD11C,0x0,0x27FF48,0x304589,0x2B1858,0x6AD11C,0x30D2F9,0x6AD11C,0x30D2F9,0x6AD11C,0x30D2F9,0x6AD11C,0x30D2F9,0x6AD11C,0x30D2F9,0x6AD11C,0x30D2F9
event,app,handler,r0,r1,r2,r3,sp,lr,r9,sp0,sp4,sp8,sp12,sp16,sp20,sp24,sp28,sp32,sp36,sp40,sp44
0x1E209,0x3,0x30D301,0x3,0x1E209,0x6AD11C,0x0,0x27FFA0,0x304589,0x2B1858,0x6AD11C,0x30D2F9,0x0,0x0,0x0,0x2,0x0,0x1E209,0x0,0x2B2030,0x0,0x30666F
event,app,handler,r0,r1,r2,r3,sp,lr,r9,sp0,sp4,sp8,sp12,sp16,sp20,sp24,sp28,sp32,sp36,sp40,sp44
0x1E209,0x9,0x30D2F9,0x6AD11C,0x69EF14,0x0,0x0,0x27FFA0,0x304589,0x2B1858,0x6AD11C,0x30D2F9,0x0,0x0,0x0,0x2,0x0,0x1E209,0x0,0x2B2030,0x0,0x30666F
event,app,handler,r0,r1,r2,r3,sp,lr,r9,sp0,sp4,sp8,sp12,sp16,sp20,sp24,sp28,sp32,sp36,sp40,sp44
0x1E209,0x9,0x30D301,0x9,0x1E209,0x6AD11C,0x0,0x27FF98,0x304589,0x2B1858,0x6AD11C,0x30D2F9,0x6AD11C,0x30D2F9,0x0,0x0,0x0,0x2,0x0,0x1E209,0x0,0x2B2030
event,app,handler,r0,r1,r2,r3,sp,lr,r9,sp0,sp4,sp8,sp12,sp16,sp20,sp24,sp28,sp32,sp36,sp40,sp44
0x1E209,0x9,0x305EB9,0x0,0x0,0x0,0x0,0x27FF98,0x304589,0x2B1858,0x6AD11C,0x30D2F9,0x6AD11C,0x30D2F9,0x0,0x0,0x0,0x2,0x0,0x1E209,0x0,0x2B2030
event,app,handler,r0,r1,r2,r3,sp,lr,r9,sp0,sp4,sp8,sp12,sp16,sp20,sp24,sp28,sp32,sp36,sp40,sp44
0x1E209,0x3,0x30D301,0x3,0x1E209,0x6AD11C,0x0,0x27FFA0,0x304589,0x2B1858,0x6AD11C,0x30D2F9,0x0,0x0,0x0,0x2,0x0,0x1E209,0x0,0x2B2030,0x0,0x30666F
event,app,handler,r0,r1,r2,r3,sp,lr,r9,sp0,sp4,sp8,sp12,sp16,sp20,sp24,sp28,sp32,sp36,sp40,sp44
0x1E209,0x3,0x30D301,0x3,0x1E209,0x6AD11C,0x0,0x27FFA0,0x304589,0x2B1858,0x6AD11C,0x30D2F9,0x0,0x0,0x0,0x2,0x0,0x1E209,0x0,0x2B2030,0x0,0x30666F
event,app,handler,r0,r1,r2,r3,sp,lr,r9,sp0,sp4,sp8,sp12,sp16,sp20,sp24,sp28,sp32,sp36,sp40,sp44
0x1E209,0x9,0x30D2F9,0x6AD11C,0x69EF14,0x0,0x0,0x27FFA0,0x304589,0x2B1858,0x6AD11C,0x30D2F9,0x0,0x0,0x0,0x2,0x0,0x1E209,0x0,0x2B2030,0x0,0x30666F
event,app,handler,r0,r1,r2,r3,sp,lr,r9,sp0,sp4,sp8,sp12,sp16,sp20,sp24,sp28,sp32,sp36,sp40,sp44
0x1E209,0x9,0x30D301,0x9,0x1E209,0x6AD11C,0x0,0x27FF98,0x304589,0x2B1858,0x6AD11C,0x30D2F9,0x6AD11C,0x30D2F9,0x0,0x0,0x0,0x2,0x0,0x1E209,0x0,0x2B2030
event,app,handler,r0,r1,r2,r3,sp,lr,r9,sp0,sp4,sp8,sp12,sp16,sp20,sp24,sp28,sp32,sp36,sp40,sp44
0x1E209,0x9,0x305EB9,0x0,0x0,0x0,0x0,0x27FF98,0x304589,0x2B1858,0x6AD11C,0x30D2F9,0x6AD11C,0x30D2F9,0x0,0x0,0x0,0x2,0x0,0x1E209,0x0,0x2B2030
event,app,handler,r0,r1,r2,r3,sp,lr,r9,sp0,sp4,sp8,sp12,sp16,sp20,sp24,sp28,sp32,sp36,sp40,sp44
0x1E201,0x3,0x30D301,0x3,0x1E201,0x6AD11C,0x0,0x27FF90,0x304589,0x2B1858,0x6AD11C,0x30D2F9,0x6AD11C,0x30D2F9,0x6AD11C,0x30D2F9,0x0,0x0,0x0,0x2,0x0,0x1E209
event,app,handler,r0,r1,r2,r3,sp,lr,r9,sp0,sp4,sp8,sp12,sp16,sp20,sp24,sp28,sp32,sp36,sp40,sp44
0x1E201,0x9,0x30D301,0x9,0x1E201,0x6AD11C,0x0,0x27FF88,0x304589,0x2B1858,0x6AD11C,0x30D2F9,0x6AD11C,0x30D2F9,0x6AD11C,0x30D2F9,0x6AD11C,0x30D2F9,0x0,0x0,0x0,0x2
event,app,handler,r0,r1,r2,r3,sp,lr,r9,sp0,sp4,sp8,sp12,sp16,sp20,sp24,sp28,sp32,sp36,sp40,sp44
0x1E201,0x6,0x30D301,0x6,0x1E201,0x6AD11C,0x0,0x27FF80,0x304589,0x2B1858,0x6AD11C,0x30D2F9,0x6AD11C,0x30D2F9,0x6AD11C,0x30D2F9,0x6AD11C,0x30D2F9,0x6AD11C,0x30D2F9,0x0,0x0
event,app,handler,r0,r1,r2,r3,sp,lr,r9,sp0,sp4,sp8,sp12,sp16,sp20,sp24,sp28,sp32,sp36,sp40,sp44
0x1E201,0x5,0x30D301,0x5,0x1E201,0x6AD11C,0x0,0x27FF78,0x304589,0x2B1858,0x6AD11C,0x30D2F9,0x6AD11C,0x30D2F9,0x6AD11C,0x30D2F9,0x6AD11C,0x30D2F9,0x6AD11C,0x30D2F9,0x6AD11C,0x30D2F9
event,app,handler,r0,r1,r2,r3,sp,lr,r9,sp0,sp4,sp8,sp12,sp16,sp20,sp24,sp28,sp32,sp36,sp40,sp44
0x1E201,0x8,0x30D301,0x8,0x1E201,0x6AD11C,0x0,0x27FF70,0x304589,0x2B1858,0x6AD11C,0x30D2F9,0x6AD11C,0x30D2F9,0x6AD11C,0x30D2F9,0x6AD11C,0x30D2F9,0x6AD11C,0x30D2F9,0x6AD11C,0x30D2F9
event,app,handler,r0,r1,r2,r3,sp,lr,r9,sp0,sp4,sp8,sp12,sp16,sp20,sp24,sp28,sp32,sp36,sp40,sp44
0x1E209,0x2,0x30D301,0x2,0x1E209,0x6AD11C,0x0,0x27FF68,0x304589,0x2B1858,0x6AD11C,0x30D2F9,0x6AD11C,0x30D2F9,0x6AD11C,0x30D2F9,0x6AD11C,0x30D2F9,0x6AD11C,0x30D2F9,0x6AD11C,0x30D2F9
event,app,handler,r0,r1,r2,r3,sp,lr,r9,sp0,sp4,sp8,sp12,sp16,sp20,sp24,sp28,sp32,sp36,sp40,sp44
0x1E209,0x3,0x30D301,0x3,0x1E209,0x6AD11C,0x0,0x27FFA0,0x304589,0x2B1858,0x6AD11C,0x30D2F9,0x0,0x0,0x0,0x2,0x0,0x1E209,0x0,0x2B2030,0x0,0x30666F
event,app,handler,r0,r1,r2,r3,sp,lr,r9,sp0,sp4,sp8,sp12,sp16,sp20,sp24,sp28,sp32,sp36,sp40,sp44
0x1E209,0x9,0x30D2F9,0x6AD11C,0x69EF14,0x0,0x0,0x27FFA0,0x304589,0x2B1858,0x6AD11C,0x30D2F9,0x0,0x0,0x0,0x2,0x0,0x1E209,0x0,0x2B2030,0x0,0x30666F
event,app,handler,r0,r1,r2,r3,sp,lr,r9,sp0,sp4,sp8,sp12,sp16,sp20,sp24,sp28,sp32,sp36,sp40,sp44
0x1E209,0x9,0x30D301,0x9,0x1E209,0x6AD11C,0x0,0x27FF98,0x304589,0x2B1858,0x6AD11C,0x30D2F9,0x6AD11C,0x30D2F9,0x0,0x0,0x0,0x2,0x0,0x1E209,0x0,0x2B2030
event,app,handler,r0,r1,r2,r3,sp,lr,r9,sp0,sp4,sp8,sp12,sp16,sp20,sp24,sp28,sp32,sp36,sp40,sp44
0x1E209,0x9,0x305EB9,0x0,0x0,0x0,0x0,0x27FF98,0x304589,0x2B1858,0x6AD11C,0x30D2F9,0x6AD11C,0x30D2F9,0x0,0x0,0x0,0x2,0x0,0x1E209,0x0,0x2B2030
event,app,handler,r0,r1,r2,r3,sp,lr,r9,sp0,sp4,sp8,sp12,sp16,sp20,sp24,sp28,sp32,sp36,sp40,sp44
0x1E201,0x3,0x30D301,0x3,0x1E201,0x6AD11C,0x0,0x27FF90,0x304589,0x2B1858,0x6AD11C,0x30D2F9,0x6AD11C,0x30D2F9,0x6AD11C,0x30D2F9,0x0,0x0,0x0,0x2,0x0,0x1E209
event,app,handler,r0,r1,r2,r3,sp,lr,r9,sp0,sp4,sp8,sp12,sp16,sp20,sp24,sp28,sp32,sp36,sp40,sp44
0x1E201,0x9,0x30D301,0x9,0x1E201,0x6AD11C,0x0,0x27FF88,0x304589,0x2B1858,0x6AD11C,0x30D2F9,0x6AD11C,0x30D2F9,0x6AD11C,0x30D2F9,0x6AD11C,0x30D2F9,0x0,0x0,0x0,0x2
event,app,handler,r0,r1,r2,r3,sp,lr,r9,sp0,sp4,sp8,sp12,sp16,sp20,sp24,sp28,sp32,sp36,sp40,sp44
0x1E201,0x6,0x30D301,0x6,0x1E201,0x6AD11C,0x0,0x27FF80,0x304589,0x2B1858,0x6AD11C,0x30D2F9,0x6AD11C,0x30D2F9,0x6AD11C,0x30D2F9,0x6AD11C,0x30D2F9,0x6AD11C,0x30D2F9,0x0,0x0
event,app,handler,r0,r1,r2,r3,sp,lr,r9,sp0,sp4,sp8,sp12,sp16,sp20,sp24,sp28,sp32,sp36,sp40,sp44
0x1E209,0x9,0x30D301,0x9,0x1E209,0x0,0x0,0x27FFA8,0x304589,0x2B1858,0x0,0x0,0x0,0x2,0x0,0x1E209,0x0,0x2B2030,0x0,0x30666F,0x0,0x0
event,app,handler,r0,r1,r2,r3,sp,lr,r9,sp0,sp4,sp8,sp12,sp16,sp20,sp24,sp28,sp32,sp36,sp40,sp44
0x1E209,0x3,0x30D301,0x3,0x1E209,0x6AD11C,0x0,0x27FFA0,0x304589,0x2B1858,0x6AD11C,0x30D2F9,0x0,0x0,0x0,0x2,0x0,0x1E209,0x0,0x2B2030,0x0,0x30666F
event,app,handler,r0,r1,r2,r3,sp,lr,r9,sp0,sp4,sp8,sp12,sp16,sp20,sp24,sp28,sp32,sp36,sp40,sp44
0x1E209,0x9,0x30D2F9,0x6AD11C,0x69EF14,0x0,0x0,0x27FFA0,0x304589,0x2B1858,0x6AD11C,0x30D2F9,0x0,0x0,0x0,0x2,0x0,0x1E209,0x0,0x2B2030,0x0,0x30666F
event,app,handler,r0,r1,r2,r3,sp,lr,r9,sp0,sp4,sp8,sp12,sp16,sp20,sp24,sp28,sp32,sp36,sp40,sp44
0x1E209,0x9,0x30D301,0x9,0x1E209,0x6AD11C,0x0,0x27FF98,0x304589,0x2B1858,0x6AD11C,0x30D2F9,0x6AD11C,0x30D2F9,0x0,0x0,0x0,0x2,0x0,0x1E209,0x0,0x2B2030
event,app,handler,r0,r1,r2,r3,sp,lr,r9,sp0,sp4,sp8,sp12,sp16,sp20,sp24,sp28,sp32,sp36,sp40,sp44
0x1E209,0x9,0x305EB9,0x0,0x0,0x0,0x0,0x27FF98,0x304589,0x2B1858,0x6AD11C,0x30D2F9,0x6AD11C,0x30D2F9,0x0,0x0,0x0,0x2,0x0,0x1E209,0x0,0x2B2030
event,app,handler,r0,r1,r2,r3,sp,lr,r9,sp0,sp4,sp8,sp12,sp16,sp20,sp24,sp28,sp32,sp36,sp40,sp44
0x1E201,0x3,0x30D301,0x3,0x1E201,0x6AD11C,0x0,0x27FF90,0x304589,0x2B1858,0x6AD11C,0x30D2F9,0x6AD11C,0x30D2F9,0x6AD11C,0x30D2F9,0x0,0x0,0x0,0x2,0x0,0x1E209
event,app,handler,r0,r1,r2,r3,sp,lr,r9,sp0,sp4,sp8,sp12,sp16,sp20,sp24,sp28,sp32,sp36,sp40,sp44
0x1E201,0x9,0x30D301,0x9,0x1E201,0x6AD11C,0x0,0x27FF88,0x304589,0x2B1858,0x6AD11C,0x30D2F9,0x6AD11C,0x30D2F9,0x6AD11C,0x30D2F9,0x6AD11C,0x30D2F9,0x0,0x0,0x0,0x2
event,app,handler,r0,r1,r2,r3,sp,lr,r9,sp0,sp4,sp8,sp12,sp16,sp20,sp24,sp28,sp32,sp36,sp40,sp44
0x1E201,0x6,0x30D301,0x6,0x1E201,0x6AD11C,0x0,0x27FF80,0x304589,0x2B1858,0x6AD11C,0x30D2F9,0x6AD11C,0x30D2F9,0x6AD11C,0x30D2F9,0x6AD11C,0x30D2F9,0x6AD11C,0x30D2F9,0x0,0x0
event,app,handler,r0,r1,r2,r3,sp,lr,r9,sp0,sp4,sp8,sp12,sp16,sp20,sp24,sp28,sp32,sp36,sp40,sp44
0x1E201,0x5,0x30D301,0x5,0x1E201,0x6AD11C,0x0,0x27FF78,0x304589,0x2B1858,0x6AD11C,0x30D2F9,0x6AD11C,0x30D2F9,0x6AD11C,0x30D2F9,0x6AD11C,0x30D2F9,0x6AD11C,0x30D2F9,0x6AD11C,0x30D2F9
event,app,handler,r0,r1,r2,r3,sp,lr,r9,sp0,sp4,sp8,sp12,sp16,sp20,sp24,sp28,sp32,sp36,sp40,sp44
0x1E201,0x8,0x30D301,0x8,0x1E201,0x6AD11C,0x0,0x27FF70,0x304589,0x2B1858,0x6AD11C,0x30D2F9,0x6AD11C,0x30D2F9,0x6AD11C,0x30D2F9,0x6AD11C,0x30D2F9,0x6AD11C,0x30D2F9,0x6AD11C,0x30D2F9
event,app,handler,r0,r1,r2,r3,sp,lr,r9,sp0,sp4,sp8,sp12,sp16,sp20,sp24,sp28,sp32,sp36,sp40,sp44
0x1E209,0x2,0x30D301,0x2,0x1E209,0x6AD11C,0x0,0x27FF68,0x304589,0x2B1858,0x6AD11C,0x30D2F9,0x6AD11C,0x30D2F9,0x6AD11C,0x30D2F9,0x6AD11C,0x30D2F9,0x6AD11C,0x30D2F9,0x6AD11C,0x30D2F9
event,app,handler,r0,r1,r2,r3,sp,lr,r9,sp0,sp4,sp8,sp12,sp16,sp20,sp24,sp28,sp32,sp36,sp40,sp44
0x1E209,0x9,0x30D2F9,0x6AD11C,0x69EF14,0x0,0x0,0x27FF68,0x304589,0x2B1858,0x6AD11C,0x30D2F9,0x6AD11C,0x30D2F9,0x6AD11C,0x30D2F9,0x6AD11C,0x30D2F9,0x6AD11C,0x30D2F9,0x6AD11C,0x30D2F9
event,app,handler,r0,r1,r2,r3,sp,lr,r9,sp0,sp4,sp8,sp12,sp16,sp20,sp24,sp28,sp32,sp36,sp40,sp44
0x1E209,0x3,0x30D301,0x3,0x1E209,0x6AD11C,0x0,0x27FF60,0x304589,0x2B1858,0x6AD11C,0x30D2F9,0x6AD11C,0x30D2F9,0x6AD11C,0x30D2F9,0x6AD11C,0x30D2F9,0x6AD11C,0x30D2F9,0x6AD11C,0x30D2F9
event,app,handler,r0,r1,r2,r3,sp,lr,r9,sp0,sp4,sp8,sp12,sp16,sp20,sp24,sp28,sp32,sp36,sp40,sp44
0x1E209,0x9,0x305EB9,0x0,0x0,0x0,0x0,0x27FF60,0x304589,0x2B1858,0x6AD11C,0x30D2F9,0x6AD11C,0x30D2F9,0x6AD11C,0x30D2F9,0x6AD11C,0x30D2F9,0x6AD11C,0x30D2F9,0x6AD11C,0x30D2F9
event,app,handler,r0,r1,r2,r3,sp,lr,r9,sp0,sp4,sp8,sp12,sp16,sp20,sp24,sp28,sp32,sp36,sp40,sp44
0x1E201,0x3,0x30D301,0x3,0x1E201,0x6AD11C,0x0,0x27FF58,0x304589,0x2B1858,0x6AD11C,0x30D2F9,0x6AD11C,0x30D2F9,0x6AD11C,0x30D2F9,0x6AD11C,0x30D2F9,0x6AD11C,0x30D2F9,0x6AD11C,0x30D2F9
event,app,handler,r0,r1,r2,r3,sp,lr,r9,sp0,sp4,sp8,sp12,sp16,sp20,sp24,sp28,sp32,sp36,sp40,sp44
0x1E201,0x9,0x30D301,0x9,0x1E201,0x6AD11C,0x0,0x27FF50,0x304589,0x2B1858,0x6AD11C,0x30D2F9,0x6AD11C,0x30D2F9,0x6AD11C,0x30D2F9,0x6AD11C,0x30D2F9,0x6AD11C,0x30D2F9,0x6AD11C,0x30D2F9
event,app,handler,r0,r1,r2,r3,sp,lr,r9,sp0,sp4,sp8,sp12,sp16,sp20,sp24,sp28,sp32,sp36,sp40,sp44
0x1E201,0x6,0x30D301,0x6,0x1E201,0x6AD11C,0x0,0x27FF48,0x304589,0x2B1858,0x6AD11C,0x30D2F9,0x6AD11C,0x30D2F9,0x6AD11C,0x30D2F9,0x6AD11C,0x30D2F9,0x6AD11C,0x30D2F9,0x6AD11C,0x30D2F9
event,app,handler,r0,r1,r2,r3,sp,lr,r9,sp0,sp4,sp8,sp12,sp16,sp20,sp24,sp28,sp32,sp36,sp40,sp44
0x1E209,0x9,0x30D301,0x9,0x1E209,0x0,0x0,0x27FFA8,0x304589,0x2B1858,0x0,0x0,0x0,0x2,0x0,0x1E209,0x0,0x2B2030,0x0,0x30666F,0x0,0x0
event,app,handler,r0,r1,r2,r3,sp,lr,r9,sp0,sp4,sp8,sp12,sp16,sp20,sp24,sp28,sp32,sp36,sp40,sp44
0x1E209,0x3,0x30D301,0x3,0x1E209,0x6AD11C,0x0,0x27FFA0,0x304589,0x2B1858,0x6AD11C,0x30D2F9,0x0,0x0,0x0,0x2,0x0,0x1E209,0x0,0x2B2030,0x0,0x30666F
event,app,handler,r0,r1,r2,r3,sp,lr,r9,sp0,sp4,sp8,sp12,sp16,sp20,sp24,sp28,sp32,sp36,sp40,sp44
0x1E209,0x9,0x30D2F9,0x6AD11C,0x69EF14,0x0,0x0,0x27FFA0,0x304589,0x2B1858,0x6AD11C,0x30D2F9,0x0,0x0,0x0,0x2,0x0,0x1E209,0x0,0x2B2030,0x0,0x30666F
event,app,handler,r0,r1,r2,r3,sp,lr,r9,sp0,sp4,sp8,sp12,sp16,sp20,sp24,sp28,sp32,sp36,sp40,sp44
0x1E209,0x9,0x30D301,0x9,0x1E209,0x6AD11C,0x0,0x27FF98,0x304589,0x2B1858,0x6AD11C,0x30D2F9,0x6AD11C,0x30D2F9,0x0,0x0,0x0,0x2,0x0,0x1E209,0x0,0x2B2030
event,app,handler,r0,r1,r2,r3,sp,lr,r9,sp0,sp4,sp8,sp12,sp16,sp20,sp24,sp28,sp32,sp36,sp40,sp44
0x1E209,0x9,0x305EB9,0x0,0x0,0x0,0x0,0x27FF98,0x304589,0x2B1858,0x6AD11C,0x30D2F9,0x6AD11C,0x30D2F9,0x0,0x0,0x0,0x2,0x0,0x1E209,0x0,0x2B2030
event,app,handler,r0,r1,r2,r3,sp,lr,r9,sp0,sp4,sp8,sp12,sp16,sp20,sp24,sp28,sp32,sp36,sp40,sp44
0x1E201,0x3,0x30D301,0x3,0x1E201,0x6AD11C,0x0,0x27FF90,0x304589,0x2B1858,0x6AD11C,0x30D2F9,0x6AD11C,0x30D2F9,0x6AD11C,0x30D2F9,0x0,0x0,0x0,0x2,0x0,0x1E209
event,app,handler,r0,r1,r2,r3,sp,lr,r9,sp0,sp4,sp8,sp12,sp16,sp20,sp24,sp28,sp32,sp36,sp40,sp44
0x1E201,0x9,0x30D301,0x9,0x1E201,0x6AD11C,0x0,0x27FF88,0x304589,0x2B1858,0x6AD11C,0x30D2F9,0x6AD11C,0x30D2F9,0x6AD11C,0x30D2F9,0x6AD11C,0x30D2F9,0x0,0x0,0x0,0x2
event,app,handler,r0,r1,r2,r3,sp,lr,r9,sp0,sp4,sp8,sp12,sp16,sp20,sp24,sp28,sp32,sp36,sp40,sp44
0x1E201,0x6,0x30D301,0x6,0x1E201,0x6AD11C,0x0,0x27FF80,0x304589,0x2B1858,0x6AD11C,0x30D2F9,0x6AD11C,0x30D2F9,0x6AD11C,0x30D2F9,0x6AD11C,0x30D2F9,0x6AD11C,0x30D2F9,0x0,0x0
event,app,handler,r0,r1,r2,r3,sp,lr,r9,sp0,sp4,sp8,sp12,sp16,sp20,sp24,sp28,sp32,sp36,sp40,sp44
0x1E201,0x5,0x30D301,0x5,0x1E201,0x6AD11C,0x0,0x27FF78,0x304589,0x2B1858,0x6AD11C,0x30D2F9,0x6AD11C,0x30D2F9,0x6AD11C,0x30D2F9,0x6AD11C,0x30D2F9,0x6AD11C,0x30D2F9,0x6AD11C,0x30D2F9
event,app,handler,r0,r1,r2,r3,sp,lr,r9,sp0,sp4,sp8,sp12,sp16,sp20,sp24,sp28,sp32,sp36,sp40,sp44
0x1E201,0x8,0x30D301,0x8,0x1E201,0x6AD11C,0x0,0x27FF70,0x304589,0x2B1858,0x6AD11C,0x30D2F9,0x6AD11C,0x30D2F9,0x6AD11C,0x30D2F9,0x6AD11C,0x30D2F9,0x6AD11C,0x30D2F9,0x6AD11C,0x30D2F9
event,app,handler,r0,r1,r2,r3,sp,lr,r9,sp0,sp4,sp8,sp12,sp16,sp20,sp24,sp28,sp32,sp36,sp40,sp44
0x1E209,0x2,0x30D301,0x2,0x1E209,0x6AD11C,0x0,0x27FF68,0x304589,0x2B1858,0x6AD11C,0x30D2F9,0x6AD11C,0x30D2F9,0x6AD11C,0x30D2F9,0x6AD11C,0x30D2F9,0x6AD11C,0x30D2F9,0x6AD11C,0x30D2F9
event,app,handler,r0,r1,r2,r3,sp,lr,r9,sp0,sp4,sp8,sp12,sp16,sp20,sp24,sp28,sp32,sp36,sp40,sp44
0x1E209,0x9,0x30D2F9,0x6AD11C,0x69EF14,0x0,0x0,0x27FF68,0x304589,0x2B1858,0x6AD11C,0x30D2F9,0x6AD11C,0x30D2F9,0x6AD11C,0x30D2F9,0x6AD11C,0x30D2F9,0x6AD11C,0x30D2F9,0x6AD11C,0x30D2F9
event,app,handler,r0,r1,r2,r3,sp,lr,r9,sp0,sp4,sp8,sp12,sp16,sp20,sp24,sp28,sp32,sp36,sp40,sp44
0x1E209,0x3,0x30D301,0x3,0x1E209,0x6AD11C,0x0,0x27FF60,0x304589,0x2B1858,0x6AD11C,0x30D2F9,0x6AD11C,0x30D2F9,0x6AD11C,0x30D2F9,0x6AD11C,0x30D2F9,0x6AD11C,0x30D2F9,0x6AD11C,0x30D2F9
event,app,handler,r0,r1,r2,r3,sp,lr,r9,sp0,sp4,sp8,sp12,sp16,sp20,sp24,sp28,sp32,sp36,sp40,sp44
0x1E209,0x9,0x305EB9,0x0,0x0,0x0,0x0,0x27FF60,0x304589,0x2B1858,0x6AD11C,0x30D2F9,0x6AD11C,0x30D2F9,0x6AD11C,0x30D2F9,0x6AD11C,0x30D2F9,0x6AD11C,0x30D2F9,0x6AD11C,0x30D2F9
event,app,handler,r0,r1,r2,r3,sp,lr,r9,sp0,sp4,sp8,sp12,sp16,sp20,sp24,sp28,sp32,sp36,sp40,sp44
0x1E209,0x3,0x30D301,0x3,0x1E209,0x6AD11C,0x0,0x27FFA0,0x304589,0x2B1858,0x6AD11C,0x30D2F9,0x0,0x0,0x0,0x2,0x0,0x1E209,0x0,0x2B2030,0x0,0x30666F
event,app,handler,r0,r1,r2,r3,sp,lr,r9,sp0,sp4,sp8,sp12,sp16,sp20,sp24,sp28,sp32,sp36,sp40,sp44
0x1E209,0x9,0x30D2F9,0x6AD11C,0x69EF14,0x0,0x0,0x27FFA0,0x304589,0x2B1858,0x6AD11C,0x30D2F9,0x0,0x0,0x0,0x2,0x0,0x1E209,0x0,0x2B2030,0x0,0x30666F
event,app,handler,r0,r1,r2,r3,sp,lr,r9,sp0,sp4,sp8,sp12,sp16,sp20,sp24,sp28,sp32,sp36,sp40,sp44
0x1E209,0x9,0x30D301,0x9,0x1E209,0x6AD11C,0x0,0x27FF98,0x304589,0x2B1858,0x6AD11C,0x30D2F9,0x6AD11C,0x30D2F9,0x0,0x0,0x0,0x2,0x0,0x1E209,0x0,0x2B2030
event,app,handler,r0,r1,r2,r3,sp,lr,r9,sp0,sp4,sp8,sp12,sp16,sp20,sp24,sp28,sp32,sp36,sp40,sp44
0x1E209,0x9,0x305EB9,0x0,0x0,0x0,0x0,0x27FF98,0x304589,0x2B1858,0x6AD11C,0x30D2F9,0x6AD11C,0x30D2F9,0x0,0x0,0x0,0x2,0x0,0x1E209,0x0,0x2B2030
event,app,handler,r0,r1,r2,r3,sp,lr,r9,sp0,sp4,sp8,sp12,sp16,sp20,sp24,sp28,sp32,sp36,sp40,sp44
0x1E201,0x3,0x30D301,0x3,0x1E201,0x6AD11C,0x0,0x27FF90,0x304589,0x2B1858,0x6AD11C,0x30D2F9,0x6AD11C,0x30D2F9,0x6AD11C,0x30D2F9,0x0,0x0,0x0,0x2,0x0,0x1E209
event,app,handler,r0,r1,r2,r3,sp,lr,r9,sp0,sp4,sp8,sp12,sp16,sp20,sp24,sp28,sp32,sp36,sp40,sp44
0x1E201,0x9,0x30D301,0x9,0x1E201,0x6AD11C,0x0,0x27FF88,0x304589,0x2B1858,0x6AD11C,0x30D2F9,0x6AD11C,0x30D2F9,0x6AD11C,0x30D2F9,0x6AD11C,0x30D2F9,0x0,0x0,0x0,0x2
event,app,handler,r0,r1,r2,r3,sp,lr,r9,sp0,sp4,sp8,sp12,sp16,sp20,sp24,sp28,sp32,sp36,sp40,sp44
0x1E201,0x6,0x30D301,0x6,0x1E201,0x6AD11C,0x0,0x27FF80,0x304589,0x2B1858,0x6AD11C,0x30D2F9,0x6AD11C,0x30D2F9,0x6AD11C,0x30D2F9,0x6AD11C,0x30D2F9,0x6AD11C,0x30D2F9,0x0,0x0
event,app,handler,r0,r1,r2,r3,sp,lr,r9,sp0,sp4,sp8,sp12,sp16,sp20,sp24,sp28,sp32,sp36,sp40,sp44
0x1E201,0x5,0x30D301,0x5,0x1E201,0x6AD11C,0x0,0x27FF78,0x304589,0x2B1858,0x6AD11C,0x30D2F9,0x6AD11C,0x30D2F9,0x6AD11C,0x30D2F9,0x6AD11C,0x30D2F9,0x6AD11C,0x30D2F9,0x6AD11C,0x30D2F9
event,app,handler,r0,r1,r2,r3,sp,lr,r9,sp0,sp4,sp8,sp12,sp16,sp20,sp24,sp28,sp32,sp36,sp40,sp44
0x1E201,0x8,0x30D301,0x8,0x1E201,0x6AD11C,0x0,0x27FF70,0x304589,0x2B1858,0x6AD11C,0x30D2F9,0x6AD11C,0x30D2F9,0x6AD11C,0x30D2F9,0x6AD11C,0x30D2F9,0x6AD11C,0x30D2F9,0x6AD11C,0x30D2F9
event,app,handler,r0,r1,r2,r3,sp,lr,r9,sp0,sp4,sp8,sp12,sp16,sp20,sp24,sp28,sp32,sp36,sp40,sp44
0x1E209,0x2,0x30D301,0x2,0x1E209,0x6AD11C,0x0,0x27FF68,0x304589,0x2B1858,0x6AD11C,0x30D2F9,0x6AD11C,0x30D2F9,0x6AD11C,0x30D2F9,0x6AD11C,0x30D2F9,0x6AD11C,0x30D2F9,0x6AD11C,0x30D2F9
event,app,handler,r0,r1,r2,r3,sp,lr,r9,sp0,sp4,sp8,sp12,sp16,sp20,sp24,sp28,sp32,sp36,sp40,sp44
0x1E209,0x9,0x30D2F9,0x6AD11C,0x69EF14,0x0,0x0,0x27FF68,0x304589,0x2B1858,0x6AD11C,0x30D2F9,0x6AD11C,0x30D2F9,0x6AD11C,0x30D2F9,0x6AD11C,0x30D2F9,0x6AD11C,0x30D2F9,0x6AD11C,0x30D2F9
event,app,handler,r0,r1,r2,r3,sp,lr,r9,sp0,sp4,sp8,sp12,sp16,sp20,sp24,sp28,sp32,sp36,sp40,sp44
0x1E209,0x3,0x30D301,0x3,0x1E209,0x6AD11C,0x0,0x27FF60,0x304589,0x2B1858,0x6AD11C,0x30D2F9,0x6AD11C,0x30D2F9,0x6AD11C,0x30D2F9,0x6AD11C,0x30D2F9,0x6AD11C,0x30D2F9,0x6AD11C,0x30D2F9
event,app,handler,r0,r1,r2,r3,sp,lr,r9,sp0,sp4,sp8,sp12,sp16,sp20,sp24,sp28,sp32,sp36,sp40,sp44
0x1E209,0x9,0x305EB9,0x0,0x0,0x0,0x0,0x27FF60,0x304589,0x2B1858,0x6AD11C,0x30D2F9,0x6AD11C,0x30D2F9,0x6AD11C,0x30D2F9,0x6AD11C,0x30D2F9,0x6AD11C,0x30D2F9,0x6AD11C,0x30D2F9
event,app,handler,r0,r1,r2,r3,sp,lr,r9,sp0,sp4,sp8,sp12,sp16,sp20,sp24,sp28,sp32,sp36,sp40,sp44
0x1E201,0x3,0x30D301,0x3,0x1E201,0x6AD11C,0x0,0x27FF58,0x304589,0x2B1858,0x6AD11C,0x30D2F9,0x6AD11C,0x30D2F9,0x6AD11C,0x30D2F9,0x6AD11C,0x30D2F9,0x6AD11C,0x30D2F9,0x6AD11C,0x30D2F9
event,app,handler,r0,r1,r2,r3,sp,lr,r9,sp0,sp4,sp8,sp12,sp16,sp20,sp24,sp28,sp32,sp36,sp40,sp44
0x1E201,0x9,0x30D301,0x9,0x1E201,0x6AD11C,0x0,0x27FF50,0x304589,0x2B1858,0x6AD11C,0x30D2F9,0x6AD11C,0x30D2F9,0x6AD11C,0x30D2F9,0x6AD11C,0x30D2F9,0x6AD11C,0x30D2F9,0x6AD11C,0x30D2F9
event,app,handler,r0,r1,r2,r3,sp,lr,r9,sp0,sp4,sp8,sp12,sp16,sp20,sp24,sp28,sp32,sp36,sp40,sp44
0x1E201,0x6,0x30D301,0x6,0x1E201,0x6AD11C,0x0,0x27FF48,0x304589,0x2B1858,0x6AD11C,0x30D2F9,0x6AD11C,0x30D2F9,0x6AD11C,0x30D2F9,0x6AD11C,0x30D2F9,0x6AD11C,0x30D2F9,0x6AD11C,0x30D2F9
event,app,handler,r0,r1,r2,r3,sp,lr,r9,sp0,sp4,sp8,sp12,sp16,sp20,sp24,sp28,sp32,sp36,sp40,sp44
0x1E209,0x3,0x30D301,0x3,0x1E209,0x6AD11C,0x0,0x27FFA0,0x304589,0x2B1858,0x6AD11C,0x30D2F9,0x0,0x0,0x0,0x2,0x0,0x1E209,0x0,0x2B2030,0x0,0x30666F
event,app,handler,r0,r1,r2,r3,sp,lr,r9,sp0,sp4,sp8,sp12,sp16,sp20,sp24,sp28,sp32,sp36,sp40,sp44
0x1E209,0x9,0x30D2F9,0x6AD11C,0x69EF14,0x0,0x0,0x27FFA0,0x304589,0x2B1858,0x6AD11C,0x30D2F9,0x0,0x0,0x0,0x2,0x0,0x1E209,0x0,0x2B2030,0x0,0x30666F
event,app,handler,r0,r1,r2,r3,sp,lr,r9,sp0,sp4,sp8,sp12,sp16,sp20,sp24,sp28,sp32,sp36,sp40,sp44
0x1E209,0x9,0x30D301,0x9,0x1E209,0x6AD11C,0x0,0x27FF98,0x304589,0x2B1858,0x6AD11C,0x30D2F9,0x6AD11C,0x30D2F9,0x0,0x0,0x0,0x2,0x0,0x1E209,0x0,0x2B2030
event,app,handler,r0,r1,r2,r3,sp,lr,r9,sp0,sp4,sp8,sp12,sp16,sp20,sp24,sp28,sp32,sp36,sp40,sp44
0x1E209,0x9,0x305EB9,0x0,0x0,0x0,0x0,0x27FF98,0x304589,0x2B1858,0x6AD11C,0x30D2F9,0x6AD11C,0x30D2F9,0x0,0x0,0x0,0x2,0x0,0x1E209,0x0,0x2B2030
event,app,handler,r0,r1,r2,r3,sp,lr,r9,sp0,sp4,sp8,sp12,sp16,sp20,sp24,sp28,sp32,sp36,sp40,sp44
0x1E201,0x3,0x30D301,0x3,0x1E201,0x6AD11C,0x0,0x27FF90,0x304589,0x2B1858,0x6AD11C,0x30D2F9,0x6AD11C,0x30D2F9,0x6AD11C,0x30D2F9,0x0,0x0,0x0,0x2,0x0,0x1E209
event,app,handler,r0,r1,r2,r3,sp,lr,r9,sp0,sp4,sp8,sp12,sp16,sp20,sp24,sp28,sp32,sp36,sp40,sp44
0x1E201,0x9,0x30D301,0x9,0x1E201,0x6AD11C,0x0,0x27FF88,0x304589,0x2B1858,0x6AD11C,0x30D2F9,0x6AD11C,0x30D2F9,0x6AD11C,0x30D2F9,0x6AD11C,0x30D2F9,0x0,0x0,0x0,0x2
event,app,handler,r0,r1,r2,r3,sp,lr,r9,sp0,sp4,sp8,sp12,sp16,sp20,sp24,sp28,sp32,sp36,sp40,sp44
0x1E201,0x6,0x30D301,0x6,0x1E201,0x6AD11C,0x0,0x27FF80,0x304589,0x2B1858,0x6AD11C,0x30D2F9,0x6AD11C,0x30D2F9,0x6AD11C,0x30D2F9,0x6AD11C,0x30D2F9,0x6AD11C,0x30D2F9,0x0,0x0
event,app,handler,r0,r1,r2,r3,sp,lr,r9,sp0,sp4,sp8,sp12,sp16,sp20,sp24,sp28,sp32,sp36,sp40,sp44
0x1E201,0x5,0x30D301,0x5,0x1E201,0x6AD11C,0x0,0x27FF78,0x304589,0x2B1858,0x6AD11C,0x30D2F9,0x6AD11C,0x30D2F9,0x6AD11C,0x30D2F9,0x6AD11C,0x30D2F9,0x6AD11C,0x30D2F9,0x6AD11C,0x30D2F9
event,app,handler,r0,r1,r2,r3,sp,lr,r9,sp0,sp4,sp8,sp12,sp16,sp20,sp24,sp28,sp32,sp36,sp40,sp44
0x1E201,0x8,0x30D301,0x8,0x1E201,0x6AD11C,0x0,0x27FF70,0x304589,0x2B1858,0x6AD11C,0x30D2F9,0x6AD11C,0x30D2F9,0x6AD11C,0x30D2F9,0x6AD11C,0x30D2F9,0x6AD11C,0x30D2F9,0x6AD11C,0x30D2F9
event,app,handler,r0,r1,r2,r3,sp,lr,r9,sp0,sp4,sp8,sp12,sp16,sp20,sp24,sp28,sp32,sp36,sp40,sp44
0x1E209,0x2,0x30D301,0x2,0x1E209,0x6AD11C,0x0,0x27FF68,0x304589,0x2B1858,0x6AD11C,0x30D2F9,0x6AD11C,0x30D2F9,0x6AD11C,0x30D2F9,0x6AD11C,0x30D2F9,0x6AD11C,0x30D2F9,0x6AD11C,0x30D2F9
event,app,handler,r0,r1,r2,r3,sp,lr,r9,sp0,sp4,sp8,sp12,sp16,sp20,sp24,sp28,sp32,sp36,sp40,sp44
0x1E209,0x9,0x30D2F9,0x6AD11C,0x69EF14,0x0,0x0,0x27FF68,0x304589,0x2B1858,0x6AD11C,0x30D2F9,0x6AD11C,0x30D2F9,0x6AD11C,0x30D2F9,0x6AD11C,0x30D2F9,0x6AD11C,0x30D2F9,0x6AD11C,0x30D2F9
event,app,handler,r0,r1,r2,r3,sp,lr,r9,sp0,sp4,sp8,sp12,sp16,sp20,sp24,sp28,sp32,sp36,sp40,sp44
0x1E209,0x3,0x30D301,0x3,0x1E209,0x6AD11C,0x0,0x27FF60,0x304589,0x2B1858,0x6AD11C,0x30D2F9,0x6AD11C,0x30D2F9,0x6AD11C,0x30D2F9,0x6AD11C,0x30D2F9,0x6AD11C,0x30D2F9,0x6AD11C,0x30D2F9
event,app,handler,r0,r1,r2,r3,sp,lr,r9,sp0,sp4,sp8,sp12,sp16,sp20,sp24,sp28,sp32,sp36,sp40,sp44
0x1E209,0x9,0x305EB9,0x0,0x0,0x0,0x0,0x27FF60,0x304589,0x2B1858,0x6AD11C,0x30D2F9,0x6AD11C,0x30D2F9,0x6AD11C,0x30D2F9,0x6AD11C,0x30D2F9,0x6AD11C,0x30D2F9,0x6AD11C,0x30D2F9
event,app,handler,r0,r1,r2,r3,sp,lr,r9,sp0,sp4,sp8,sp12,sp16,sp20,sp24,sp28,sp32,sp36,sp40,sp44
0x1E201,0x3,0x30D301,0x3,0x1E201,0x6AD11C,0x0,0x27FF58,0x304589,0x2B1858,0x6AD11C,0x30D2F9,0x6AD11C,0x30D2F9,0x6AD11C,0x30D2F9,0x6AD11C,0x30D2F9,0x6AD11C,0x30D2F9,0x6AD11C,0x30D2F9
event,app,handler,r0,r1,r2,r3,sp,lr,r9,sp0,sp4,sp8,sp12,sp16,sp20,sp24,sp28,sp32,sp36,sp40,sp44
0x1E201,0x9,0x30D301,0x9,0x1E201,0x6AD11C,0x0,0x27FF50,0x304589,0x2B1858,0x6AD11C,0x30D2F9,0x6AD11C,0x30D2F9,0x6AD11C,0x30D2F9,0x6AD11C,0x30D2F9,0x6AD11C,0x30D2F9,0x6AD11C,0x30D2F9
event,app,handler,r0,r1,r2,r3,sp,lr,r9,sp0,sp4,sp8,sp12,sp16,sp20,sp24,sp28,sp32,sp36,sp40,sp44
0x1E201,0x6,0x30D301,0x6,0x1E201,0x6AD11C,0x0,0x27FF48,0x304589,0x2B1858,0x6AD11C,0x30D2F9,0x6AD11C,0x30D2F9,0x6AD11C,0x30D2F9,0x6AD11C,0x30D2F9,0x6AD11C,0x30D2F9,0x6AD11C,0x30D2F9
event,app,handler,r0,r1,r2,r3,sp,lr,r9,sp0,sp4,sp8,sp12,sp16,sp20,sp24,sp28,sp32,sp36,sp40,sp44
0x1E209,0x3,0x30D301,0x3,0x1E209,0x6AD11C,0x0,0x27FFA0,0x304589,0x2B1858,0x6AD11C,0x30D2F9,0x0,0x0,0x0,0x2,0x0,0x1E209,0x0,0x2B2030,0x0,0x30666F
event,app,handler,r0,r1,r2,r3,sp,lr,r9,sp0,sp4,sp8,sp12,sp16,sp20,sp24,sp28,sp32,sp36,sp40,sp44
0x1E209,0x9,0x30D2F9,0x6AD11C,0x69EF14,0x0,0x0,0x27FFA0,0x304589,0x2B1858,0x6AD11C,0x30D2F9,0x0,0x0,0x0,0x2,0x0,0x1E209,0x0,0x2B2030,0x0,0x30666F
event,app,handler,r0,r1,r2,r3,sp,lr,r9,sp0,sp4,sp8,sp12,sp16,sp20,sp24,sp28,sp32,sp36,sp40,sp44
0x1E209,0x9,0x30D301,0x9,0x1E209,0x6AD11C,0x0,0x27FF98,0x304589,0x2B1858,0x6AD11C,0x30D2F9,0x6AD11C,0x30D2F9,0x0,0x0,0x0,0x2,0x0,0x1E209,0x0,0x2B2030
event,app,handler,r0,r1,r2,r3,sp,lr,r9,sp0,sp4,sp8,sp12,sp16,sp20,sp24,sp28,sp32,sp36,sp40,sp44
0x1E209,0x9,0x305EB9,0x0,0x0,0x0,0x0,0x27FF98,0x304589,0x2B1858,0x6AD11C,0x30D2F9,0x6AD11C,0x30D2F9,0x0,0x0,0x0,0x2,0x0,0x1E209,0x0,0x2B2030
event,app,handler,r0,r1,r2,r3,sp,lr,r9,sp0,sp4,sp8,sp12,sp16,sp20,sp24,sp28,sp32,sp36,sp40,sp44
0x1E201,0x3,0x30D301,0x3,0x1E201,0x6AD11C,0x0,0x27FF90,0x304589,0x2B1858,0x6AD11C,0x30D2F9,0x6AD11C,0x30D2F9,0x6AD11C,0x30D2F9,0x0,0x0,0x0,0x2,0x0,0x1E209
event,app,handler,r0,r1,r2,r3,sp,lr,r9,sp0,sp4,sp8,sp12,sp16,sp20,sp24,sp28,sp32,sp36,sp40,sp44
0x1E201,0x9,0x30D301,0x9,0x1E201,0x6AD11C,0x0,0x27FF88,0x304589,0x2B1858,0x6AD11C,0x30D2F9,0x6AD11C,0x30D2F9,0x6AD11C,0x30D2F9,0x6AD11C,0x30D2F9,0x0,0x0,0x0,0x2
event,app,handler,r0,r1,r2,r3,sp,lr,r9,sp0,sp4,sp8,sp12,sp16,sp20,sp24,sp28,sp32,sp36,sp40,sp44
0x1E201,0x6,0x30D301,0x6,0x1E201,0x6AD11C,0x0,0x27FF80,0x304589,0x2B1858,0x6AD11C,0x30D2F9,0x6AD11C,0x30D2F9,0x6AD11C,0x30D2F9,0x6AD11C,0x30D2F9,0x6AD11C,0x30D2F9,0x0,0x0
event,app,handler,r0,r1,r2,r3,sp,lr,r9,sp0,sp4,sp8,sp12,sp16,sp20,sp24,sp28,sp32,sp36,sp40,sp44
0x1E201,0x5,0x30D301,0x5,0x1E201,0x6AD11C,0x0,0x27FF78,0x304589,0x2B1858,0x6AD11C,0x30D2F9,0x6AD11C,0x30D2F9,0x6AD11C,0x30D2F9,0x6AD11C,0x30D2F9,0x6AD11C,0x30D2F9,0x6AD11C,0x30D2F9
event,app,handler,r0,r1,r2,r3,sp,lr,r9,sp0,sp4,sp8,sp12,sp16,sp20,sp24,sp28,sp32,sp36,sp40,sp44
0x1E201,0x8,0x30D301,0x8,0x1E201,0x6AD11C,0x0,0x27FF70,0x304589,0x2B1858,0x6AD11C,0x30D2F9,0x6AD11C,0x30D2F9,0x6AD11C,0x30D2F9,0x6AD11C,0x30D2F9,0x6AD11C,0x30D2F9,0x6AD11C,0x30D2F9
event,app,handler,r0,r1,r2,r3,sp,lr,r9,sp0,sp4,sp8,sp12,sp16,sp20,sp24,sp28,sp32,sp36,sp40,sp44
0x1E209,0x2,0x30D301,0x2,0x1E209,0x6AD11C,0x0,0x27FF68,0x304589,0x2B1858,0x6AD11C,0x30D2F9,0x6AD11C,0x30D2F9,0x6AD11C,0x30D2F9,0x6AD11C,0x30D2F9,0x6AD11C,0x30D2F9,0x6AD11C,0x30D2F9
event,app,handler,r0,r1,r2,r3,sp,lr,r9,sp0,sp4,sp8,sp12,sp16,sp20,sp24,sp28,sp32,sp36,sp40,sp44
0x1E209,0x9,0x30D2F9,0x6AD11C,0x69EF14,0x0,0x0,0x27FF68,0x304589,0x2B1858,0x6AD11C,0x30D2F9,0x6AD11C,0x30D2F9,0x6AD11C,0x30D2F9,0x6AD11C,0x30D2F9,0x6AD11C,0x30D2F9,0x6AD11C,0x30D2F9
event,app,handler,r0,r1,r2,r3,sp,lr,r9,sp0,sp4,sp8,sp12,sp16,sp20,sp24,sp28,sp32,sp36,sp40,sp44
0x1E209,0x3,0x30D301,0x3,0x1E209,0x6AD11C,0x0,0x27FF60,0x304589,0x2B1858,0x6AD11C,0x30D2F9,0x6AD11C,0x30D2F9,0x6AD11C,0x30D2F9,0x6AD11C,0x30D2F9,0x6AD11C,0x30D2F9,0x6AD11C,0x30D2F9
event,app,handler,r0,r1,r2,r3,sp,lr,r9,sp0,sp4,sp8,sp12,sp16,sp20,sp24,sp28,sp32,sp36,sp40,sp44
0x1E209,0x9,0x305EB9,0x0,0x0,0x0,0x0,0x27FF60,0x304589,0x2B1858,0x6AD11C,0x30D2F9,0x6AD11C,0x30D2F9,0x6AD11C,0x30D2F9,0x6AD11C,0x30D2F9,0x6AD11C,0x30D2F9,0x6AD11C,0x30D2F9
event,app,handler,r0,r1,r2,r3,sp,lr,r9,sp0,sp4,sp8,sp12,sp16,sp20,sp24,sp28,sp32,sp36,sp40,sp44
0x1E201,0x3,0x30D301,0x3,0x1E201,0x6AD11C,0x0,0x27FF58,0x304589,0x2B1858,0x6AD11C,0x30D2F9,0x6AD11C,0x30D2F9,0x6AD11C,0x30D2F9,0x6AD11C,0x30D2F9,0x6AD11C,0x30D2F9,0x6AD11C,0x30D2F9
event,app,handler,r0,r1,r2,r3,sp,lr,r9,sp0,sp4,sp8,sp12,sp16,sp20,sp24,sp28,sp32,sp36,sp40,sp44
0x1E201,0x9,0x30D301,0x9,0x1E201,0x6AD11C,0x0,0x27FF50,0x304589,0x2B1858,0x6AD11C,0x30D2F9,0x6AD11C,0x30D2F9,0x6AD11C,0x30D2F9,0x6AD11C,0x30D2F9,0x6AD11C,0x30D2F9,0x6AD11C,0x30D2F9
event,app,handler,r0,r1,r2,r3,sp,lr,r9,sp0,sp4,sp8,sp12,sp16,sp20,sp24,sp28,sp32,sp36,sp40,sp44
0x1E201,0x6,0x30D301,0x6,0x1E201,0x6AD11C,0x0,0x27FF48,0x304589,0x2B1858,0x6AD11C,0x30D2F9,0x6AD11C,0x30D2F9,0x6AD11C,0x30D2F9,0x6AD11C,0x30D2F9,0x6AD11C,0x30D2F9,0x6AD11C,0x30D2F9
event,app,handler,r0,r1,r2,r3,sp,lr,r9,sp0,sp4,sp8,sp12,sp16,sp20,sp24,sp28,sp32,sp36,sp40,sp44
0x1E209,0x3,0x30D301,0x3,0x1E209,0x6AD11C,0x0,0x27FFA0,0x304589,0x2B1858,0x6AD11C,0x30D2F9,0x0,0x0,0x0,0x2,0x0,0x1E209,0x0,0x2B2030,0x0,0x30666F
event,app,handler,r0,r1,r2,r3,sp,lr,r9,sp0,sp4,sp8,sp12,sp16,sp20,sp24,sp28,sp32,sp36,sp40,sp44
0x1E209,0x9,0x30D2F9,0x6AD11C,0x69EF14,0x0,0x0,0x27FFA0,0x304589,0x2B1858,0x6AD11C,0x30D2F9,0x0,0x0,0x0,0x2,0x0,0x1E209,0x0,0x2B2030,0x0,0x30666F
event,app,handler,r0,r1,r2,r3,sp,lr,r9,sp0,sp4,sp8,sp12,sp16,sp20,sp24,sp28,sp32,sp36,sp40,sp44
0x1E209,0x9,0x30D301,0x9,0x1E209,0x6AD11C,0x0,0x27FF98,0x304589,0x2B1858,0x6AD11C,0x30D2F9,0x6AD11C,0x30D2F9,0x0,0x0,0x0,0x2,0x0,0x1E209,0x0,0x2B2030
event,app,handler,r0,r1,r2,r3,sp,lr,r9,sp0,sp4,sp8,sp12,sp16,sp20,sp24,sp28,sp32,sp36,sp40,sp44
0x1E209,0x9,0x305EB9,0x0,0x0,0x0,0x0,0x27FF98,0x304589,0x2B1858,0x6AD11C,0x30D2F9,0x6AD11C,0x30D2F9,0x0,0x0,0x0,0x2,0x0,0x1E209,0x0,0x2B2030
