seq,phase,object,f08,f0c,f14,f30,buf_base,cursor,end,capacity_guess,record_count_guess,trigger_pc,note
1,during_opcode,0x2A8264,0x2A83EC,0x2A83A4,0x2A84CC,0x100,0x2AF8F8,0x2AF8F8,0x2AF908,16,2,0x0,"object_at_1C40C"
2,during_opcode,0x2A8264,0x2A83EC,0x2A83A4,0x2A84CC,0x100,0x2AF8F8,0x2AF8F8,0x2AF908,16,2,0x0,"object_field_write"
3,during_opcode,0x2A8264,0x2A83BC,0x2A83A4,0x2A84CC,0x100,0x2AF8F8,0x2AF8F8,0x2AF908,16,2,0x0,"object_field_write"
4,during_opcode,0x2A8264,0x2A83BC,0x2A83A4,0x2A84E4,0x100,0x2AF8F8,0x2AF8F8,0x2AF908,16,2,0x0,"object_field_write"
5,during_opcode,0x2A8264,0x2A83BC,0x2A83AC,0x2A84E4,0x100,0x2AF8F8,0x2AF8F8,0x2AF908,16,2,0x0,"object_field_write"
6,during_opcode,0x2A8264,0x2A83C4,0x2A83AC,0x2A84E4,0x100,0x2AF8F8,0x2AF8F8,0x2AF908,16,2,0x0,"object_field_write"
7,during_opcode,0x2A8264,0x2A83C4,0x2A83AC,0x2A84CC,0x100,0x2AF8F8,0x2AF8F8,0x2AF908,16,2,0x0,"object_field_write"
8,during_opcode,0x2A8264,0x2A83C4,0x2A83A4,0x2A84CC,0x100,0x2AF8F8,0x2AF8F8,0x2AF908,16,2,0x0,"object_field_write"
9,during_opcode,0x2A8264,0x2A83A4,0x2A83A4,0x2A84CC,0x100,0x2AF8F8,0x2AF8F8,0x2AF908,16,2,0x0,"object_field_write"
10,during_opcode,0x2A8264,0x2A83EC,0x2A83A4,0x2A84CC,0x100,0x2AF8F8,0x2AF8F8,0x2AF908,16,2,0x0,"object_field_write"
11,during_opcode,0x2A8264,0x2A83AC,0x2A83A4,0x2A84CC,0x100,0x2AF8F8,0x2AF8F8,0x2AF908,16,2,0x0,"object_field_write"
12,during_opcode,0x2A8264,0x2A83AC,0x2A83A4,0x2A84E4,0x100,0x2AF8F8,0x2AF8F8,0x2AF908,16,2,0x0,"object_field_write"
13,during_opcode,0x2A8264,0x2A83AC,0x2A83AC,0x2A84E4,0x100,0x2AF8F8,0x2AF8F8,0x2AF908,16,2,0x0,"object_field_write"
14,during_opcode,0x2A8264,0x2A83B4,0x2A83AC,0x2A84E4,0x0,0x2AF8F8,0x2AF8F8,0x2AF908,16,2,0x0,"object_field_write"
15,during_opcode,0x2A8264,0x2A83BC,0x2A83AC,0x2A84E4,0x0,0x2AF8F8,0x2AF8F8,0x2AF908,16,2,0x0,"object_field_write"
16,during_opcode,0x2A8264,0x2A83B4,0x2A83AC,0x2A84E4,0x100,0x2AF8F8,0x2AF8F8,0x2AF908,16,2,0x0,"object_field_write"
17,during_opcode,0x2A8264,0x2A83BC,0x2A83AC,0x2A84E4,0x100,0x2AF8F8,0x2AF8F8,0x2AF908,16,2,0x0,"object_field_write"
18,during_opcode,0x2A8264,0x2A83C4,0x2A83AC,0x2A84E4,0x100,0x2AF8F8,0x2AF8F8,0x2AF908,16,2,0x0,"object_field_write"
19,during_opcode,0x2A8264,0x2A83B4,0x2A83AC,0x2A84E4,0x100,0x2AF8F8,0x2AF8F8,0x2AF908,16,2,0x0,"object_field_write"
20,during_opcode,0x2A8264,0x2A83BC,0x2A83AC,0x2A84E4,0x100,0x2AF8F8,0x2AF8F8,0x2AF908,16,2,0x0,"object_field_write"
21,during_opcode,0x2A8264,0x2A83C4,0x2A83AC,0x2A84E4,0x100,0x2AF8F8,0x2AF8F8,0x2AF908,16,2,0x0,"object_field_write"
22,during_opcode,0x2A8264,0x2A83B4,0x2A83AC,0x2A84E4,0x100,0x2AF8F8,0x2AF8F8,0x2AF908,16,2,0x0,"object_field_write"
23,during_opcode,0x2A8264,0x2A83BC,0x2A83AC,0x2A84E4,0x100,0x2AF8F8,0x2AF8F8,0x2AF908,16,2,0x0,"object_field_write"
24,during_opcode,0x2A8264,0x2A83C4,0x2A83AC,0x2A84E4,0x100,0x2AF8F8,0x2AF8F8,0x2AF908,16,2,0x0,"object_field_write"
25,during_opcode,0x2A8264,0x2A83B4,0x2A83AC,0x2A84E4,0x100,0x2AF8F8,0x2AF8F8,0x2AF908,16,2,0x0,"object_field_write"
26,during_opcode,0x2A8264,0x2A83BC,0x2A83AC,0x2A84E4,0x100,0x2AF8F8,0x2AF8F8,0x2AF908,16,2,0x0,"object_field_write"
27,during_opcode,0x2A8264,0x2A83C4,0x2A83AC,0x2A84E4,0x100,0x2AF8F8,0x2AF8F8,0x2AF908,16,2,0x0,"object_field_write"
28,during_opcode,0x2A8264,0x2A83B4,0x2A83AC,0x2A84E4,0x100,0x2AF8F8,0x2AF8F8,0x2AF908,16,2,0x0,"object_field_write"
29,during_opcode,0x2A8264,0x2A83BC,0x2A83AC,0x2A84E4,0x100,0x2AF8F8,0x2AF8F8,0x2AF908,16,2,0x0,"object_field_write"
30,during_opcode,0x2A8264,0x2A83C4,0x2A83AC,0x2A84E4,0x100,0x2AF8F8,0x2AF8F8,0x2AF908,16,2,0x0,"object_field_write"
31,during_opcode,0x2A8264,0x2A83B4,0x2A83AC,0x2A84E4,0x100,0x2AF8F8,0x2AF8F8,0x2AF908,16,2,0x0,"object_field_write"
32,during_opcode,0x2A8264,0x2A83BC,0x2A83AC,0x2A84E4,0x100,0x2AF8F8,0x2AF8F8,0x2AF908,16,2,0x0,"object_field_write"
33,during_opcode,0x2A8264,0x2A83C4,0x2A83AC,0x2A84E4,0x100,0x2AF8F8,0x2AF8F8,0x2AF908,16,2,0x0,"object_field_write"
34,during_opcode,0x2A8264,0x2A83B4,0x2A83AC,0x2A84E4,0x100,0x2AF8F8,0x2AF8F8,0x2AF908,16,2,0x0,"object_field_write"
35,during_opcode,0x2A8264,0x2A83BC,0x2A83AC,0x2A84E4,0x100,0x2AF8F8,0x2AF8F8,0x2AF908,16,2,0x0,"object_field_write"
36,during_opcode,0x2A8264,0x2A83C4,0x2A83AC,0x2A84E4,0x100,0x2AF8F8,0x2AF8F8,0x2AF908,16,2,0x0,"object_field_write"
37,during_opcode,0x2A8264,0x2A83B4,0x2A83AC,0x2A84E4,0x100,0x2AF8F8,0x2AF8F8,0x2AF908,16,2,0x0,"object_field_write"
38,during_opcode,0x2A8264,0x2A83BC,0x2A83AC,0x2A84E4,0x100,0x2AF8F8,0x2AF8F8,0x2AF908,16,2,0x0,"object_field_write"
39,during_opcode,0x2A8264,0x2A83C4,0x2A83AC,0x2A84E4,0x100,0x2AF8F8,0x2AF8F8,0x2AF908,16,2,0x0,"object_field_write"
40,during_opcode,0x2A8264,0x2A83B4,0x2A83AC,0x2A84E4,0x100,0x2AF8F8,0x2AF8F8,0x2AF908,16,2,0x0,"object_field_write"
41,during_opcode,0x2A8264,0x2A83BC,0x2A83AC,0x2A84E4,0x100,0x2AF8F8,0x2AF8F8,0x2AF908,16,2,0x0,"object_field_write"
42,during_opcode,0x2A8264,0x2A83C4,0x2A83AC,0x2A84E4,0x100,0x2AF8F8,0x2AF8F8,0x2AF908,16,2,0x0,"object_field_write"
43,during_opcode,0x2A8264,0x2A83B4,0x2A83AC,0x2A84E4,0x100,0x2AF8F8,0x2AF8F8,0x2AF908,16,2,0x0,"object_field_write"
44,during_opcode,0x2A8264,0x2A83BC,0x2A83AC,0x2A84E4,0x100,0x2AF8F8,0x2AF8F8,0x2AF908,16,2,0x0,"object_field_write"
45,during_opcode,0x2A8264,0x2A83C4,0x2A83AC,0x2A84E4,0x100,0x2AF8F8,0x2AF8F8,0x2AF908,16,2,0x0,"object_field_write"
46,during_opcode,0x2A8264,0x2A83B4,0x2A83AC,0x2A84E4,0x100,0x2AF8F8,0x2AF8F8,0x2AF908,16,2,0x0,"object_field_write"
47,during_opcode,0x2A8264,0x2A83BC,0x2A83AC,0x2A84E4,0x100,0x2AF8F8,0x2AF8F8,0x2AF908,16,2,0x0,"object_field_write"
48,during_opcode,0x2A8264,0x2A83C4,0x2A83AC,0x2A84E4,0x100,0x2AF8F8,0x2AF8F8,0x2AF908,16,2,0x0,"object_field_write"
49,during_opcode,0x2A8264,0x2A83B4,0x2A83AC,0x2A84E4,0x100,0x2AF8F8,0x2AF8F8,0x2AF908,16,2,0x0,"object_field_write"
50,during_opcode,0x2A8264,0x2A83BC,0x2A83AC,0x2A84E4,0x100,0x2AF8F8,0x2AF8F8,0x2AF908,16,2,0x0,"object_field_write"
51,during_opcode,0x2A8264,0x2A83C4,0x2A83AC,0x2A84E4,0x100,0x2AF8F8,0x2AF8F8,0x2AF908,16,2,0x0,"object_field_write"
52,during_opcode,0x2A8264,0x2A83B4,0x2A83AC,0x2A84E4,0x100,0x2AF8F8,0x2AF8F8,0x2AF908,16,2,0x0,"object_field_write"
53,during_opcode,0x2A8264,0x2A83BC,0x2A83AC,0x2A84E4,0x100,0x2AF8F8,0x2AF8F8,0x2AF908,16,2,0x0,"object_field_write"
54,during_opcode,0x2A8264,0x2A83C4,0x2A83AC,0x2A84E4,0x100,0x2AF8F8,0x2AF8F8,0x2AF908,16,2,0x0,"object_field_write"
55,during_opcode,0x2A8264,0x2A83B4,0x2A83AC,0x2A84E4,0x100,0x2AF8F8,0x2AF8F8,0x2AF908,16,2,0x0,"object_field_write"
56,during_opcode,0x2A8264,0x2A83BC,0x2A83AC,0x2A84E4,0x100,0x2AF8F8,0x2AF8F8,0x2AF908,16,2,0x0,"object_field_write"
57,during_opcode,0x2A8264,0x2A83C4,0x2A83AC,0x2A84E4,0x100,0x2AF8F8,0x2AF8F8,0x2AF908,16,2,0x0,"object_field_write"
58,during_opcode,0x2A8264,0x2A83B4,0x2A83AC,0x2A84E4,0x100,0x2AF8F8,0x2AF8F8,0x2AF908,16,2,0x0,"object_field_write"
59,during_opcode,0x2A8264,0x2A83BC,0x2A83AC,0x2A84E4,0x100,0x2AF8F8,0x2AF8F8,0x2AF908,16,2,0x0,"object_field_write"
60,during_opcode,0x2A8264,0x2A83C4,0x2A83AC,0x2A84E4,0x100,0x2AF8F8,0x2AF8F8,0x2AF908,16,2,0x0,"object_field_write"
61,during_opcode,0x2A8264,0x2A83B4,0x2A83AC,0x2A84E4,0x100,0x2AF8F8,0x2AF8F8,0x2AF908,16,2,0x0,"object_field_write"
62,during_opcode,0x2A8264,0x2A83BC,0x2A83AC,0x2A84E4,0x100,0x2AF8F8,0x2AF8F8,0x2AF908,16,2,0x0,"object_field_write"
63,during_opcode,0x2A8264,0x2A83C4,0x2A83AC,0x2A84E4,0x100,0x2AF8F8,0x2AF8F8,0x2AF908,16,2,0x0,"object_field_write"
64,during_opcode,0x2A8264,0x2A83B4,0x2A83AC,0x2A84E4,0x100,0x2AF8F8,0x2AF8F8,0x2AF908,16,2,0x0,"object_field_write"
65,during_opcode,0x2A8264,0x2A83BC,0x2A83AC,0x2A84E4,0x100,0x2AF8F8,0x2AF8F8,0x2AF908,16,2,0x0,"object_field_write"
66,during_opcode,0x2A8264,0x2A83C4,0x2A83AC,0x2A84E4,0x100,0x2AF8F8,0x2AF8F8,0x2AF908,16,2,0x0,"object_field_write"
67,during_opcode,0x2A8264,0x2A83B4,0x2A83AC,0x2A84E4,0x100,0x2AF8F8,0x2AF8F8,0x2AF908,16,2,0x0,"object_field_write"
68,during_opcode,0x2A8264,0x2A83BC,0x2A83AC,0x2A84E4,0x100,0x2AF8F8,0x2AF8F8,0x2AF908,16,2,0x0,"object_field_write"
69,during_opcode,0x2A8264,0x2A83C4,0x2A83AC,0x2A84E4,0x100,0x2AF8F8,0x2AF8F8,0x2AF908,16,2,0x0,"object_field_write"
70,during_opcode,0x2A8264,0x2A83B4,0x2A83AC,0x2A84E4,0x100,0x2AF8F8,0x2AF8F8,0x2AF908,16,2,0x0,"object_field_write"
71,during_opcode,0x2A8264,0x2A83BC,0x2A83AC,0x2A84E4,0x100,0x2AF8F8,0x2AF8F8,0x2AF908,16,2,0x0,"object_field_write"
72,during_opcode,0x2A8264,0x2A83C4,0x2A83AC,0x2A84E4,0x100,0x2AF8F8,0x2AF8F8,0x2AF908,16,2,0x0,"object_field_write"
73,during_opcode,0x2A8264,0x2A83B4,0x2A83AC,0x2A84E4,0x100,0x2AF8F8,0x2AF8F8,0x2AF908,16,2,0x0,"object_field_write"
74,during_opcode,0x2A8264,0x2A83BC,0x2A83AC,0x2A84E4,0x100,0x2AF8F8,0x2AF8F8,0x2AF908,16,2,0x0,"object_field_write"
75,during_opcode,0x2A8264,0x2A83C4,0x2A83AC,0x2A84E4,0x100,0x2AF8F8,0x2AF8F8,0x2AF908,16,2,0x0,"object_field_write"
76,during_opcode,0x2A8264,0x2A83B4,0x2A83AC,0x2A84E4,0x100,0x2AF8F8,0x2AF8F8,0x2AF908,16,2,0x0,"object_field_write"
77,during_opcode,0x2A8264,0x2A83B4,0x2A83AC,0x2A84CC,0x100,0x2AF8F8,0x2AF8F8,0x2AF908,16,2,0x0,"object_field_write"
78,during_opcode,0x2A8264,0x2A83B4,0x2A83A4,0x2A84CC,0x100,0x2AF8F8,0x2AF8F8,0x2AF908,16,2,0x0,"object_field_write"
79,during_opcode,0x2A8264,0x2A83AC,0x2A83A4,0x2A84CC,0x100,0x2AF8F8,0x2AF8F8,0x2AF908,16,2,0x0,"object_field_write"
80,during_opcode,0x2A8264,0x2A83EC,0x2A83A4,0x2A84CC,0x100,0x2AF8F8,0x2AF8F8,0x2AF908,16,2,0x0,"object_field_write"
81,during_opcode,0x2A8264,0x2A83AC,0x2A83A4,0x2A84CC,0x100,0x2AF8F8,0x2AF8F8,0x2AF908,16,2,0x0,"object_field_write"
82,during_opcode,0x2A8264,0x2A83AC,0x2A83A4,0x2A84E4,0x100,0x2AF8F8,0x2AF8F8,0x2AF908,16,2,0x0,"object_field_write"
83,during_opcode,0x2A8264,0x2A83AC,0x2A83AC,0x2A84E4,0x100,0x2AF8F8,0x2AF8F8,0x2AF908,16,2,0x0,"object_field_write"
84,during_opcode,0x2A8264,0x2A83B4,0x2A83AC,0x2A84E4,0x100,0x2AF8F8,0x2AF8F8,0x2AF908,16,2,0x0,"object_field_write"
85,during_opcode,0x2A8264,0x2A83BC,0x2A83AC,0x2A84E4,0x100,0x2AF8F8,0x2AF8F8,0x2AF908,16,2,0x0,"object_field_write"
86,during_opcode,0x2A8264,0x2A83C4,0x2A83AC,0x2A84E4,0x100,0x2AF8F8,0x2AF8F8,0x2AF908,16,2,0x0,"object_field_write"
87,during_opcode,0x2A8264,0x2A83CC,0x2A83AC,0x2A84E4,0x100,0x2AF8F8,0x2AF8F8,0x2AF908,16,2,0x0,"object_field_write"
88,during_opcode,0x2A8264,0x2A83CC,0x2A83AC,0x2A84E4,0x100,0x2AF8F8,0x2AF8F8,0x2AF908,16,2,0x0,"object_field_write"
89,during_opcode,0x2A8264,0x2A83C4,0x2A83AC,0x2A84E4,0x100,0x2AF8F8,0x2AF8F8,0x2AF908,16,2,0x0,"object_field_write"
90,during_opcode,0x2A8264,0x2A83C4,0x2A83AC,0x2A84FC,0x100,0x2AF8F8,0x2AF8F8,0x2AF908,16,2,0x0,"object_field_write"
91,during_opcode,0x2A8264,0x2A83C4,0x2A83B4,0x2A84FC,0x100,0x2AF8F8,0x2AF8F8,0x2AF908,16,2,0x0,"object_field_write"
92,during_opcode,0x2A8264,0x2A83CC,0x2A83B4,0x2A84FC,0x100,0x2AF8F8,0x2AF8F8,0x2AF908,16,2,0x0,"object_field_write"
93,during_opcode,0x2A8264,0x2A83CC,0x2A83B4,0x2A84E4,0x100,0x2AF8F8,0x2AF8F8,0x2AF908,16,2,0x0,"object_field_write"
94,during_opcode,0x2A8264,0x2A83CC,0x2A83AC,0x2A84E4,0x100,0x2AF8F8,0x2AF8F8,0x2AF908,16,2,0x0,"object_field_write"
95,during_opcode,0x2A8264,0x2A83B4,0x2A83AC,0x2A84E4,0x100,0x2AF8F8,0x2AF8F8,0x2AF908,16,2,0x0,"object_field_write"
96,during_opcode,0x2A8264,0x2A83CC,0x2A83AC,0x2A84E4,0x100,0x2AF8F8,0x2AF8F8,0x2AF908,16,2,0x0,"object_field_write"
97,during_opcode,0x2A8264,0x2A83CC,0x2A83AC,0x2A84E4,0x100,0x2AF8F8,0x2AF8F8,0x2AF908,16,2,0x0,"object_field_write"
98,during_opcode,0x2A8264,0x2A83CC,0x2A83AC,0x2A84FC,0x100,0x2AF8F8,0x2AF8F8,0x2AF908,16,2,0x0,"object_field_write"
99,during_opcode,0x2A8264,0x2A83CC,0x2A83B4,0x2A84FC,0x100,0x2AF8F8,0x2AF8F8,0x2AF908,16,2,0x0,"object_field_write"
100,during_opcode,0x2A8264,0x2A83CC,0x2A83B4,0x2A84FC,0x100,0x2AF8F8,0x2AF8F8,0x2AF908,16,2,0x0,"object_field_write"
101,during_opcode,0x2A8264,0x2A83CC,0x2A83B4,0x0,0x100,0x2AF8F8,0x2AF8F8,0x2AF908,16,2,0x0,"object_field_write"
102,during_opcode,0x2A8264,0x2A834C,0x2A83B4,0x0,0x100,0x2AF8F8,0x2AF8F8,0x2AF908,16,2,0x0,"object_field_write"
103,during_opcode,0x2A8264,0x2A834C,0x2A83B4,0x2A84B4,0x100,0x2AF8F8,0x2AF8F8,0x2AF908,16,2,0x0,"object_field_write"
104,during_opcode,0x2A8264,0x2A8354,0x2A83B4,0x2A84B4,0x100,0x2AF8F8,0x2AF8F8,0x2AF908,16,2,0x0,"object_field_write"
105,during_opcode,0x2A8264,0x2A8354,0x2A8354,0x2A84B4,0x100,0x2AF8F8,0x2AF8F8,0x2AF908,16,2,0x0,"object_field_write"
106,during_opcode,0x2A8264,0x2A835C,0x2A8354,0x2A84B4,0x100,0x2AF8F8,0x2AF8F8,0x2AF908,16,2,0x0,"object_field_write"
107,during_opcode,0x2A8264,0x2A8364,0x2A8354,0x2A84B4,0x100,0x2AF8F8,0x2AF8F8,0x2AF908,16,2,0x0,"object_field_write"
108,during_opcode,0x2A8264,0x2A836C,0x2A8354,0x2A84B4,0x100,0x2AF8F8,0x2AF8F8,0x2AF908,16,2,0x0,"object_field_write"
109,during_opcode,0x2A8264,0x2A836C,0x2A8354,0x2A84B4,0x100,0x2AF8F8,0x2AF8F8,0x2AF908,16,2,0x0,"object_field_write"
110,during_opcode,0x2A8264,0x2A8374,0x2A8354,0x2A84B4,0x100,0x2AF8F8,0x2AF8F8,0x2AF908,16,2,0x0,"object_field_write"
111,during_opcode,0x2A8264,0x2A8364,0x2A8354,0x2A84B4,0x100,0x2AF8F8,0x2AF8F8,0x2AF908,16,2,0x0,"object_field_write"
112,during_opcode,0x2A8264,0x2A836C,0x2A8354,0x2A84B4,0x100,0x2AF8F8,0x2AF8F8,0x2AF908,16,2,0x0,"object_field_write"
113,during_opcode,0x2A8264,0x2A836C,0x2A8354,0x2A84B4,0x100,0x2AF8F8,0x2AF8F8,0x2AF908,16,2,0x0,"object_field_write"
114,during_opcode,0x2A8264,0x2A8374,0x2A8354,0x2A84B4,0x100,0x2AF8F8,0x2AF8F8,0x2AF908,16,2,0x0,"object_field_write"
115,during_opcode,0x2A8264,0x2A8364,0x2A8354,0x2A84B4,0x100,0x2AF8F8,0x2AF8F8,0x2AF908,16,2,0x0,"object_field_write"
116,during_opcode,0x2A8264,0x2A836C,0x2A8354,0x2A84B4,0x100,0x2AF8F8,0x2AF8F8,0x2AF908,16,2,0x0,"object_field_write"
117,during_opcode,0x2A8264,0x2A836C,0x2A8354,0x2A84B4,0x100,0x2AF8F8,0x2AF8F8,0x2AF908,16,2,0x0,"object_field_write"
118,during_opcode,0x2A8264,0x2A8374,0x2A8354,0x2A84B4,0x100,0x2AF8F8,0x2AF8F8,0x2AF908,16,2,0x0,"object_field_write"
119,during_opcode,0x2A8264,0x2A8364,0x2A8354,0x2A84B4,0x100,0x2AF8F8,0x2AF8F8,0x2AF908,16,2,0x0,"object_field_write"
120,during_opcode,0x2A8264,0x2A836C,0x2A8354,0x2A84B4,0x100,0x2AF8F8,0x2AF8F8,0x2AF908,16,2,0x0,"object_field_write"
121,during_opcode,0x2A8264,0x2A836C,0x2A8354,0x2A84B4,0x100,0x2AF8F8,0x2AF8F8,0x2AF908,16,2,0x0,"object_field_write"
122,during_opcode,0x2A8264,0x2A8374,0x2A8354,0x2A84B4,0x100,0x2AF8F8,0x2AF8F8,0x2AF908,16,2,0x0,"object_field_write"
123,during_opcode,0x2A8264,0x2A8364,0x2A8354,0x2A84B4,0x100,0x2AF8F8,0x2AF8F8,0x2AF908,16,2,0x0,"object_field_write"
124,during_opcode,0x2A8264,0x2A836C,0x2A8354,0x2A84B4,0x100,0x2AF8F8,0x2AF8F8,0x2AF908,16,2,0x0,"object_field_write"
125,during_opcode,0x2A8264,0x2A836C,0x2A8354,0x2A84B4,0x100,0x2AF8F8,0x2AF8F8,0x2AF908,16,2,0x0,"object_field_write"
126,during_opcode,0x2A8264,0x2A8374,0x2A8354,0x2A84B4,0x100,0x2AF8F8,0x2AF8F8,0x2AF908,16,2,0x0,"object_field_write"
127,during_opcode,0x2A8264,0x2A8364,0x2A8354,0x2A84B4,0x100,0x2AF8F8,0x2AF8F8,0x2AF908,16,2,0x0,"object_field_write"
128,during_opcode,0x2A8264,0x2A836C,0x2A8354,0x2A84B4,0x100,0x2AF8F8,0x2AF8F8,0x2AF908,16,2,0x0,"object_field_write"
129,during_opcode,0x2A8264,0x2A836C,0x2A8354,0x2A84B4,0x100,0x2AF8F8,0x2AF8F8,0x2AF908,16,2,0x0,"object_field_write"
130,during_opcode,0x2A8264,0x2A8374,0x2A8354,0x2A84B4,0x100,0x2AF8F8,0x2AF8F8,0x2AF908,16,2,0x0,"object_field_write"
131,during_opcode,0x2A8264,0x2A8364,0x2A8354,0x2A84B4,0x100,0x2AF8F8,0x2AF8F8,0x2AF908,16,2,0x0,"object_field_write"
132,during_opcode,0x2A8264,0x2A836C,0x2A8354,0x2A84B4,0x100,0x2AF8F8,0x2AF8F8,0x2AF908,16,2,0x0,"object_field_write"
133,during_opcode,0x2A8264,0x2A836C,0x2A8354,0x2A84B4,0x100,0x2AF8F8,0x2AF8F8,0x2AF908,16,2,0x0,"object_field_write"
134,during_opcode,0x2A8264,0x2A8374,0x2A8354,0x2A84B4,0x100,0x2AF8F8,0x2AF8F8,0x2AF908,16,2,0x0,"object_field_write"
135,during_opcode,0x2A8264,0x2A8364,0x2A8354,0x2A84B4,0x100,0x2AF8F8,0x2AF8F8,0x2AF908,16,2,0x0,"object_field_write"
136,during_opcode,0x2A8264,0x2A836C,0x2A8354,0x2A84B4,0x100,0x2AF8F8,0x2AF8F8,0x2AF908,16,2,0x0,"object_field_write"
137,during_opcode,0x2A8264,0x2A836C,0x2A8354,0x2A84B4,0x100,0x2AF8F8,0x2AF8F8,0x2AF908,16,2,0x0,"object_field_write"
138,during_opcode,0x2A8264,0x2A8374,0x2A8354,0x2A84B4,0x100,0x2AF8F8,0x2AF8F8,0x2AF908,16,2,0x0,"object_field_write"
139,during_opcode,0x2A8264,0x2A8364,0x2A8354,0x2A84B4,0x100,0x2AF8F8,0x2AF8F8,0x2AF908,16,2,0x0,"object_field_write"
140,during_opcode,0x2A8264,0x2A836C,0x2A8354,0x2A84B4,0x100,0x2AF8F8,0x2AF8F8,0x2AF908,16,2,0x0,"object_field_write"
141,during_opcode,0x2A8264,0x2A836C,0x2A8354,0x2A84B4,0x100,0x2AF8F8,0x2AF8F8,0x2AF908,16,2,0x0,"object_field_write"
142,during_opcode,0x2A8264,0x2A8374,0x2A8354,0x2A84B4,0x100,0x2AF8F8,0x2AF8F8,0x2AF908,16,2,0x0,"object_field_write"
143,during_opcode,0x2A8264,0x2A8364,0x2A8354,0x2A84B4,0x100,0x2AF8F8,0x2AF8F8,0x2AF908,16,2,0x0,"object_field_write"
144,during_opcode,0x2A8264,0x2A836C,0x2A8354,0x2A84B4,0x100,0x2AF8F8,0x2AF8F8,0x2AF908,16,2,0x0,"object_field_write"
145,during_opcode,0x2A8264,0x2A836C,0x2A8354,0x2A84B4,0x100,0x2AF8F8,0x2AF8F8,0x2AF908,16,2,0x0,"object_field_write"
146,during_opcode,0x2A8264,0x2A8374,0x2A8354,0x2A84B4,0x100,0x2AF8F8,0x2AF8F8,0x2AF908,16,2,0x0,"object_field_write"
147,during_opcode,0x2A8264,0x2A8364,0x2A8354,0x2A84B4,0x100,0x2AF8F8,0x2AF8F8,0x2AF908,16,2,0x0,"object_field_write"
148,during_opcode,0x2A8264,0x2A836C,0x2A8354,0x2A84B4,0x100,0x2AF8F8,0x2AF8F8,0x2AF908,16,2,0x0,"object_field_write"
149,during_opcode,0x2A8264,0x2A836C,0x2A8354,0x2A84B4,0x100,0x2AF8F8,0x2AF8F8,0x2AF908,16,2,0x0,"object_field_write"
150,during_opcode,0x2A8264,0x2A8374,0x2A8354,0x2A84B4,0x100,0x2AF8F8,0x2AF8F8,0x2AF908,16,2,0x0,"object_field_write"
151,during_opcode,0x2A8264,0x2A8364,0x2A8354,0x2A84B4,0x100,0x2AF8F8,0x2AF8F8,0x2AF908,16,2,0x0,"object_field_write"
152,during_opcode,0x2A8264,0x2A836C,0x2A8354,0x2A84B4,0x100,0x2AF8F8,0x2AF8F8,0x2AF908,16,2,0x0,"object_field_write"
153,during_opcode,0x2A8264,0x2A836C,0x2A8354,0x2A84B4,0x100,0x2AF8F8,0x2AF8F8,0x2AF908,16,2,0x0,"object_field_write"
154,during_opcode,0x2A8264,0x2A8374,0x2A8354,0x2A84B4,0x100,0x2AF8F8,0x2AF8F8,0x2AF908,16,2,0x0,"object_field_write"
155,during_opcode,0x2A8264,0x2A8364,0x2A8354,0x2A84B4,0x100,0x2AF8F8,0x2AF8F8,0x2AF908,16,2,0x0,"object_field_write"
156,during_opcode,0x2A8264,0x2A836C,0x2A8354,0x2A84B4,0x100,0x2AF8F8,0x2AF8F8,0x2AF908,16,2,0x0,"object_field_write"
157,during_opcode,0x2A8264,0x2A836C,0x2A8354,0x2A84B4,0x100,0x2AF8F8,0x2AF8F8,0x2AF908,16,2,0x0,"object_field_write"
158,during_opcode,0x2A8264,0x2A8374,0x2A8354,0x2A84B4,0x100,0x2AF8F8,0x2AF8F8,0x2AF908,16,2,0x0,"object_field_write"
159,during_opcode,0x2A8264,0x2A8364,0x2A8354,0x2A84B4,0x100,0x2AF8F8,0x2AF8F8,0x2AF908,16,2,0x0,"object_field_write"
160,during_opcode,0x2A8264,0x2A836C,0x2A8354,0x2A84B4,0x100,0x2AF8F8,0x2AF8F8,0x2AF908,16,2,0x0,"object_field_write"
161,during_opcode,0x2A8264,0x2A836C,0x2A8354,0x2A84B4,0x100,0x2AF8F8,0x2AF8F8,0x2AF908,16,2,0x0,"object_field_write"
162,during_opcode,0x2A8264,0x2A8374,0x2A8354,0x2A84B4,0x100,0x2AF8F8,0x2AF8F8,0x2AF908,16,2,0x0,"object_field_write"
163,during_opcode,0x2A8264,0x2A8364,0x2A8354,0x2A84B4,0x100,0x2AF8F8,0x2AF8F8,0x2AF908,16,2,0x0,"object_field_write"
164,during_opcode,0x2A8264,0x2A836C,0x2A8354,0x2A84B4,0x100,0x2AF8F8,0x2AF8F8,0x2AF908,16,2,0x0,"object_field_write"
165,during_opcode,0x2A8264,0x2A836C,0x2A8354,0x2A84B4,0x100,0x2AF8F8,0x2AF8F8,0x2AF908,16,2,0x0,"object_field_write"
166,during_opcode,0x2A8264,0x2A8374,0x2A8354,0x2A84B4,0x100,0x2AF8F8,0x2AF8F8,0x2AF908,16,2,0x0,"object_field_write"
167,during_opcode,0x2A8264,0x2A8364,0x2A8354,0x2A84B4,0x100,0x2AF8F8,0x2AF8F8,0x2AF908,16,2,0x0,"object_field_write"
168,during_opcode,0x2A8264,0x2A836C,0x2A8354,0x2A84B4,0x100,0x2AF8F8,0x2AF8F8,0x2AF908,16,2,0x0,"object_field_write"
169,during_opcode,0x2A8264,0x2A836C,0x2A8354,0x2A84B4,0x100,0x2AF8F8,0x2AF8F8,0x2AF908,16,2,0x0,"object_field_write"
170,during_opcode,0x2A8264,0x2A8374,0x2A8354,0x2A84B4,0x100,0x2AF8F8,0x2AF8F8,0x2AF908,16,2,0x0,"object_field_write"
171,during_opcode,0x2A8264,0x2A8364,0x2A8354,0x2A84B4,0x100,0x2AF8F8,0x2AF8F8,0x2AF908,16,2,0x0,"object_field_write"
172,during_opcode,0x2A8264,0x2A836C,0x2A8354,0x2A84B4,0x100,0x2AF8F8,0x2AF8F8,0x2AF908,16,2,0x0,"object_field_write"
173,during_opcode,0x2A8264,0x2A836C,0x2A8354,0x2A84B4,0x100,0x2AF8F8,0x2AF8F8,0x2AF908,16,2,0x0,"object_field_write"
174,during_opcode,0x2A8264,0x2A8374,0x2A8354,0x2A84B4,0x100,0x2AF8F8,0x2AF8F8,0x2AF908,16,2,0x0,"object_field_write"
175,during_opcode,0x2A8264,0x2A8364,0x2A8354,0x2A84B4,0x100,0x2AF8F8,0x2AF8F8,0x2AF908,16,2,0x0,"object_field_write"
176,during_opcode,0x2A8264,0x2A836C,0x2A8354,0x2A84B4,0x100,0x2AF8F8,0x2AF8F8,0x2AF908,16,2,0x0,"object_field_write"
177,during_opcode,0x2A8264,0x2A836C,0x2A8354,0x2A84B4,0x100,0x2AF8F8,0x2AF8F8,0x2AF908,16,2,0x0,"object_field_write"
178,during_opcode,0x2A8264,0x2A8374,0x2A8354,0x2A84B4,0x100,0x2AF8F8,0x2AF8F8,0x2AF908,16,2,0x0,"object_field_write"
179,during_opcode,0x2A8264,0x2A8364,0x2A8354,0x2A84B4,0x100,0x2AF8F8,0x2AF8F8,0x2AF908,16,2,0x0,"object_field_write"
180,during_opcode,0x2A8264,0x2A836C,0x2A8354,0x2A84B4,0x100,0x2AF8F8,0x2AF8F8,0x2AF908,16,2,0x0,"object_field_write"
181,during_opcode,0x2A8264,0x2A836C,0x2A8354,0x2A84B4,0x100,0x2AF8F8,0x2AF8F8,0x2AF908,16,2,0x0,"object_field_write"
182,during_opcode,0x2A8264,0x2A8374,0x2A8354,0x2A84B4,0x100,0x2AF8F8,0x2AF8F8,0x2AF908,16,2,0x0,"object_field_write"
183,during_opcode,0x2A8264,0x2A8364,0x2A8354,0x2A84B4,0x100,0x2AF8F8,0x2AF8F8,0x2AF908,16,2,0x0,"object_field_write"
184,during_opcode,0x2A8264,0x2A836C,0x2A8354,0x2A84B4,0x100,0x2AF8F8,0x2AF8F8,0x2AF908,16,2,0x0,"object_field_write"
185,during_opcode,0x2A8264,0x2A836C,0x2A8354,0x2A84B4,0x100,0x2AF8F8,0x2AF8F8,0x2AF908,16,2,0x0,"object_field_write"
186,during_opcode,0x2A8264,0x2A8374,0x2A8354,0x2A84B4,0x100,0x2AF8F8,0x2AF8F8,0x2AF908,16,2,0x0,"object_field_write"
187,during_opcode,0x2A8264,0x2A8364,0x2A8354,0x2A84B4,0x100,0x2AF8F8,0x2AF8F8,0x2AF908,16,2,0x0,"object_field_write"
188,during_opcode,0x2A8264,0x2A836C,0x2A8354,0x2A84B4,0x100,0x2AF8F8,0x2AF8F8,0x2AF908,16,2,0x0,"object_field_write"
189,during_opcode,0x2A8264,0x2A836C,0x2A8354,0x2A84B4,0x100,0x2AF8F8,0x2AF8F8,0x2AF908,16,2,0x0,"object_field_write"
190,during_opcode,0x2A8264,0x2A8374,0x2A8354,0x2A84B4,0x100,0x2AF8F8,0x2AF8F8,0x2AF908,16,2,0x0,"object_field_write"
191,during_opcode,0x2A8264,0x2A8364,0x2A8354,0x2A84B4,0x100,0x2AF8F8,0x2AF8F8,0x2AF908,16,2,0x0,"object_field_write"
192,during_opcode,0x2A8264,0x2A836C,0x2A8354,0x2A84B4,0x100,0x2AF8F8,0x2AF8F8,0x2AF908,16,2,0x0,"object_field_write"
193,during_opcode,0x2A8264,0x2A836C,0x2A8354,0x2A84B4,0x100,0x2AF8F8,0x2AF8F8,0x2AF908,16,2,0x0,"object_field_write"
194,during_opcode,0x2A8264,0x2A8374,0x2A8354,0x2A84B4,0x100,0x2AF8F8,0x2AF8F8,0x2AF908,16,2,0x0,"object_field_write"
195,during_opcode,0x2A8264,0x2A8364,0x2A8354,0x2A84B4,0x100,0x2AF8F8,0x2AF8F8,0x2AF908,16,2,0x0,"object_field_write"
196,during_opcode,0x2A8264,0x2A836C,0x2A8354,0x2A84B4,0x100,0x2AF8F8,0x2AF8F8,0x2AF908,16,2,0x0,"object_field_write"
197,during_opcode,0x2A8264,0x2A836C,0x2A8354,0x2A84B4,0x100,0x2AF8F8,0x2AF8F8,0x2AF908,16,2,0x0,"object_field_write"
198,during_opcode,0x2A8264,0x2A8374,0x2A8354,0x2A84B4,0x100,0x2AF8F8,0x2AF8F8,0x2AF908,16,2,0x0,"object_field_write"
199,during_opcode,0x2A8264,0x2A8364,0x2A8354,0x2A84B4,0x100,0x2AF8F8,0x2AF8F8,0x2AF908,16,2,0x0,"object_field_write"
200,during_opcode,0x2A8264,0x2A836C,0x2A8354,0x2A84B4,0x100,0x2AF8F8,0x2AF8F8,0x2AF908,16,2,0x0,"object_field_write"
201,during_opcode,0x2A8264,0x2A836C,0x2A8354,0x2A84B4,0x100,0x2AF8F8,0x2AF8F8,0x2AF908,16,2,0x0,"object_field_write"
202,during_opcode,0x2A8264,0x2A8374,0x2A8354,0x2A84B4,0x100,0x2AF8F8,0x2AF8F8,0x2AF908,16,2,0x0,"object_field_write"
203,during_opcode,0x2A8264,0x2A8364,0x2A8354,0x2A84B4,0x100,0x2AF8F8,0x2AF8F8,0x2AF908,16,2,0x0,"object_field_write"
204,during_opcode,0x2A8264,0x2A836C,0x2A8354,0x2A84B4,0x100,0x2AF8F8,0x2AF8F8,0x2AF908,16,2,0x0,"object_field_write"
205,during_opcode,0x2A8264,0x2A836C,0x2A8354,0x2A84B4,0x100,0x2AF8F8,0x2AF8F8,0x2AF908,16,2,0x0,"object_field_write"
206,during_opcode,0x2A8264,0x2A8374,0x2A8354,0x2A84B4,0x100,0x2AF8F8,0x2AF8F8,0x2AF908,16,2,0x0,"object_field_write"
207,during_opcode,0x2A8264,0x2A8364,0x2A8354,0x2A84B4,0x100,0x2AF8F8,0x2AF8F8,0x2AF908,16,2,0x0,"object_field_write"
208,during_opcode,0x2A8264,0x2A836C,0x2A8354,0x2A84B4,0x100,0x2AF8F8,0x2AF8F8,0x2AF908,16,2,0x0,"object_field_write"
209,during_opcode,0x2A8264,0x2A836C,0x2A8354,0x2A84B4,0x100,0x2AF8F8,0x2AF8F8,0x2AF908,16,2,0x0,"object_field_write"
210,during_opcode,0x2A8264,0x2A8374,0x2A8354,0x2A84B4,0x100,0x2AF8F8,0x2AF8F8,0x2AF908,16,2,0x0,"object_field_write"
211,during_opcode,0x2A8264,0x2A8364,0x2A8354,0x2A84B4,0x100,0x2AF8F8,0x2AF8F8,0x2AF908,16,2,0x0,"object_field_write"
212,during_opcode,0x2A8264,0x2A836C,0x2A8354,0x2A84B4,0x100,0x2AF8F8,0x2AF8F8,0x2AF908,16,2,0x0,"object_field_write"
213,during_opcode,0x2A8264,0x2A836C,0x2A8354,0x2A84B4,0x100,0x2AF8F8,0x2AF8F8,0x2AF908,16,2,0x0,"object_field_write"
214,during_opcode,0x2A8264,0x2A8374,0x2A8354,0x2A84B4,0x100,0x2AF8F8,0x2AF8F8,0x2AF908,16,2,0x0,"object_field_write"
215,during_opcode,0x2A8264,0x2A8364,0x2A8354,0x2A84B4,0x100,0x2AF8F8,0x2AF8F8,0x2AF908,16,2,0x0,"object_field_write"
216,during_opcode,0x2A8264,0x2A836C,0x2A8354,0x2A84B4,0x100,0x2AF8F8,0x2AF8F8,0x2AF908,16,2,0x0,"object_field_write"
217,during_opcode,0x2A8264,0x2A836C,0x2A8354,0x2A84B4,0x100,0x2AF8F8,0x2AF8F8,0x2AF908,16,2,0x0,"object_field_write"
218,during_opcode,0x2A8264,0x2A8374,0x2A8354,0x2A84B4,0x100,0x2AF8F8,0x2AF8F8,0x2AF908,16,2,0x0,"object_field_write"
219,during_opcode,0x2A8264,0x2A8364,0x2A8354,0x2A84B4,0x100,0x2AF8F8,0x2AF8F8,0x2AF908,16,2,0x0,"object_field_write"
220,during_opcode,0x2A8264,0x2A8364,0x2A8354,0x2A84B4,0x100,0x2AF8F8,0x2AF8F8,0x2AF908,16,2,0x0,"object_field_write"
221,during_opcode,0x2A8264,0x2A8354,0x2A8354,0x2A84B4,0x100,0x2AF8F8,0x2AF8F8,0x2AF908,16,2,0x0,"object_field_write"
222,during_opcode,0x2A8264,0x2A835C,0x2A8354,0x2A84B4,0x100,0x2AF8F8,0x2AF8F8,0x2AF908,16,2,0x0,"object_field_write"
223,during_opcode,0x2A8264,0x2A8354,0x2A8354,0x2A84B4,0x100,0x2AF8F8,0x2AF8F8,0x2AF908,16,2,0x0,"object_field_write"
224,during_opcode,0x2A8264,0x2A835C,0x2A8354,0x2A84B4,0x100,0x2AF8F8,0x2AF8F8,0x2AF908,16,2,0x0,"object_field_write"
225,during_opcode,0x2A8264,0x2A8364,0x2A8354,0x2A84B4,0x100,0x2AF8F8,0x2AF8F8,0x2AF908,16,2,0x0,"object_field_write"
226,during_opcode,0x2A8264,0x2A836C,0x2A8354,0x2A84B4,0x100,0x2AF8F8,0x2AF8F8,0x2AF908,16,2,0x0,"object_field_write"
227,during_opcode,0x2A8264,0x2A835C,0x2A8354,0x2A84B4,0x100,0x2AF8F8,0x2AF8F8,0x2AF908,16,2,0x0,"object_field_write"
228,during_opcode,0x2A8264,0x2A8364,0x2A8354,0x2A84B4,0x100,0x2AF8F8,0x2AF8F8,0x2AF908,16,2,0x0,"object_field_write"
229,during_opcode,0x2A8264,0x2A8364,0x2A8354,0x2A84B4,0x100,0x2AF8F8,0x2AF8F8,0x2AF908,16,2,0x0,"object_field_write"
230,during_opcode,0x2A8264,0x2A836C,0x2A8354,0x2A84B4,0x100,0x2AF8F8,0x2AF8F8,0x2AF908,16,2,0x0,"object_field_write"
231,during_opcode,0x2A8264,0x2A835C,0x2A8354,0x2A84B4,0x100,0x2AF8F8,0x2AF8F8,0x2AF908,16,2,0x0,"object_field_write"
232,during_opcode,0x2A8264,0x2A8364,0x2A8354,0x2A84B4,0x100,0x2AF8F8,0x2AF8F8,0x2AF908,16,2,0x0,"object_field_write"
233,during_opcode,0x2A8264,0x2A8364,0x2A8354,0x2A84B4,0x100,0x2AF8F8,0x2AF8F8,0x2AF908,16,2,0x0,"object_field_write"
234,during_opcode,0x2A8264,0x2A836C,0x2A8354,0x2A84B4,0x100,0x2AF8F8,0x2AF8F8,0x2AF908,16,2,0x0,"object_field_write"
235,during_opcode,0x2A8264,0x2A835C,0x2A8354,0x2A84B4,0x100,0x2AF8F8,0x2AF8F8,0x2AF908,16,2,0x0,"object_field_write"
236,during_opcode,0x2A8264,0x2A8364,0x2A8354,0x2A84B4,0x100,0x2AF8F8,0x2AF8F8,0x2AF908,16,2,0x0,"object_field_write"
237,during_opcode,0x2A8264,0x2A8364,0x2A8354,0x2A84B4,0x100,0x2AF8F8,0x2AF8F8,0x2AF908,16,2,0x0,"object_field_write"
238,during_opcode,0x2A8264,0x2A836C,0x2A8354,0x2A84B4,0x100,0x2AF8F8,0x2AF8F8,0x2AF908,16,2,0x0,"object_field_write"
239,during_opcode,0x2A8264,0x2A835C,0x2A8354,0x2A84B4,0x100,0x2AF8F8,0x2AF8F8,0x2AF908,16,2,0x0,"object_field_write"
240,during_opcode,0x2A8264,0x2A8364,0x2A8354,0x2A84B4,0x100,0x2AF8F8,0x2AF8F8,0x2AF908,16,2,0x0,"object_field_write"
241,during_opcode,0x2A8264,0x2A8364,0x2A8354,0x2A84B4,0x100,0x2AF8F8,0x2AF8F8,0x2AF908,16,2,0x0,"object_field_write"
242,during_opcode,0x2A8264,0x2A836C,0x2A8354,0x2A84B4,0x100,0x2AF8F8,0x2AF8F8,0x2AF908,16,2,0x0,"object_field_write"
243,during_opcode,0x2A8264,0x2A835C,0x2A8354,0x2A84B4,0x100,0x2AF8F8,0x2AF8F8,0x2AF908,16,2,0x0,"object_field_write"
244,during_opcode,0x2A8264,0x2A8364,0x2A8354,0x2A84B4,0x100,0x2AF8F8,0x2AF8F8,0x2AF908,16,2,0x0,"object_field_write"
245,during_opcode,0x2A8264,0x2A8364,0x2A8354,0x2A84B4,0x100,0x2AF8F8,0x2AF8F8,0x2AF908,16,2,0x0,"object_field_write"
246,during_opcode,0x2A8264,0x2A836C,0x2A8354,0x2A84B4,0x100,0x2AF8F8,0x2AF8F8,0x2AF908,16,2,0x0,"object_field_write"
247,during_opcode,0x2A8264,0x2A835C,0x2A8354,0x2A84B4,0x100,0x2AF8F8,0x2AF8F8,0x2AF908,16,2,0x0,"object_field_write"
248,during_opcode,0x2A8264,0x2A835C,0x2A8354,0x2A84B4,0x100,0x2AF8F8,0x2AF8F8,0x2AF908,16,2,0x0,"object_field_write"
249,during_opcode,0x2A8264,0x2A8364,0x2A8354,0x2A84B4,0x100,0x2AF8F8,0x2AF8F8,0x2AF908,16,2,0x0,"object_field_write"
250,during_opcode,0x2A8264,0x2A836C,0x2A8354,0x2A84B4,0x100,0x2AF8F8,0x2AF8F8,0x2AF908,16,2,0x0,"object_field_write"
251,during_opcode,0x2A8264,0x2A835C,0x2A8354,0x2A84B4,0x100,0x2AF8F8,0x2AF8F8,0x2AF908,16,2,0x0,"object_field_write"
252,during_opcode,0x2A8264,0x2A8364,0x2A8354,0x2A84B4,0x100,0x2AF8F8,0x2AF8F8,0x2AF908,16,2,0x0,"object_field_write"
253,during_opcode,0x2A8264,0x2A835C,0x2A8354,0x2A84B4,0x100,0x2AF8F8,0x2AF8F8,0x2AF908,16,2,0x0,"object_field_write"
254,during_opcode,0x2A8264,0x2A8364,0x2A8354,0x2A84B4,0x100,0x2AF8F8,0x2AF8F8,0x2AF908,16,2,0x0,"object_field_write"
255,during_opcode,0x2A8264,0x2A836C,0x2A8354,0x2A84B4,0x100,0x2AF8F8,0x2AF8F8,0x2AF908,16,2,0x0,"object_field_write"
256,during_opcode,0x2A8264,0x2A8374,0x2A8354,0x2A84B4,0x100,0x2AF8F8,0x2AF8F8,0x2AF908,16,2,0x0,"object_field_write"
