run_id,seq,caller_pc,target,lr,r0_in,r0_out,note
1784717279106,1,0x2E309A,0x2D4756,0x2E309E,0x682B6C,6826860,blx
1784717279106,2,0x2E30C0,0x2DB045,0x2E30C4,0x682B24,0,bl
1784717279106,3,0x2DB058,0x94F04,0x2DB05A,0x683580,6829440,blx
1784717279106,4,0x2DB06E,0x2E236D,0x2DB072,0x1,0,bl
1784717279106,5,0x2E239A,0x280058,0x2E239C,0x1,0,blx
1784717279106,6,0x2DB0EA,0x81238,0x2DB0EC,0x0,9999,blx
1784717279106,7,0x2E30C4,0x2E2529,0x2E30C8,0x270D,0,bl
1784717279106,8,0x2E252E,0x2E1BBD,0x2E2532,0x270D,0,bl
1784717279106,9,0x2E1BE6,0x94F04,0x2E1BE8,0x683220,6828576,blx
1784717279106,10,0x2E1BF4,0x94F04,0x2E1BF6,0x682FC8,6827976,blx
1784717279106,11,0x2E1C00,0x94F04,0x2E1C02,0x682F3C,6827836,blx
1784717279106,12,0x2E1C28,0x2E33AD,0x2E1C2C,0xFFFFFFFF,0,bl
1784717279106,13,0x2E33B0,0x2E2FED,0x2E33B4,0x20,0,bl
1784717279106,14,0x2E300A,0x80160,0x2E300C,0x24,2786140,blx
1784717279106,15,0x2E1C5A,0x94F04,0x2E1C5C,0x6831F4,6828532,blx
1784717279106,16,0x2E1C66,0x94F04,0x2E1C68,0x682F30,6827824,blx
1784717279106,17,0x2E1C6C,0x2E33AD,0x2E1C70,0x682F30,0,bl
1784717279106,18,0x2E33B0,0x2E2FED,0x2E33B4,0x20,0,bl
1784717279106,19,0x2E300A,0x80160,0x2E300C,0x24,2786180,blx
1784717279106,20,0x2E2532,0x2DF329,0x2E2536,0x2A8388,0,bl
1784717279106,21,0x2DF338,0x2E24AD,0x2DF33C,0x27FA4C,0,bl
1784717279106,22,0x2E24BA,0x80320,0x2E24BC,0x27FA4C,0,blx
1784717279106,23,0x2DF348,0x2E7D75,0x2DF34C,0x140,2632276,bl
1784717279106,24,0x2E2536,0x2E75F1,0x2E253A,0x140,0,bl
1784717279106,25,0x2E7604,0x94F04,0x2E7606,0x682C4C,6827084,blx
1784717279106,26,0x2E7606,0x2E33AD,0x2E760A,0x682C4C,0,bl
1784717279106,27,0x2E33B0,0x2E2FED,0x2E33B4,0x20,0,bl
1784717279106,28,0x2E300A,0x80160,0x2E300C,0x24,2786220,blx
1784717279106,29,0x2E7620,0x2E236D,0x2E7624,0x10180,0,bl
1784717279106,30,0x2E239A,0x280058,0x2E239C,0x10180,6829476,blx
1784717279106,31,0x2E255A,0x2DF265,0x2E255E,0x6833F8,0,bl
1784717279106,32,0x2DF278,0x94F04,0x2DF27A,0x6833F8,6829048,blx
1784717279106,33,0x2DF28E,0x2E236D,0x2DF292,0x1010C,0,bl
1784717279106,34,0x2E239A,0x280058,0x2E239C,0x1010C,6890924,blx
1784717279106,35,0x2E2574,0x2E236D,0x2E2578,0x10120,0,bl
1784717279106,36,0x2E239A,0x280058,0x2E239C,0x10120,1,blx
1784717279106,37,0x2E2594,0x2E236D,0x2E2598,0x10102,0,bl
1784717279106,38,0x2E239A,0x280058,0x2E239C,0x10102,1,blx
1784717279106,39,0x2E25AC,0x2E236D,0x2E25B0,0x10102,0,bl
1784717279106,40,0x2E239A,0x280058,0x2E239C,0x10102,1,blx
1784717279106,41,0x2E25C4,0x2E236D,0x2E25C8,0x10102,0,bl
1784717279106,42,0x2E239A,0x280058,0x2E239C,0x10102,1,blx
1784717279106,43,0x2E25DC,0x2E236D,0x2E25E0,0x10102,0,bl
1784717279106,44,0x2E239A,0x280058,0x2E239C,0x10102,1,blx
1784717279106,45,0x2E25F4,0x2E236D,0x2E25F8,0x10102,0,bl
1784717279106,46,0x2E239A,0x280058,0x2E239C,0x10102,1,blx
1784717279106,47,0x2E260C,0x2E236D,0x2E2610,0x10102,0,bl
1784717279106,48,0x2E239A,0x280058,0x2E239C,0x10102,1,blx
1784717279106,49,0x2E2624,0x2E236D,0x2E2628,0x10102,0,bl
1784717279106,50,0x2E239A,0x280058,0x2E239C,0x10102,1,blx
1784717279106,51,0x2E263C,0x2E236D,0x2E2640,0x10102,0,bl
1784717279106,52,0x2E239A,0x280058,0x2E239C,0x10102,1,blx
1784717279106,53,0x2E2654,0x2E236D,0x2E2658,0x10102,0,bl
1784717279106,54,0x2E239A,0x280058,0x2E239C,0x10102,1,blx
1784717279106,55,0x2E266C,0x2E236D,0x2E2670,0x10102,0,bl
1784717279106,56,0x2E239A,0x280058,0x2E239C,0x10102,1,blx
1784717279106,57,0x2E2680,0x94F04,0x2E2682,0x682FC0,6827968,blx
1784717279106,58,0x2E2698,0x2E236D,0x2E269C,0x1010C,0,bl
1784717279106,59,0x2E239A,0x280058,0x2E239C,0x1010C,6891188,blx
1784717279106,60,0x2E26B2,0x2E236D,0x2E26B6,0x10108,0,bl
1784717279106,61,0x2E239A,0x280058,0x2E239C,0x10108,0,blx
1784717279106,62,0x2E26B6,0x2E2479,0x2E26BA,0x0,2623956,bl
1784717279106,63,0x2E26CA,0xAC428,0x2E26CC,0x682FD8,6827992,blx
1784717279106,64,0x2E26DC,0x2E236D,0x2E26E0,0x10180,0,bl
1784717279106,65,0x2E239A,0x280058,0x2E239C,0x10180,6829476,blx
1784717279106,66,0x2E26F6,0x2E236D,0x2E26FA,0x10180,0,bl
1784717279106,67,0x2E239A,0x280058,0x2E239C,0x10180,6829476,blx
1784717279106,68,0x2E2712,0x2E236D,0x2E2716,0x10183,0,bl
1784717279106,69,0x2E239A,0x280058,0x2E239C,0x10183,6950540,blx
1784717279106,70,0x2E2734,0x2E236D,0x2E2738,0x10180,0,bl
1784717279106,71,0x2E239A,0x280058,0x2E239C,0x10180,6829476,blx
1784717279106,72,0x2E2750,0x94E94,0x2E2752,0x682F80,6827904,blx
1784717279106,73,0x2E2766,0x94E94,0x2E2768,0x683230,6828592,blx
1784717279106,74,0x2E27A6,0x94E94,0x2E27A8,0x682F3C,6827836,blx
1784717279106,75,0x2E27C0,0x2E767D,0x2E27C4,0x70726D76,0,bl
1784717279106,76,0x2E7698,0x94F04,0x2E769A,0x682C58,6827096,blx
1784717279106,77,0x2E76A2,0x2E37B9,0x2E76A6,0x6835E2,0,bl
1784717279106,78,0x2E76B4,0x94E94,0x2E76B6,0x682C58,6827096,blx
1784717279106,79,0x2E76CC,0x2E236D,0x2E76D0,0x11F00,0,bl
1784717279106,80,0x2E239A,0x280058,0x2E239C,0x11F00,0,blx
1784717279106,81,0x2E76D2,0x2E37B9,0x2E76D6,0x682C58,0,bl
1784717279106,82,0x2E76FC,0x2E3461,0x2E7700,0x2A83B0,0,bl
1784717279106,83,0x2E3510,0x2E3401,0x2E3514,0x2A83B0,2786224,bl
1784717279106,84,0x2E353C,0x2E358D,0x2E3540,0x2710,0,bl
1784717279106,85,0x2E359A,0x805F8,0x2E359C,0x805F8,75999,blx
1784717279106,86,0x2E35AA,0x2E23CD,0x2E35AC,0x2E23CD,0,blx
1784717279106,87,0x2E23EC,0x280058,0x2E23EE,0x682B24,0,blx
1784717279106,88,0x2E35B4,0x2E23A5,0x2E35B6,0x2710,0,blx
1784717279106,89,0x2E23C2,0x280058,0x2E23C4,0x682B24,0,blx
1784717279106,90,0x2E27D0,0x2DE3A9,0x2E27D4,0x2E8A88,0,bl
1784717279106,91,0x2DE3C6,0x2E236D,0x2DE3CA,0x11F00,0,bl
1784717279106,92,0x2E239A,0x280058,0x2E239C,0x11F00,0,blx
1784717279106,93,0x2DE414,0x2E236D,0x2DE418,0x11F00,0,bl
1784717279106,94,0x2E239A,0x280058,0x2E239C,0x11F00,0,blx
1784717279106,95,0x2DE43C,0x2DE1E1,0x2DE440,0x2E8A88,0,bl
1784717279106,96,0x2DE216,0x2E236D,0x2DE21A,0x11F00,0,bl
1784717279106,97,0x2E239A,0x280058,0x2E239C,0x11F00,0,blx
1784717279106,98,0x2DE450,0x2E31B9,0x2DE454,0x73,0,bl
1784717279106,99,0x2E31E6,0x802B0,0x2E31E8,0x282A54,2632276,blx
1784717279106,100,0x2E2886,0x2E5345,0x2E288A,0x0,0,bl
1784717279106,101,0x2E536E,0x94F04,0x2E5370,0x683248,6828616,blx
1784717279106,102,0x2E5380,0x94F04,0x2E5382,0x683320,6828832,blx
1784717279106,103,0x2E538E,0x94F04,0x2E5390,0x27FA30,2619952,blx
1784717279106,104,0x2E5396,0x2E3181,0x2E539A,0x349,0,bl
1784717279106,105,0x2E31AE,0x94E94,0x2E31B0,0x27FA30,2619952,blx
1784717279106,106,0x2E53A6,0xAC2D0,0x2E53A8,0x27FA30,0,blx
1784717279106,107,0x2E53C0,0x94F04,0x2E53C2,0x27FA30,2619952,blx
1784717279106,108,0x2E53CA,0x2E3181,0x2E53CE,0x34C,0,bl
1784717279106,109,0x2E31AE,0x94E94,0x2E31B0,0x27FA30,2619952,blx
1784717279106,110,0x2E53DA,0xAC2D0,0x2E53DC,0x27FA30,0,blx
