run_id,seq,pc,lr,sp,r0,r1,r2,r3,r9,size,bytes,kind,target
1784719371649,1,0x2E3088,0x80000,0x27FB48,0x2AC8DC,0x0,0x0,0x7DB,0x682B6C,2,FFB50000,INSN,0x0
1784719371649,2,0x2E308A,0x80000,0x27FB24,0x2AC8DC,0x0,0x0,0x7DB,0x682B6C,2,1F1C0000,INSN,0x0
1784719371649,3,0x2E308C,0x80000,0x27FB24,0x2AC8DC,0x0,0x0,0x7DB,0x682B6C,2,161C0000,INSN,0x0
1784719371649,4,0x2E308E,0x80000,0x27FB24,0x2AC8DC,0x0,0x0,0x7DB,0x682B6C,2,051C0000,INSN,0x0
1784719371649,5,0x2E3090,0x80000,0x27FB24,0x2AC8DC,0x0,0x0,0x7DB,0x682B6C,2,00680000,INSN,0x0
1784719371649,6,0x2E3092,0x80000,0x27FB24,0x682B6C,0x0,0x0,0x7DB,0x682B6C,2,81B00000,INSN,0x0
1784719371649,7,0x2E3094,0x80000,0x27FB20,0x682B6C,0x0,0x0,0x7DB,0x682B6C,2,49460000,INSN,0x0
1784719371649,8,0x2E3096,0x80000,0x27FB20,0x682B6C,0x682B6C,0x0,0x7DB,0x682B6C,2,00910000,INSN,0x0
1784719371649,9,0x2E3098,0x80000,0x27FB20,0x682B6C,0x682B6C,0x0,0x7DB,0x682B6C,2,00240000,INSN,0x0
1784719371649,10,0x2E309A,0x80000,0x27FB20,0x682B6C,0x682B6C,0x0,0x7DB,0x682B6C,4,F1F75CEB,BLX,0x2D4756
1784719371649,11,0x2D4754,0x2E309F,0x27FB20,0x682B6C,0x682B6C,0x0,0x7DB,0x682B6C,4,0090A0E1,INSN,0x0
1784719371649,12,0x2D4758,0x2E309F,0x27FB20,0x682B6C,0x682B6C,0x0,0x7DB,0x682B6C,4,1EFF2FE1,INSN,0x0
1784719371649,13,0x2E309E,0x2E309F,0x27FB20,0x682B6C,0x682B6C,0x0,0x7DB,0x682B6C,2,02980000,INSN,0x0
1784719371649,14,0x2E30A0,0x2E309F,0x27FB20,0x0,0x682B6C,0x0,0x7DB,0x682B6C,2,0B280000,INSN,0x0
1784719371649,15,0x2E30A2,0x2E309F,0x27FB20,0x0,0x682B6C,0x0,0x7DB,0x682B6C,2,35D20000,INSN,0x0
1784719371649,16,0x2E30A4,0x2E309F,0x27FB20,0x0,0x682B6C,0x0,0x7DB,0x682B6C,2,01A30000,INSN,0x0
1784719371649,17,0x2E30A6,0x2E309F,0x27FB20,0x0,0x682B6C,0x0,0x2E30AC,0x682B6C,2,1B5C0000,INSN,0x0
1784719371649,18,0x2E30A8,0x2E309F,0x27FB20,0x0,0x682B6C,0x0,0x5,0x682B6C,2,5B000000,INSN,0x0
1784719371649,19,0x2E30AA,0x2E309F,0x27FB20,0x0,0x682B6C,0x0,0xA,0x682B6C,2,9F440000,INSN,0x0
1784719371649,20,0x2E30B8,0x2E309F,0x27FB20,0x0,0x682B6C,0x0,0xA,0x682B6C,2,18490000,INSN,0x0
1784719371649,21,0x2E30BA,0x2E309F,0x27FB20,0x0,0x900,0x0,0xA,0x682B6C,2,E8680000,INSN,0x0
1784719371649,22,0x2E30BC,0x2E309F,0x27FB20,0x682B24,0x900,0x0,0xA,0x682B6C,2,49440000,INSN,0x0
1784719371649,23,0x2E30BE,0x2E309F,0x27FB20,0x682B24,0x68346C,0x0,0xA,0x682B6C,2,48610000,INSN,0x0
1784719371649,24,0x2E30C0,0x2E309F,0x27FB20,0x682B24,0x68346C,0x0,0xA,0x682B6C,4,F7F7C0FF,BL,0x2DB045
1784719371649,25,0x2DB044,0x2E30C5,0x27FB20,0x682B24,0x68346C,0x0,0xA,0x682B6C,2,30B50000,INSN,0x0
1784719371649,26,0x2DB046,0x2E30C5,0x27FB14,0x682B24,0x68346C,0x0,0xA,0x682B6C,2,2C4C0000,INSN,0x0
1784719371649,27,0x2DB048,0x2E30C5,0x27FB14,0x682B24,0x68346C,0x0,0xA,0x682B6C,2,1C220000,INSN,0x0
1784719371649,28,0x2DB04A,0x2E30C5,0x27FB14,0x682B24,0x68346C,0x1C,0xA,0x682B6C,2,7C440000,INSN,0x0
1784719371649,29,0x2DB04C,0x2E30C5,0x27FB14,0x682B24,0x68346C,0x1C,0xA,0x682B6C,2,A06B0000,INSN,0x0
1784719371649,30,0x2DB04E,0x2E30C5,0x27FB14,0x281EFC,0x68346C,0x1C,0xA,0x682B6C,2,00210000,INSN,0x0
1784719371649,31,0x2DB050,0x2E30C5,0x27FB14,0x281EFC,0x0,0x1C,0xA,0x682B6C,2,836B0000,INSN,0x0
1784719371649,32,0x2DB052,0x2E30C5,0x27FB14,0x281EFC,0x0,0x1C,0x94F04,0x682B6C,2,2A480000,INSN,0x0
1784719371649,35,0x2DB058,0x2E30C5,0x27FB08,0x683580,0x0,0x1C,0x94F04,0x280400,2,98470000,BLX,0x94F04
1784719371649,136,0x2DB06E,0x2DB05B,0x27FB08,0x1,0x64,0x0,0x0,0x682B6C,4,07F07DF9,BL,0x2E236D
1784719371649,160,0x2E239A,0x2DB073,0x27FAE0,0x1,0x64,0x0,0x0,0x682B6C,2,B8470000,BLX,0x280058
1784719371649,224,0x2DB0EA,0x2E239D,0x27FB08,0x0,0x7,0x270F,0x81238,0x280400,2,98470000,BLX,0x81238
1784719371649,310,0x2E30C4,0x2DB0ED,0x27FB20,0x270D,0x7,0x1,0x81238,0x682B6C,4,FFF730FA,BL,0x2E2529
1784719371649,314,0x2E252E,0x2E30C9,0x27FA68,0x270D,0x7,0x1,0x81238,0x682B6C,4,FFF745FB,BL,0x2E1BBD
1784719371649,336,0x2E1BE6,0x2E2533,0x27FA58,0x683220,0x0,0x10,0x94F04,0x280400,2,98470000,BLX,0x94F04
1784719371649,397,0x2E1BF4,0x2E1BE9,0x27FA58,0x682FC8,0x0,0x8,0x94F04,0x280400,2,98470000,BLX,0x94F04
1784719371649,433,0x2E1C00,0x2E1BF7,0x27FA58,0x682F3C,0x0,0x14,0x94F04,0x280400,2,98470000,BLX,0x94F04
1784719371649,517,0x2E1C24,0x2E1C03,0x27FA58,0x682C86,0x682EEA,0xFFFFFFFF,0x0,0x682B6C,2,E0430000,NEG1_SENTINEL,0x0
1784719371649,519,0x2E1C28,0x2E1C03,0x27FA58,0xFFFFFFFF,0x682EEA,0xFFFFFFFF,0x0,0x682B6C,4,01F0C0FB,BL,0x2E33AD
1784719371649,522,0x2E33B0,0x2E1C2D,0x27FA50,0x20,0x682EEA,0xFFFFFFFF,0x0,0x682B6C,4,FFF71CFE,BL,0x2E2FED
1784719371649,535,0x2E300A,0x2E33B5,0x27FA48,0x24,0x80160,0xFFFFFFFF,0x0,0x280400,2,88470000,BLX,0x80160
1784719371649,668,0x2E1C5A,0x2E300D,0x27FA58,0x6831F4,0x0,0x14,0x94F04,0x280400,2,98470000,BLX,0x94F04
1784719371649,740,0x2E1C66,0x2E1C5D,0x27FA58,0x682F30,0x0,0xC,0x94F04,0x280400,2,98470000,BLX,0x94F04
1784719371649,785,0x2E1C6C,0x2E1C69,0x27FA58,0x682F30,0x682F3C,0xFFFFFFFF,0x0,0x682B6C,4,01F09EFB,BL,0x2E33AD
1784719371649,788,0x2E33B0,0x2E1C71,0x27FA50,0x20,0x682F3C,0xFFFFFFFF,0x0,0x682B6C,4,FFF71CFE,BL,0x2E2FED
1784719371649,801,0x2E300A,0x2E33B5,0x27FA48,0x24,0x80160,0xFFFFFFFF,0x0,0x280400,2,88470000,BLX,0x80160
1784719371649,913,0x2E2532,0x2E300D,0x27FA68,0x2A8388,0x0,0x67E90,0x0,0x682B6C,4,FCF7F9FE,BL,0x2DF329
1784719371649,922,0x2DF338,0x2E2537,0x27FA48,0x27FA4C,0x0,0x0,0x0,0x682B6C,4,03F0B8F8,BL,0x2E24AD
1784719371649,930,0x2E24BA,0x2DF33D,0x27FA40,0x27FA4C,0x80320,0x0,0x0,0x280400,2,88470000,BLX,0x80320
1784719371649,995,0x2DF348,0x2E24BD,0x27FA48,0x140,0x10,0x0,0x0,0x682B6C,4,08F014FD,BL,0x2E7D75
1784719371649,1027,0x2E2536,0x2DF34D,0x27FA68,0x140,0x3,0x1C,0x1A,0x682B6C,4,05F05BF8,BL,0x2E75F1
1784719371649,1038,0x2E7604,0x2E253B,0x27FA48,0x682C4C,0x0,0x2C,0x94F04,0x280400,2,98470000,BLX,0x94F04
1784719371649,1177,0x2E7606,0x2E7607,0x27FA48,0x682C4C,0x682C78,0xFFFFFFFF,0x0,0x682B6C,4,FBF7D1FE,BL,0x2E33AD
1784719371649,1180,0x2E33B0,0x2E760B,0x27FA40,0x20,0x682C78,0xFFFFFFFF,0x0,0x682B6C,4,FFF71CFE,BL,0x2E2FED
1784719371649,1193,0x2E300A,0x2E33B5,0x27FA38,0x24,0x80160,0xFFFFFFFF,0x0,0x280400,2,88470000,BLX,0x80160
1784719371649,1314,0x2E7620,0x2E300D,0x27FA48,0x10180,0x0,0x0,0x0,0x682B6C,4,FAF7A4FE,BL,0x2E236D
1784719371649,1338,0x2E239A,0x2E7625,0x27FA20,0x10180,0x0,0x0,0x0,0x682B6C,2,B8470000,BLX,0x280058
1784719371649,1379,0x2E255A,0x2E239D,0x27FA68,0x6833F8,0x25,0x683230,0x0,0x682B6C,4,FCF783FE,BL,0x2DF265
1784719371649,1390,0x2DF278,0x2E255F,0x27FA40,0x6833F8,0x0,0x25,0x94F04,0x280400,2,98470000,BLX,0x94F04
1784719371649,1518,0x2DF28E,0x2DF27B,0x27FA40,0x1010C,0x100,0x27FA50,0x0,0x682B6C,4,03F06DF8,BL,0x2E236D
1784719371649,1542,0x2E239A,0x2DF293,0x27FA18,0x1010C,0x100,0x27FA50,0x0,0x682B6C,2,B8470000,BLX,0x280058
1784719371649,1561,0x2E2574,0x2E239D,0x27FA68,0x10120,0x4,0x682B24,0x0,0x682B6C,4,FFF7FAFE,BL,0x2E236D
1784719371649,1585,0x2E239A,0x2E2579,0x27FA40,0x10120,0x4,0x682B24,0x0,0x682B6C,2,B8470000,BLX,0x280058
1784719371649,1603,0x2E2594,0x2E239D,0x27FA68,0x10102,0x10600,0x2E74AD,0x0,0x682B6C,4,FFF7EAFE,BL,0x2E236D
1784719371649,1627,0x2E239A,0x2E2599,0x27FA40,0x10102,0x10600,0x2E74AD,0x0,0x682B6C,2,B8470000,BLX,0x280058
1784719371649,1641,0x2E25AC,0x2E239D,0x27FA68,0x10102,0x10601,0x2E03E1,0x0,0x682B6C,4,FFF7DEFE,BL,0x2E236D
1784719371649,1665,0x2E239A,0x2E25B1,0x27FA40,0x10102,0x10601,0x2E03E1,0x0,0x682B6C,2,B8470000,BLX,0x280058
1784719371649,1679,0x2E25C4,0x2E239D,0x27FA68,0x10102,0x10602,0x2E0421,0x0,0x682B6C,4,FFF7D2FE,BL,0x2E236D
1784719371649,1703,0x2E239A,0x2E25C9,0x27FA40,0x10102,0x10602,0x2E0421,0x0,0x682B6C,2,B8470000,BLX,0x280058
1784719371649,1717,0x2E25DC,0x2E239D,0x27FA68,0x10102,0x10603,0x2E0359,0x0,0x682B6C,4,FFF7C6FE,BL,0x2E236D
1784719371649,1741,0x2E239A,0x2E25E1,0x27FA40,0x10102,0x10603,0x2E0359,0x0,0x682B6C,2,B8470000,BLX,0x280058
1784719371649,1755,0x2E25F4,0x2E239D,0x27FA68,0x10102,0x10604,0x2E0445,0x0,0x682B6C,4,FFF7BAFE,BL,0x2E236D
1784719371649,1779,0x2E239A,0x2E25F9,0x27FA40,0x10102,0x10604,0x2E0445,0x0,0x682B6C,2,B8470000,BLX,0x280058
1784719371649,1793,0x2E260C,0x2E239D,0x27FA68,0x10102,0x10605,0x2E0361,0x0,0x682B6C,4,FFF7AEFE,BL,0x2E236D
1784719371649,1817,0x2E239A,0x2E2611,0x27FA40,0x10102,0x10605,0x2E0361,0x0,0x682B6C,2,B8470000,BLX,0x280058
1784719371649,1831,0x2E2624,0x2E239D,0x27FA68,0x10102,0x10606,0x2DFC61,0x0,0x682B6C,4,FFF7A2FE,BL,0x2E236D
1784719371649,1855,0x2E239A,0x2E2629,0x27FA40,0x10102,0x10606,0x2DFC61,0x0,0x682B6C,2,B8470000,BLX,0x280058
1784719371649,1869,0x2E263C,0x2E239D,0x27FA68,0x10102,0x1060A,0x2DFC59,0x0,0x682B6C,4,FFF796FE,BL,0x2E236D
1784719371649,1893,0x2E239A,0x2E2641,0x27FA40,0x10102,0x1060A,0x2DFC59,0x0,0x682B6C,2,B8470000,BLX,0x280058
1784719371649,1907,0x2E2654,0x2E239D,0x27FA68,0x10102,0x10608,0x2DF699,0x0,0x682B6C,4,FFF78AFE,BL,0x2E236D
1784719371649,1931,0x2E239A,0x2E2659,0x27FA40,0x10102,0x10608,0x2DF699,0x0,0x682B6C,2,B8470000,BLX,0x280058
1784719371649,1945,0x2E266C,0x2E239D,0x27FA68,0x10102,0x10609,0x2E0405,0x0,0x682B6C,4,FFF77EFE,BL,0x2E236D
1784719371649,1969,0x2E239A,0x2E2671,0x27FA40,0x10102,0x10609,0x2E0405,0x0,0x682B6C,2,B8470000,BLX,0x280058
1784719371649,1981,0x2E2680,0x2E239D,0x27FA68,0x682FC0,0x0,0x8,0x94F04,0x280400,2,98470000,BLX,0x94F04
1784719371649,2023,0x2E2698,0x2E2683,0x27FA68,0x1010C,0xE7D0,0x27FAE8,0x0,0x682B6C,4,FFF768FE,BL,0x2E236D
1784719371649,2047,0x2E239A,0x2E269D,0x27FA40,0x1010C,0xE7D0,0x27FAE8,0x0,0x682B6C,2,B8470000,BLX,0x280058
1784719371649,2062,0x2E26B2,0x2E239D,0x27FA68,0x10108,0x2E862C,0x0,0x0,0x682B6C,4,FFF75BFE,BL,0x2E236D
1784719371649,2086,0x2E239A,0x2E26B7,0x27FA40,0x10108,0x2E862C,0x0,0x0,0x682B6C,2,B8470000,BLX,0x280058
1784719371649,2090,0x2E26B6,0x2E239D,0x27FA68,0x0,0x2E862C,0x0,0x0,0x682B6C,4,FFF7DFFE,BL,0x2E2479
1784719371649,2106,0x2E26CA,0x2E26BB,0x27FA68,0x682FD8,0x2809D4,0x40,0xAC428,0x280400,2,98470000,BLX,0xAC428
1784719371649,2567,0x2E26DC,0x2E26CD,0x27FA68,0x10180,0x1,0x0,0x0,0x682B6C,4,FFF746FE,BL,0x2E236D
1784719371649,2591,0x2E239A,0x2E26E1,0x27FA40,0x10180,0x1,0x0,0x0,0x682B6C,2,B8470000,BLX,0x280058
1784719371649,2606,0x2E26F6,0x2E239D,0x27FA68,0x10180,0x5,0x0,0x0,0x682B6C,4,FFF739FE,BL,0x2E236D
1784719371649,2630,0x2E239A,0x2E26FB,0x27FA40,0x10180,0x5,0x0,0x0,0x682B6C,2,B8470000,BLX,0x280058
1784719371649,2646,0x2E2712,0x2E239D,0x27FA68,0x10183,0x600,0x0,0x0,0x682B6C,4,FFF72BFE,BL,0x2E236D
1784719371649,2670,0x2E239A,0x2E2717,0x27FA40,0x10183,0x600,0x0,0x0,0x682B6C,2,B8470000,BLX,0x280058
1784719371649,2689,0x2E2734,0x2E239D,0x27FA68,0x10180,0xA,0x0,0x0,0x682B6C,4,FFF71AFE,BL,0x2E236D
1784719371649,2713,0x2E239A,0x2E2739,0x27FA40,0x10180,0xA,0x0,0x0,0x682B6C,2,B8470000,BLX,0x280058
1784719371649,2729,0x2E2750,0x2E239D,0x27FA68,0x682F80,0x6A0E8C,0x4,0x94E94,0x280400,2,98470000,BLX,0x94E94
1784719371649,2760,0x2E2766,0x2E2753,0x27FA68,0x683230,0x6A0E90,0x4,0x94E94,0x280400,2,98470000,BLX,0x94E94
1784719371649,2805,0x2E27A6,0x2E2769,0x27FA68,0x682F3C,0x6A0E94,0x14,0x94E94,0x280400,2,98470000,BLX,0x94E94
1784719371649,2902,0x2E27C0,0x2E27A9,0x27FA68,0x70726D76,0x6A0EA8,0xFFFFFFFF,0x682F50,0x682B6C,4,04F05CFF,BL,0x2E767D
1784719371649,2917,0x2E7698,0x2E27C5,0x27FA40,0x682C58,0x0,0x20,0x94F04,0x280400,2,98470000,BLX,0x94F04
1784719371649,3024,0x2E76A2,0x2E769B,0x27FA40,0x6835E2,0x682C78,0xFFFFFFFF,0x0,0x682B6C,4,FCF789F8,BL,0x2E37B9
1784719371649,3040,0x2E76B4,0x2E76A7,0x27FA40,0x682C58,0x6835E2,0x0,0x94E94,0x280400,2,98470000,BLX,0x94E94
1784719371649,3055,0x2E76CC,0x2E76B7,0x27FA40,0x11F00,0xC,0x682C58,0x1,0x682B6C,4,FAF74EFE,BL,0x2E236D
1784719371649,3079,0x2E239A,0x2E76D1,0x27FA18,0x11F00,0xC,0x682C58,0x1,0x682B6C,2,B8470000,BLX,0x280058
1784719371649,3084,0x2E76D2,0x2E239D,0x27FA40,0x682C58,0xC,0x682C58,0x1,0x682B6C,4,FCF771F8,BL,0x2E37B9
1784719371649,3103,0x2E76FC,0x2E76D7,0x27FA40,0x2A83B0,0x2710,0x0,0x2E7735,0x682B6C,4,FBF7B0FE,BL,0x2E3461
1784719371649,3156,0x2E3510,0x2E7701,0x27FA28,0x2A83B0,0x0,0x0,0x2E7735,0x682B6C,4,FFF776FF,BL,0x2E3401
1784719371649,3178,0x2E353C,0x2E3515,0x27FA28,0x2710,0x0,0xFFFFD8F0,0x6834EC,0x682B6C,4,00F026F8,BL,0x2E358D
1784719371649,3186,0x2E359A,0x2E3541,0x27FA18,0x805F8,0x0,0xFFFFD8F0,0x6834EC,0x280400,2,80470000,BLX,0x805F8
1784719371649,3251,0x2E35AA,0x2E359D,0x27FA18,0x2E23CD,0x6834EC,0xFFFFD8F0,0x6834EC,0x682B6C,2,80470000,BLX,0x2E23CD
1784719371649,3268,0x2E23EC,0x2E35AD,0x27FA00,0x682B24,0x1,0x1,0x0,0x682B6C,2,A0470000,BLX,0x280058
1784719371649,3276,0x2E35B4,0x2E23EF,0x27FA18,0x2710,0x2E23A5,0x1,0x0,0x682B6C,2,88470000,BLX,0x2E23A5
1784719371649,3292,0x2E23C2,0x2E35B7,0x27FA00,0x682B24,0x0,0x1,0x2710,0x682B6C,2,A0470000,BLX,0x280058
1784719371649,3314,0x2E27D0,0x2E23C5,0x27FA68,0x2E8A88,0x2E8758,0x1,0x2E7735,0x682B6C,4,FBF7EAFD,BL,0x2DE3A9
1784719371649,3330,0x2DE3C6,0x2E27D5,0x27FA38,0x11F00,0xC,0x2E8A88,0x1,0x682B6C,4,03F0D1FF,BL,0x2E236D
1784719371649,3354,0x2E239A,0x2DE3CB,0x27FA10,0x11F00,0xC,0x2E8A88,0x1,0x682B6C,2,B8470000,BLX,0x280058
1784719371649,3395,0x2DE414,0x2E239D,0x27FA38,0x11F00,0x6,0x27FA54,0x40,0x682B6C,4,03F0AAFF,BL,0x2E236D
1784719371649,3419,0x2E239A,0x2DE419,0x27FA10,0x11F00,0x6,0x27FA54,0x40,0x682B6C,2,B8470000,BLX,0x280058
1784719371649,3441,0x2DE43C,0x2E239D,0x27FA38,0x2E8A88,0x75,0x9E,0x9C0073,0x682B6C,4,FFF7D0FE,BL,0x2DE1E1
1784719371649,3469,0x2DE216,0x2DE441,0x27FA00,0x11F00,0x7,0x2E8A88,0x27FA10,0x682B6C,4,04F0A9F8,BL,0x2E236D
1784719371649,3493,0x2E239A,0x2DE21B,0x27F9D8,0x11F00,0x7,0x2E8A88,0x27FA10,0x682B6C,2,B8470000,BLX,0x280058
1784719371649,3510,0x2DE450,0x2E239D,0x27FA38,0x73,0x9C,0x6,0x4,0x682B6C,4,04F0B2FE,BL,0x2E31B9
1784719371649,3533,0x2E31E6,0x2DE455,0x27FA20,0x282A54,0x73,0x9C,0x6,0x280400,2,B8470000,BLX,0x802B0
1784719371649,3598,0x2E2886,0x2E31E9,0x27FA68,0x0,0x73,0x9C,0x4,0x682B6C,4,02F05DFD,BL,0x2E5345
1784719371649,3620,0x2E536E,0x2E288B,0x27FA00,0x683248,0x0,0xD8,0x94F04,0x280400,2,98470000,BLX,0x94F04
1784719371649,4283,0x2E5380,0x2E5371,0x27FA00,0x683320,0x0,0xD8,0x94F04,0x280400,2,98470000,BLX,0x94F04
1784719371649,4944,0x2E538E,0x2E5383,0x27FA00,0x27FA30,0x0,0x10,0x94F04,0x280400,2,98470000,BLX,0x94F04
1784719371649,5002,0x2E5396,0x2E5391,0x27FA00,0x349,0x27FA30,0x3,0x0,0x682B6C,4,FDF7F3FE,BL,0x2E3181
1784719371649,5023,0x2E31AE,0x2E539B,0x27F9F8,0x27FA30,0x28101D,0x3,0x94E94,0x280400,2,98470000,BLX,0x94E94
1784719371649,5048,0x2E53A6,0x2E31B1,0x27FA00,0x27FA30,0x2E845C,0xAC2D0,0x27FA33,0x280400,2,90470000,BLX,0xAC2D0
1784719371649,5084,0x2E53C0,0x2E53A9,0x27FA00,0x27FA30,0x0,0x10,0x94F04,0x280400,2,98470000,BLX,0x94F04
1784719371649,5143,0x2E53CA,0x2E53C3,0x27FA00,0x34C,0x27FA30,0x8,0x0,0x682B6C,4,FDF7D9FE,BL,0x2E3181
1784719371649,5164,0x2E31AE,0x2E53CF,0x27F9F8,0x27FA30,0x281020,0x8,0x94E94,0x280400,2,98470000,BLX,0x94E94
1784719371649,5209,0x2E53DA,0x2E31B1,0x27FA00,0x27FA30,0x2E8458,0xAC2D0,0x27FA38,0x280400,2,90470000,BLX,0xAC2D0
1784719371649,5241,0x2E53EA,0x2E53DD,0x27FA00,0x355,0x27FA48,0x2,0x0,0x682B6C,4,FDF7C9FE,BL,0x2E3181
1784719371649,5262,0x2E31AE,0x2E53EF,0x27F9F8,0x27FA48,0x281029,0x2,0x94E94,0x280400,2,98470000,BLX,0x94E94
1784719371649,5274,0x94EB0,0x2E31B1,0x27F9F8,0x27FA48,0x28102B,0xFFFFFFFF,0x27FA4A,0x280400,4,1EFF2FE1,INSN,0x0
1784719371649,5275,0x2E31B0,0x2E31B1,0x27F9F8,0x27FA48,0x28102B,0xFFFFFFFF,0x27FA4A,0x682B6C,2,00200000,INSN,0x0
1784719371649,5276,0x2E31B2,0x2E31B1,0x27F9F8,0x0,0x28102B,0xFFFFFFFF,0x27FA4A,0x682B6C,2,10BD0000,INSN,0x0
1784719371649,5277,0x2E53EE,0x2E31B1,0x27FA00,0x0,0x28102B,0xFFFFFFFF,0x27FA4A,0x682B6C,2,10AB0000,INSN,0x0
1784719371649,5278,0x2E53F0,0x2E31B1,0x27FA00,0x0,0x28102B,0xFFFFFFFF,0x27FA40,0x682B6C,2,08200000,INSN,0x0
1784719371649,5279,0x2E53F2,0x2E31B1,0x27FA00,0x8,0x28102B,0xFFFFFFFF,0x27FA40,0x682B6C,2,185E0000,INSN,0x0
1784719371649,5280,0x2E53F4,0x2E31B1,0x27FA00,0x0,0x28102B,0xFFFFFFFF,0x27FA40,0x682B6C,2,00280000,INSN,0x0
1784719371649,5281,0x2E53F6,0x2E31B1,0x27FA00,0x0,0x28102B,0xFFFFFFFF,0x27FA40,0x682B6C,2,05DD0000,INSN,0x0
1784719371649,5282,0x2E5404,0x2E31B1,0x27FA00,0x0,0x28102B,0xFFFFFFFF,0x27FA40,0x682B6C,2,281C0000,INSN,0x0
1784719371649,5283,0x2E5406,0x2E31B1,0x27FA00,0xFFFFFFFF,0x28102B,0xFFFFFFFF,0x27FA40,0x682B6C,2,D3E70000,INSN,0x0
