run_id,seq,pc,lr,r0,r1,r2,r3,r4,r9,cpsr,size,bytes,note
1784728735525,1,0x2E1BBC,0x2E2533,0x270D,0x7,0x1,0x81238,0x0,0x682B6C,0x600001F3,2,70B50000,"dense"
1784728735525,2,0x2E1BBE,0x2E2533,0x270D,0x7,0x1,0x81238,0x0,0x682B6C,0x600001F3,2,2D4D0000,"dense"
1784728735525,3,0x2E1BC0,0x2E2533,0x270D,0x7,0x1,0x81238,0x0,0x682B6C,0x600001F3,2,00240000,"MOVS_r4_0"
1784728735525,4,0x2E1BC2,0x2E2533,0x270D,0x7,0x1,0x81238,0x0,0x682B6C,0x600001F3,2,2D480000,"dense"
1784728735525,5,0x2E1BC4,0x2E2533,0x120,0x7,0x1,0x81238,0x0,0x682B6C,0x600001F3,2,4D440000,"dense"
1784728735525,6,0x2E1BC6,0x2E2533,0x120,0x7,0x1,0x81238,0x0,0x682B6C,0x600001F3,2,EC620000,"dense"
1784728735525,7,0x2E1BC8,0x2E2533,0x120,0x7,0x1,0x81238,0x0,0x682B6C,0x600001F3,2,EC660000,"dense"
1784728735525,8,0x2E1BCA,0x2E2533,0x120,0x7,0x1,0x81238,0x0,0x682B6C,0x600001F3,2,48440000,"dense"
1784728735525,9,0x2E1BCC,0x2E2533,0x682C8C,0x7,0x1,0x81238,0x0,0x682B6C,0x600001F3,2,04600000,"dense"
1784728735525,10,0x2E1BCE,0x2E2533,0x682C8C,0x7,0x1,0x81238,0x0,0x682B6C,0x600001F3,2,6C610000,"dense"
1784728735525,11,0x2E1BD0,0x2E2533,0x682C8C,0x7,0x1,0x81238,0x0,0x682B6C,0x600001F3,2,EC600000,"dense"
1784728735525,12,0x2E1BD2,0x2E2533,0x682C8C,0x7,0x1,0x81238,0x0,0x682B6C,0x600001F3,2,AC630000,"dense"
1784728735525,13,0x2E1BD4,0x2E2533,0x682C8C,0x7,0x1,0x81238,0x0,0x682B6C,0x600001F3,2,2A4E0000,"dense"
1784728735525,14,0x2E1BD6,0x2E2533,0x682C8C,0x7,0x1,0x81238,0x0,0x682B6C,0x600001F3,2,2C630000,"dense"
1784728735525,15,0x2E1BD8,0x2E2533,0x682C8C,0x7,0x1,0x81238,0x0,0x682B6C,0x600001F3,2,2C660000,"dense"
1784728735525,16,0x2E1BDA,0x2E2533,0x682C8C,0x7,0x1,0x81238,0x0,0x682B6C,0x600001F3,2,28480000,"dense"
1784728735525,17,0x2E1BDC,0x2E2533,0x6B4,0x7,0x1,0x81238,0x0,0x682B6C,0x600001F3,2,4E440000,"dense"
1784728735525,18,0x2E1BDE,0x2E2533,0x6B4,0x7,0x1,0x81238,0x0,0x682B6C,0x600001F3,2,33680000,"dense"
1784728735525,19,0x2E1BE0,0x2E2533,0x6B4,0x7,0x1,0x94F04,0x0,0x682B6C,0x600001F3,2,10220000,"dense"
1784728735525,20,0x2E1BE2,0x2E2533,0x6B4,0x7,0x10,0x94F04,0x0,0x682B6C,0x200001F3,2,00210000,"dense"
1784728735525,21,0x2E1BE4,0x2E2533,0x6B4,0x0,0x10,0x94F04,0x0,0x682B6C,0x600001F3,2,48440000,"dense"
1784728735525,22,0x2E1BE6,0x2E2533,0x683220,0x0,0x10,0x94F04,0x0,0x280400,0x600001F3,2,98470000,"dense"
1784728735525,23,0x2E1BE8,0x2E1BE9,0x683220,0x683230,0xFFFFFFFF,0x0,0x0,0x682B6C,0x800001F3,2,08220000,"dense"
1784728735525,24,0x2E1BEA,0x2E1BE9,0x683220,0x683230,0x8,0x0,0x0,0x682B6C,0x1F3,2,00210000,"dense"
1784728735525,25,0x2E1BEC,0x2E1BE9,0x683220,0x0,0x8,0x0,0x0,0x682B6C,0x400001F3,2,33680000,"dense"
1784728735525,26,0x2E1BEE,0x2E1BE9,0x683220,0x0,0x8,0x94F04,0x0,0x682B6C,0x400001F3,2,21480000,"dense"
1784728735525,27,0x2E1BF0,0x2E1BE9,0x3E4,0x0,0x8,0x94F04,0x0,0x682B6C,0x400001F3,2,48440000,"dense"
1784728735525,28,0x2E1BF2,0x2E1BE9,0x682F50,0x0,0x8,0x94F04,0x0,0x682B6C,0x400001F3,2,78300000,"dense"
1784728735525,29,0x2E1BF4,0x2E1BE9,0x682FC8,0x0,0x8,0x94F04,0x0,0x280400,0x1F3,2,98470000,"dense"
1784728735525,30,0x2E1BF6,0x2E1BF7,0x682FC8,0x682FD0,0xFFFFFFFF,0x0,0x0,0x682B6C,0x800001F3,2,14220000,"dense"
1784728735525,31,0x2E1BF8,0x2E1BF7,0x682FC8,0x682FD0,0x14,0x0,0x0,0x682B6C,0x1F3,2,33680000,"dense"
1784728735525,32,0x2E1BFA,0x2E1BF7,0x682FC8,0x682FD0,0x14,0x94F04,0x0,0x682B6C,0x1F3,2,00210000,"dense"
1784728735525,33,0x2E1BFC,0x2E1BF7,0x682FC8,0x0,0x14,0x94F04,0x0,0x682B6C,0x400001F3,2,21480000,"dense"
1784728735525,34,0x2E1BFE,0x2E1BF7,0x3D0,0x0,0x14,0x94F04,0x0,0x682B6C,0x400001F3,2,48440000,"dense"
1784728735525,35,0x2E1C00,0x2E1BF7,0x682F3C,0x0,0x14,0x94F04,0x0,0x280400,0x400001F3,2,98470000,"dense"
1784728735525,36,0x2E1C02,0x2E1C03,0x682F3C,0x682F50,0xFFFFFFFF,0x0,0x0,0x682B6C,0x800001F3,2,21480000,"dense"
1784728735525,37,0x2E1C04,0x2E1C03,0x116,0x682F50,0xFFFFFFFF,0x0,0x0,0x682B6C,0x800001F3,2,25490000,"dense"
1784728735525,38,0x2E1C06,0x2E1C03,0x116,0x37E,0xFFFFFFFF,0x0,0x0,0x682B6C,0x800001F3,2,48440000,"dense"
1784728735525,39,0x2E1C08,0x2E1C03,0x682C82,0x37E,0xFFFFFFFF,0x0,0x0,0x682B6C,0x800001F3,2,04800000,"dense"
1784728735525,40,0x2E1C0A,0x2E1C03,0x682C82,0x37E,0xFFFFFFFF,0x0,0x0,0x682B6C,0x800001F3,2,20480000,"dense"
1784728735525,41,0x2E1C0C,0x2E1C03,0x114,0x37E,0xFFFFFFFF,0x0,0x0,0x682B6C,0x800001F3,2,49440000,"dense"
1784728735525,42,0x2E1C0E,0x2E1C03,0x114,0x682EEA,0xFFFFFFFF,0x0,0x0,0x682B6C,0x800001F3,2,48440000,"dense"
1784728735525,43,0x2E1C10,0x2E1C03,0x682C80,0x682EEA,0xFFFFFFFF,0x0,0x0,0x682B6C,0x800001F3,2,04800000,"dense"
1784728735525,44,0x2E1C12,0x2E1C03,0x682C80,0x682EEA,0xFFFFFFFF,0x0,0x0,0x682B6C,0x800001F3,2,1F480000,"dense"
1784728735525,45,0x2E1C14,0x2E1C03,0x4,0x682EEA,0xFFFFFFFF,0x0,0x0,0x682B6C,0x800001F3,2,48440000,"dense"
1784728735525,46,0x2E1C16,0x2E1C03,0x682B70,0x682EEA,0xFFFFFFFF,0x0,0x0,0x682B6C,0x800001F3,2,04800000,"dense"
1784728735525,47,0x2E1C18,0x2E1C03,0x682B70,0x682EEA,0xFFFFFFFF,0x0,0x0,0x682B6C,0x800001F3,2,1E480000,"dense"
1784728735525,48,0x2E1C1A,0x2E1C03,0x118,0x682EEA,0xFFFFFFFF,0x0,0x0,0x682B6C,0x800001F3,2,48440000,"dense"
1784728735525,49,0x2E1C1C,0x2E1C03,0x682C84,0x682EEA,0xFFFFFFFF,0x0,0x0,0x682B6C,0x800001F3,2,04800000,"dense"
1784728735525,50,0x2E1C1E,0x2E1C03,0x682C84,0x682EEA,0xFFFFFFFF,0x0,0x0,0x682B6C,0x800001F3,2,1E480000,"dense"
1784728735525,51,0x2E1C20,0x2E1C03,0x11A,0x682EEA,0xFFFFFFFF,0x0,0x0,0x682B6C,0x800001F3,2,48440000,"dense"
1784728735525,52,0x2E1C22,0x2E1C03,0x682C86,0x682EEA,0xFFFFFFFF,0x0,0x0,0x682B6C,0x800001F3,2,04800000,"dense"
1784728735525,53,0x2E1C24,0x2E1C03,0x682C86,0x682EEA,0xFFFFFFFF,0x0,0x0,0x682B6C,0x800001F3,2,E0430000,"SENTINEL_MVNS"
1784728735525,54,0x2E1C26,0x2E1C03,0xFFFFFFFF,0x682EEA,0xFFFFFFFF,0x0,0x0,0x682B6C,0x800001F3,2,08800000,"dense"
1784728735525,55,0x2E1C28,0x2E1C03,0xFFFFFFFF,0x682EEA,0xFFFFFFFF,0x0,0x0,0x682B6C,0x800001F3,4,01F0C0FB,"dense"
1784728735525,56,0x2E1C2C,0x2E300D,0x2A8360,0x0,0x67E90,0x0,0x0,0x682B6C,0x600001F3,2,A8640000,"dense"
1784728735525,57,0x2E1C2E,0x2E300D,0x2A8360,0x0,0x67E90,0x0,0x0,0x682B6C,0x600001F3,2,1C480000,"dense"
1784728735525,58,0x2E1C30,0x2E300D,0x11C,0x0,0x67E90,0x0,0x0,0x682B6C,0x600001F3,2,EC640000,"dense"
1784728735525,59,0x2E1C32,0x2E300D,0x11C,0x0,0x67E90,0x0,0x0,0x682B6C,0x600001F3,2,48440000,"dense"
1784728735525,60,0x2E1C34,0x2E300D,0x682C88,0x0,0x67E90,0x0,0x0,0x682B6C,0x600001F3,2,04800000,"dense"
1784728735525,61,0x2E1C36,0x2E300D,0x682C88,0x0,0x67E90,0x0,0x0,0x682B6C,0x600001F3,2,1B480000,"dense"
1784728735525,62,0x2E1C38,0x2E300D,0xC,0x0,0x67E90,0x0,0x0,0x682B6C,0x600001F3,2,14220000,"dense"
1784728735525,63,0x2E1C3A,0x2E300D,0xC,0x0,0x14,0x0,0x0,0x682B6C,0x200001F3,2,48440000,"dense"
1784728735525,64,0x2E1C3C,0x2E300D,0x682B78,0x0,0x14,0x0,0x0,0x682B6C,0x200001F3,2,04600000,"dense"
1784728735525,65,0x2E1C3E,0x2E300D,0x682B78,0x0,0x14,0x0,0x0,0x682B6C,0x200001F3,2,1A480000,"dense"
1784728735525,66,0x2E1C40,0x2E300D,0x10,0x0,0x14,0x0,0x0,0x682B6C,0x200001F3,2,00210000,"dense"
1784728735525,67,0x2E1C42,0x2E300D,0x10,0x0,0x14,0x0,0x0,0x682B6C,0x600001F3,2,48440000,"dense"
1784728735525,68,0x2E1C44,0x2E300D,0x682B7C,0x0,0x14,0x0,0x0,0x682B6C,0x600001F3,2,04600000,"dense"
1784728735525,69,0x2E1C46,0x2E300D,0x682B7C,0x0,0x14,0x0,0x0,0x682B6C,0x600001F3,2,19480000,"dense"
1784728735525,70,0x2E1C48,0x2E300D,0x10C,0x0,0x14,0x0,0x0,0x682B6C,0x600001F3,2,48440000,"dense"
1784728735525,71,0x2E1C4A,0x2E300D,0x682C78,0x0,0x14,0x0,0x0,0x682B6C,0x600001F3,2,04600000,"dense"
1784728735525,72,0x2E1C4C,0x2E300D,0x682C78,0x0,0x14,0x0,0x0,0x682B6C,0x600001F3,2,18480000,"dense"
1784728735525,73,0x2E1C4E,0x2E300D,0x110,0x0,0x14,0x0,0x0,0x682B6C,0x600001F3,2,48440000,"dense"
1784728735525,74,0x2E1C50,0x2E300D,0x682C7C,0x0,0x14,0x0,0x0,0x682B6C,0x600001F3,2,04600000,"dense"
1784728735525,75,0x2E1C52,0x2E300D,0x682C7C,0x0,0x14,0x0,0x0,0x682B6C,0x600001F3,2,0A480000,"dense"
1784728735525,76,0x2E1C54,0x2E300D,0x6B4,0x0,0x14,0x0,0x0,0x682B6C,0x600001F3,2,33680000,"dense"
1784728735525,77,0x2E1C56,0x2E300D,0x6B4,0x0,0x14,0x94F04,0x0,0x682B6C,0x600001F3,2,48440000,"dense"
1784728735525,78,0x2E1C58,0x2E300D,0x683220,0x0,0x14,0x94F04,0x0,0x682B6C,0x600001F3,2,2C380000,"dense"
1784728735525,79,0x2E1C5A,0x2E300D,0x6831F4,0x0,0x14,0x94F04,0x0,0x280400,0x200001F3,2,98470000,"dense"
1784728735525,80,0x2E1C5C,0x2E1C5D,0x6831F4,0x683208,0xFFFFFFFF,0x0,0x0,0x682B6C,0x800001F3,2,0C220000,"dense"
1784728735525,81,0x2E1C5E,0x2E1C5D,0x6831F4,0x683208,0xC,0x0,0x0,0x682B6C,0x1F3,2,33680000,"dense"
1784728735525,82,0x2E1C60,0x2E1C5D,0x6831F4,0x683208,0xC,0x94F04,0x0,0x682B6C,0x1F3,2,00210000,"dense"
1784728735525,83,0x2E1C62,0x2E1C5D,0x6831F4,0x0,0xC,0x94F04,0x0,0x682B6C,0x400001F3,2,14480000,"dense"
1784728735525,84,0x2E1C64,0x2E1C5D,0x3C4,0x0,0xC,0x94F04,0x0,0x682B6C,0x400001F3,2,48440000,"dense"
1784728735525,85,0x2E1C66,0x2E1C5D,0x682F30,0x0,0xC,0x94F04,0x0,0x280400,0x400001F3,2,98470000,"dense"
1784728735525,86,0x2E1C68,0x2E1C69,0x682F30,0x682F3C,0xFFFFFFFF,0x0,0x0,0x682B6C,0x800001F3,2,2C700000,"dense"
1784728735525,87,0x2E1C6A,0x2E1C69,0x682F30,0x682F3C,0xFFFFFFFF,0x0,0x0,0x682B6C,0x800001F3,2,6C700000,"dense"
1784728735525,88,0x2E1C6C,0x2E1C69,0x682F30,0x682F3C,0xFFFFFFFF,0x0,0x0,0x682B6C,0x800001F3,4,01F09EFB,"dense"
1784728735525,89,0x2E1C70,0x2E300D,0x2A8388,0x0,0x67E90,0x0,0x0,0x682B6C,0x600001F3,2,E8650000,"dense"
1784728735525,90,0x2E1C72,0x2E300D,0x2A8388,0x0,0x67E90,0x0,0x0,0x682B6C,0x600001F3,2,70BD0000,"dense"
