run_id,source_block,branch_pc,target_block,taken,not_taken,cpsr,lhs,rhs,cmp
pa11_C_20260725_032805,0x2F68E4,0x2F68FA,0x308D99,0,1,0x1F3,0x0,0x0,?
pa11_C_20260725_032805,0x2F68E4,0x2F68FA,0x2F68FF,1,0,0x1F3,0x0,0x0,?
pa11_C_20260725_032805,0x2F68E4,0x2F6900,0x2F6953,0,1,0x1F3,0x0,0x0,?
pa11_C_20260725_032805,0x2F68E4,0x2F6900,0x2F6903,1,0,0x1F3,0x0,0x0,?
pa11_C_20260725_032805,0x2F68E4,0x2F6908,0x30A0CD,0,1,0x1F3,0x0,0x0,?
pa11_C_20260725_032805,0x2F68E4,0x2F6908,0x2F690D,1,0,0x1F3,0x0,0x0,?
pa11_C_20260725_032805,0x2F68E4,0x2F6914,0x30A0CD,0,1,0x1F3,0x0,0x0,?
pa11_C_20260725_032805,0x2F68E4,0x2F6914,0x2F6919,1,0,0x1F3,0x0,0x0,?
pa11_C_20260725_032805,0x2F68E4,0x2F6920,0x308D99,0,1,0x1F3,0x0,0x0,?
pa11_C_20260725_032805,0x2F68E4,0x2F6920,0x2F6925,1,0,0x1F3,0x0,0x0,?
pa11_C_20260725_032805,0x2F68E4,0x2F692C,0x308D99,0,1,0x1F3,0x0,0x0,?
pa11_C_20260725_032805,0x2F68E4,0x2F692C,0x2F6931,1,0,0x1F3,0x0,0x0,?
pa11_C_20260725_032805,0x2F68E4,0x2F6934,0x2D99AD,0,1,0x1F3,0x0,0x0,?
pa11_C_20260725_032805,0x2F68E4,0x2F6934,0x2F6939,1,0,0x1F3,0x0,0x0,?
pa11_C_20260725_032805,0x2F68E4,0x2F694A,0x312A61,0,1,0x1F3,0x0,0x0,?
pa11_C_20260725_032805,0x2F68E4,0x2F694A,0x2F694F,1,0,0x1F3,0x0,0x0,?
pa11_C_20260725_032805,0x2F68E4,0x2F6950,0x2F68F1,1,0,0x1F3,0x0,0x0,?
pa11_C_20260725_032805,0x2F68E4,0x2F6950,0x2F6955,0,1,0x1F3,0x0,0x0,?
pa11_C_20260725_032805,0x2F68F0,0x2F68FA,0x308D99,0,1,0x1F3,0x0,0x0,?
pa11_C_20260725_032805,0x2F68F0,0x2F68FA,0x2F68FF,1,0,0x1F3,0x0,0x0,?
pa11_C_20260725_032805,0x2F68F0,0x2F6900,0x2F6953,1,0,0x600001F3,0x0,0x0,?
pa11_C_20260725_032805,0x2F68F0,0x2F6900,0x2F6903,0,1,0x600001F3,0x0,0x0,?
