run_id,seq,stage,pc,15C,15D,B71,134D,C76,UI_MODE
pm10_D_20260725_025450,1,before_2E4040_via_2E2520,0x2E2520,1,0,0,0,0,0x0
pm10_D_20260725_025450,2,handler_enter,0x2E4040,1,0,0,0,0,0x0
pm10_D_20260725_025450,3,inside_2E4066,0x2E4066,1,0,0,0,0,0x0
pm10_D_20260725_025450,4,bl_2DADC4,0x2E4066,1,0,0,0,0,0x0
pm10_D_20260725_025450,5,before_2E4040_via_2E2520,0x2E2520,1,0,0,0,0,0x0
pm10_D_20260725_025450,6,handler_return,0x2E4040,1,0,0,0,0,0x0
pm10_D_20260725_025450,7,handler_enter,0x2E4040,1,0,0,0,0,0x0
pm10_D_20260725_025450,8,before_2E4040_via_2E2520,0x2E2520,1,0,0,0,0,0x0
pm10_D_20260725_025450,9,handler_return,0x2E4040,1,0,0,0,0,0x0
