pc,insn,note
0x2D934E,BL 0x305E08,bl_to_305E08
0x2D936A,BL 0x305E08,bl_to_305E08
0x2D937E,BL 0x305E08,bl_to_305E08
0x2D93F4,BL 0x305E08,bl_to_305E08
0x2D9428,BL 0x305E08,bl_to_305E08
0x2D9456,BL 0x305E08,bl_to_305E08
0x2D945C,BL 0x305E08,bl_to_305E08
0x2D94A6,BL 0x305E08,bl_to_305E08
0x2D94C8,BL 0x305E08,bl_to_305E08
0x2D94CE,BL 0x305E08,bl_to_305E08
0x2D9546,BL 0x305E08,bl_to_305E08
0x2D95A6,BL 0x305E08,bl_to_305E08
0x2D963C,BL 0x305E08,bl_to_305E08
0x2D9ECA,BL 0x305E08,bl_to_305E08
0x2D9FA0,BL 0x305E08,bl_to_305E08
0x2DA344,BL 0x305E08,bl_to_305E08
0x2DA606,BL 0x305E08,bl_to_305E08
0x2DA736,BL 0x305E08,bl_to_305E08
0x2DA902,BL 0x305E08,bl_to_305E08
0x2DAA70,BL 0x305E08,bl_to_305E08
0x2DAE80,BL 0x305E08,bl_to_305E08
0x2DAE86,BL 0x305E08,bl_to_305E08
0x2DAE8C,BL 0x305E08,bl_to_305E08
0x2DAF6E,BL 0x305E08,bl_to_305E08
0x2DB3AA,BL 0x305E08,bl_to_305E08
0x2DB574,BL 0x305E08,bl_to_305E08
0x2DB71C,BL 0x305E08,bl_to_305E08
0x2DB78E,BL 0x305E08,bl_to_305E08
0x2DB7EC,BL 0x305E08,bl_to_305E08
0x2DB8C8,BL 0x305E08,bl_to_305E08
0x2DB92E,BL 0x305E08,bl_to_305E08
0x2DB9B4,BL 0x305E08,bl_to_305E08
0x2DBD02,BL 0x305E08,bl_to_305E08
0x2DBD3C,BL 0x305E08,bl_to_305E08
0x2DBD76,BL 0x305E08,bl_to_305E08
0x2DBDB0,BL 0x305E08,bl_to_305E08
0x2DBDEA,BL 0x305E08,bl_to_305E08
0x2DBE28,BL 0x305E08,bl_to_305E08
0x2DBED6,BL 0x305E08,bl_to_305E08
0x2DC1B0,BL 0x305E08,bl_to_305E08
0x2DC224,BL 0x305E08,bl_to_305E08
0x2DC52E,BL 0x305E08,bl_to_305E08
0x2DC59A,BL 0x305E08,bl_to_305E08
0x2DC5A4,BL 0x305E08,bl_to_305E08
0x2DCA1C,BL 0x305E08,bl_to_305E08
0x2DCACE,BL 0x305E08,bl_to_305E08
0x2DCB16,BL 0x305E08,bl_to_305E08
0x2DCC50,BL 0x305E08,bl_to_305E08
0x2DCEC4,BL 0x305E08,bl_to_305E08
0x2DD008,BL 0x305E08,bl_to_305E08
0x2DD034,BL 0x305E08,bl_to_305E08
0x2DDBBC,BL 0x305E08,bl_to_305E08
0x2DDC2C,BL 0x305E08,bl_to_305E08
0x2DDF18,BL 0x305E08,bl_to_305E08
0x2DDF68,BL 0x305E08,bl_to_305E08
0x2DDF94,BL 0x305E08,bl_to_305E08
0x2DDFF6,BL 0x305E08,bl_to_305E08
0x2DE1A8,BL 0x305E08,bl_to_305E08
0x2DE368,BL 0x305E08,bl_to_305E08
0x2DE594,BL 0x305E08,bl_to_305E08
0x2DE7F2,BL 0x305E08,bl_to_305E08
0x2DE970,BL 0x305E08,bl_to_305E08
0x2DE998,BL 0x305E08,bl_to_305E08
0x2DE9C0,BL 0x305E08,bl_to_305E08
0x2DEE86,BL 0x305E08,bl_to_305E08
0x2DEF18,BL 0x305E08,bl_to_305E08
0x2DEF92,BL 0x305E08,bl_to_305E08
0x2DEFC8,BL 0x305E08,bl_to_305E08
0x2DEFF4,BL 0x305E08,bl_to_305E08
0x2DF0D2,BL 0x305E08,bl_to_305E08
0x2DF138,BL 0x305E08,bl_to_305E08
0x2DF172,BL 0x305E08,bl_to_305E08
0x2DF19E,BL 0x305E08,bl_to_305E08
0x2DF1F2,BL 0x305E08,bl_to_305E08
0x2DF246,BL 0x305E08,bl_to_305E08
0x2DF260,BL 0x305E08,bl_to_305E08
0x2DF272,BL 0x305E08,bl_to_305E08
0x2DF2AA,BL 0x305E08,bl_to_305E08
0x2DF466,BL 0x305E08,bl_to_305E08
0x2DF976,BL 0x305E08,bl_to_305E08
0x2DFA0C,BL 0x305E08,bl_to_305E08
0x2DFB64,BL 0x305E08,bl_to_305E08
0x2E0D3C,BL 0x305E08,bl_to_305E08
0x2E108C,BL 0x305E08,bl_to_305E08
0x2E2CE8,BL 0x305E08,bl_to_305E08
0x2E2DF8,BL 0x305E08,bl_to_305E08
0x2E2F06,BL 0x305E08,bl_to_305E08
0x2E39A2,BL 0x305E08,bl_to_305E08
0x2E43B6,BL 0x305E08,bl_to_305E08
0x2E4592,BL 0x305E08,bl_to_305E08
0x2E472C,BL 0x305E08,bl_to_305E08
0x2E4C90,BL 0x305E08,bl_to_305E08
0x2E4E04,BL 0x305E08,bl_to_305E08
0x2E4E82,BL 0x305E08,bl_to_305E08
0x2E4F1C,BL 0x305E08,bl_to_305E08
0x2E54BA,BL 0x305E08,bl_to_305E08
0x2E54FE,BL 0x305E08,bl_to_305E08
0x2E5542,BL 0x305E08,bl_to_305E08
0x2E56AA,BL 0x305E08,bl_to_305E08
0x2E586A,BL 0x305E08,bl_to_305E08
0x2E59B0,BL 0x305E08,bl_to_305E08
0x2E5F9C,BL 0x305E08,bl_to_305E08
0x2E5FEC,BL 0x305E08,bl_to_305E08
0x2E606A,BL 0x305E08,bl_to_305E08
0x2E607C,BL 0x305E08,bl_to_305E08
0x2E60F8,BL 0x305E08,bl_to_305E08
0x2E611E,BL 0x305E08,bl_to_305E08
0x2E6140,BL 0x305E08,bl_to_305E08
0x2E61D2,BL 0x305E08,bl_to_305E08
0x2E64E6,BL 0x305E08,bl_to_305E08
0x2E67D6,BL 0x305E08,bl_to_305E08
0x2E699A,BL 0x305E08,bl_to_305E08
0x2E6A78,BL 0x305E08,bl_to_305E08
0x2E6AE2,BL 0x305E08,bl_to_305E08
0x2E6B78,BL 0x305E08,bl_to_305E08
0x2E6C4E,BL 0x305E08,bl_to_305E08
0x2E6DDA,BL 0x305E08,bl_to_305E08
0x2E6F8A,BL 0x305E08,bl_to_305E08
0x2E6FC4,BL 0x305E08,bl_to_305E08
0x2E6FFE,BL 0x305E08,bl_to_305E08
0x2E7038,BL 0x305E08,bl_to_305E08
0x2E7072,BL 0x305E08,bl_to_305E08
0x2E70D2,BL 0x305E08,bl_to_305E08
0x2E7102,BL 0x305E08,bl_to_305E08
0x2E714E,BL 0x305E08,bl_to_305E08
0x2E725E,BL 0x305E08,bl_to_305E08
0x2E726A,BL 0x305E08,bl_to_305E08
0x2E73A8,BL 0x305E08,bl_to_305E08
0x2E7646,BL 0x305E08,bl_to_305E08
0x2E7912,BL 0x305E08,bl_to_305E08
0x2E7C64,BL 0x305E08,bl_to_305E08
0x2E803A,BL 0x305E08,bl_to_305E08
0x2E81D2,BL 0x305E08,bl_to_305E08
0x2E84BE,BL 0x305E08,bl_to_305E08
0x2E8838,BL 0x305E08,bl_to_305E08
0x2E88C4,BL 0x305E08,bl_to_305E08
0x2E8D12,BL 0x305E08,bl_to_305E08
0x2E8D42,BL 0x305E08,bl_to_305E08
0x2EA10C,BL 0x305E08,bl_to_305E08
0x2EA91C,BL 0x305E08,bl_to_305E08
0x2EA924,BL 0x305E08,bl_to_305E08
0x2EA9A6,BL 0x305E08,bl_to_305E08
0x2EA9E2,BL 0x305E08,bl_to_305E08
0x2EAA04,BL 0x305E08,bl_to_305E08
0x2EAD08,BL 0x305E08,bl_to_305E08
0x2EAD16,BL 0x305E08,bl_to_305E08
0x2EAD26,BL 0x305E08,bl_to_305E08
0x2EAD3E,BL 0x305E08,bl_to_305E08
0x2EAD66,BL 0x305E08,bl_to_305E08
0x2EAD6C,BL 0x305E08,bl_to_305E08
0x2EAEB6,BL 0x305E08,bl_to_305E08
0x2EAEC4,BL 0x305E08,bl_to_305E08
0x2EAED4,BL 0x305E08,bl_to_305E08
0x2EAEE8,BL 0x305E08,bl_to_305E08
0x2EAF34,BL 0x305E08,bl_to_305E08
0x2EAF4C,BL 0x305E08,bl_to_305E08
0x2EAF52,BL 0x305E08,bl_to_305E08
0x2EAF68,BL 0x305E08,bl_to_305E08
0x2EAF6E,BL 0x305E08,bl_to_305E08
0x2EAF78,BL 0x305E08,bl_to_305E08
0x2EB08C,BL 0x305E08,bl_to_305E08
0x2EB096,BL 0x305E08,bl_to_305E08
0x2EB09E,BL 0x305E08,bl_to_305E08
0x2EB0B0,BL 0x305E08,bl_to_305E08
0x2EB1F8,BL 0x305E08,bl_to_305E08
0x2EB262,BL 0x305E08,bl_to_305E08
0x2ED016,BL 0x305E08,bl_to_305E08
0x2ED714,BL 0x305E08,bl_to_305E08
0x2ED754,BL 0x305E08,bl_to_305E08
0x2ED7D0,BL 0x305E08,bl_to_305E08
0x2EE15C,BL 0x305E08,bl_to_305E08
0x2EE18A,BL 0x305E08,bl_to_305E08
0x2EE1B8,BL 0x305E08,bl_to_305E08
0x2EE212,BL 0x305E08,bl_to_305E08
0x2EECF4,BL 0x305E08,bl_to_305E08
0x2EF28A,BL 0x305E08,bl_to_305E08
0x2EF39A,BL 0x305E08,bl_to_305E08
0x2EF978,BL 0x305E08,bl_to_305E08
0x2EFBD4,BL 0x305E08,bl_to_305E08
0x2EFC44,BL 0x305E08,bl_to_305E08
0x2F0042,BL 0x305E08,bl_to_305E08
0x2F016A,BL 0x305E08,bl_to_305E08
0x2F017C,BL 0x305E08,bl_to_305E08
0x2F02EC,BL 0x305E08,bl_to_305E08
0x2F03C4,BL 0x305E08,bl_to_305E08
0x2F03EC,BL 0x305E08,bl_to_305E08
0x2F0434,BL 0x305E08,bl_to_305E08
0x2F0458,BL 0x305E08,bl_to_305E08
0x2F0640,BL 0x305E08,bl_to_305E08
0x2F11FA,BL 0x305E08,bl_to_305E08
0x2F121C,BL 0x305E08,bl_to_305E08
0x2F1334,BL 0x305E08,bl_to_305E08
0x2F15C4,BL 0x305E08,bl_to_305E08
0x2F1E0E,BL 0x305E08,bl_to_305E08
0x2F1E34,BL 0x305E08,bl_to_305E08
0x2F1E64,BL 0x305E08,bl_to_305E08
0x2F1E94,BL 0x305E08,bl_to_305E08
0x2F2830,BL 0x305E08,bl_to_305E08
0x2F2E1E,BL 0x305E08,bl_to_305E08
0x2F2F20,BL 0x305E08,bl_to_305E08
0x2F31E0,BL 0x305E08,bl_to_305E08
0x2F31FC,BL 0x305E08,bl_to_305E08
0x2F3890,BL 0x305E08,bl_to_305E08
0x2F38A8,BL 0x305E08,bl_to_305E08
0x2F390A,BL 0x305E08,bl_to_305E08
0x2F39BA,BL 0x305E08,bl_to_305E08
0x2F39D6,BL 0x305E08,bl_to_305E08
0x2F3AAC,BL 0x305E08,bl_to_305E08
0x2F3D2E,BL 0x305E08,bl_to_305E08
0x2F3D46,BL 0x305E08,bl_to_305E08
0x2F4D78,BL 0x305E08,bl_to_305E08
0x2F4D88,BL 0x305E08,bl_to_305E08
0x2F4E9A,BL 0x305E08,bl_to_305E08
0x2F4FD8,BL 0x305E08,bl_to_305E08
0x2F4FE8,BL 0x305E08,bl_to_305E08
0x2F5002,BL 0x305E08,bl_to_305E08
0x2F5008,BL 0x305E08,bl_to_305E08
0x2F5024,BL 0x305E08,bl_to_305E08
0x2F5BE2,BL 0x305E08,bl_to_305E08
0x2F5E80,BL 0x305E08,bl_to_305E08
0x2F5EC6,BL 0x305E08,bl_to_305E08
0x2F5ED8,BL 0x305E08,bl_to_305E08
0x2F5EF8,BL 0x305E08,bl_to_305E08
0x2F5F02,BL 0x305E08,bl_to_305E08
0x2F5F18,BL 0x305E08,bl_to_305E08
0x2F6242,BL 0x305E08,bl_to_305E08
0x2F645A,BL 0x305E08,bl_to_305E08
0x2F6464,BL 0x305E08,bl_to_305E08
0x2F646E,BL 0x305E08,bl_to_305E08
0x2F6478,BL 0x305E08,bl_to_305E08
0x2F6484,BL 0x305E08,bl_to_305E08
0x2F6532,BL 0x305E08,bl_to_305E08
0x2F655E,BL 0x305E08,bl_to_305E08
0x2F658C,BL 0x305E08,bl_to_305E08
0x2F673A,BL 0x305E08,bl_to_305E08
0x2F6740,BL 0x305E08,bl_to_305E08
0x2F6C62,BL 0x305E08,bl_to_305E08
0x2F6C98,BL 0x305E08,bl_to_305E08
0x2F8568,BL 0x305E08,bl_to_305E08
0x2F858E,BL 0x305E08,bl_to_305E08
0x2F8A9C,BL 0x305E08,bl_to_305E08
0x2F8B70,BL 0x305E08,bl_to_305E08
0x2F8D18,BL 0x305E08,bl_to_305E08
0x2F8F6A,BL 0x305E08,bl_to_305E08
0x2F908A,BL 0x305E08,bl_to_305E08
0x2F924C,BL 0x305E08,bl_to_305E08
0x2F9252,BL 0x305E08,bl_to_305E08
0x2F9264,BL 0x305E08,bl_to_305E08
0x2F9596,BL 0x305E08,bl_to_305E08
0x2F97DE,BL 0x305E08,bl_to_305E08
0x2F9814,BL 0x305E08,bl_to_305E08
0x2F981A,BL 0x305E08,bl_to_305E08
0x2F9A6A,BL 0x305E08,bl_to_305E08
0x2F9A8C,BL 0x305E08,bl_to_305E08
0x2F9B40,BL 0x305E08,bl_to_305E08
0x2F9B5C,BL 0x305E08,bl_to_305E08
0x2F9B76,BL 0x305E08,bl_to_305E08
0x2F9BA4,BL 0x305E08,bl_to_305E08
0x2F9BDA,BL 0x305E08,bl_to_305E08
0x2F9BF4,BL 0x305E08,bl_to_305E08
0x2F9C0E,BL 0x305E08,bl_to_305E08
0x2F9C6A,BL 0x305E08,bl_to_305E08
0x2F9C8C,BL 0x305E08,bl_to_305E08
0x2F9C98,BL 0x305E08,bl_to_305E08
0x2F9C9E,BL 0x305E08,bl_to_305E08
0x2F9D90,BL 0x305E08,bl_to_305E08
0x2FA4E8,BL 0x305E08,bl_to_305E08
0x2FA6EC,BL 0x305E08,bl_to_305E08
0x2FA794,BL 0x305E08,bl_to_305E08
0x2FA79C,BL 0x305E08,bl_to_305E08
0x2FA91A,BL 0x305E08,bl_to_305E08
0x2FA9CC,BL 0x305E08,bl_to_305E08
0x2FA9D4,BL 0x305E08,bl_to_305E08
0x2FAB54,BL 0x305E08,bl_to_305E08
0x2FAC0A,BL 0x305E08,bl_to_305E08
0x2FAC12,BL 0x305E08,bl_to_305E08
0x2FAD78,BL 0x305E08,bl_to_305E08
0x2FAE26,BL 0x305E08,bl_to_305E08
0x2FAE2E,BL 0x305E08,bl_to_305E08
0x2FB518,BL 0x305E08,bl_to_305E08
0x2FBB2A,BL 0x305E08,bl_to_305E08
0x2FBCEA,BL 0x305E08,bl_to_305E08
0x2FBD36,BL 0x305E08,bl_to_305E08
0x2FC432,BL 0x305E08,bl_to_305E08
0x2FC668,BL 0x305E08,bl_to_305E08
0x2FC704,BL 0x305E08,bl_to_305E08
0x2FCA46,BL 0x305E08,bl_to_305E08
0x2FCC34,BL 0x305E08,bl_to_305E08
0x2FCC64,BL 0x305E08,bl_to_305E08
0x2FCC94,BL 0x305E08,bl_to_305E08
0x2FCCC6,BL 0x305E08,bl_to_305E08
0x2FCCFA,BL 0x305E08,bl_to_305E08
0x2FCDCC,BL 0x305E08,bl_to_305E08
0x2FCDFC,BL 0x305E08,bl_to_305E08
0x2FCE2A,BL 0x305E08,bl_to_305E08
0x2FCE58,BL 0x305E08,bl_to_305E08
0x2FCF36,BL 0x305E08,bl_to_305E08
0x2FCF7C,BL 0x305E08,bl_to_305E08
0x2FCFE4,BL 0x305E08,bl_to_305E08
0x2FD2E0,BL 0x305E08,bl_to_305E08
0x2FEC60,BL 0x305E08,bl_to_305E08
0x2FECB0,BL 0x305E08,bl_to_305E08
0x2FEDDA,BL 0x305E08,bl_to_305E08
0x2FEE10,BL 0x305E08,bl_to_305E08
0x2FEFAE,BL 0x305E08,bl_to_305E08
0x2FEFF0,BL 0x305E08,bl_to_305E08
0x2FF39A,BL 0x305E08,bl_to_305E08
0x2FF3B2,BL 0x305E08,bl_to_305E08
0x2FF3B8,BL 0x305E08,bl_to_305E08
0x2FF3DE,BL 0x305E08,bl_to_305E08
0x2FF3EE,BL 0x305E08,bl_to_305E08
0x301B16,BL 0x305E08,bl_to_305E08
0x301DD6,BL 0x305E08,bl_to_305E08
0x302218,BL 0x305E08,bl_to_305E08
0x302240,BL 0x305E08,bl_to_305E08
0x302264,BL 0x305E08,bl_to_305E08
0x302288,BL 0x305E08,bl_to_305E08
0x3022AC,BL 0x305E08,bl_to_305E08
0x3022D0,BL 0x305E08,bl_to_305E08
0x3022F4,BL 0x305E08,bl_to_305E08
0x302330,BL 0x305E08,bl_to_305E08
0x30265C,BL 0x305E08,bl_to_305E08
0x302688,BL 0x305E08,bl_to_305E08
0x3026B2,BL 0x305E08,bl_to_305E08
0x3026F2,BL 0x305E08,bl_to_305E08
0x30271E,BL 0x305E08,bl_to_305E08
0x30274A,BL 0x305E08,bl_to_305E08
0x302776,BL 0x305E08,bl_to_305E08
0x303932,BL 0x305E08,bl_to_305E08
0x303938,BL 0x305E08,bl_to_305E08
0x303A24,BL 0x305E08,bl_to_305E08
0x303A2A,BL 0x305E08,bl_to_305E08
0x303B04,BL 0x305E08,bl_to_305E08
0x303B0A,BL 0x305E08,bl_to_305E08
0x305C9C,BL 0x305E08,bl_to_305E08
0x305CC0,BL 0x305E08,bl_to_305E08
0x305CD8,BL 0x305E08,bl_to_305E08
0x305DA6,BL 0x305E08,bl_to_305E08
0x3077B4,BL 0x305E08,bl_to_305E08
0x3080D6,BL 0x305E08,bl_to_305E08
0x309380,BL 0x305E08,bl_to_305E08
0x30944C,BL 0x305E08,bl_to_305E08
0x3094BC,BL 0x305E08,bl_to_305E08
0x309548,BL 0x305E08,bl_to_305E08
0x30957A,BL 0x305E08,bl_to_305E08
0x309854,BL 0x305E08,bl_to_305E08
0x30986E,BL 0x305E08,bl_to_305E08
0x309880,BL 0x305E08,bl_to_305E08
0x309ACE,BL 0x305E08,bl_to_305E08
0x309BD4,BL 0x305E08,bl_to_305E08
0x309DDA,BL 0x305E08,bl_to_305E08
0x30A40A,BL 0x305E08,bl_to_305E08
0x30A41E,BL 0x305E08,bl_to_305E08
0x30A442,BL 0x305E08,bl_to_305E08
0x30A44E,BL 0x305E08,bl_to_305E08
0x30A488,BL 0x305E08,bl_to_305E08
0x30A49A,BL 0x305E08,bl_to_305E08
0x30A4A8,BL 0x305E08,bl_to_305E08
0x30A4EE,BL 0x305E08,bl_to_305E08
0x30A4FC,BL 0x305E08,bl_to_305E08
0x30A508,BL 0x305E08,bl_to_305E08
0x30A532,BL 0x305E08,bl_to_305E08
0x30A53E,BL 0x305E08,bl_to_305E08
0x30A598,BL 0x305E08,bl_to_305E08
0x30A5EC,BL 0x305E08,bl_to_305E08
0x30A5F2,BL 0x305E08,bl_to_305E08
0x30A8E2,BL 0x305E08,bl_to_305E08
0x30A942,BL 0x305E08,bl_to_305E08
0x30A94E,BL 0x305E08,bl_to_305E08
0x30A95A,BL 0x305E08,bl_to_305E08
0x30AA10,BL 0x305E08,bl_to_305E08
0x30AA22,BL 0x305E08,bl_to_305E08
0x30AA2C,BL 0x305E08,bl_to_305E08
0x30AAC2,BL 0x305E08,bl_to_305E08
0x30AAD2,BL 0x305E08,bl_to_305E08
0x30AAE2,BL 0x305E08,bl_to_305E08
0x30AAF8,BL 0x305E08,bl_to_305E08
0x30AB28,BL 0x305E08,bl_to_305E08
0x30AB32,BL 0x305E08,bl_to_305E08
0x30AB3C,BL 0x305E08,bl_to_305E08
0x30AB42,BL 0x305E08,bl_to_305E08
0x30ABD2,BL 0x305E08,bl_to_305E08
0x30ABD8,BL 0x305E08,bl_to_305E08
0x30ABEC,BL 0x305E08,bl_to_305E08
0x30AC08,BL 0x305E08,bl_to_305E08
0x30AC60,BL 0x305E08,bl_to_305E08
0x30AC6A,BL 0x305E08,bl_to_305E08
0x30AC74,BL 0x305E08,bl_to_305E08
0x30AC7E,BL 0x305E08,bl_to_305E08
0x30ACC6,BL 0x305E08,bl_to_305E08
0x30ACCC,BL 0x305E08,bl_to_305E08
0x30AD04,BL 0x305E08,bl_to_305E08
0x30AD24,BL 0x305E08,bl_to_305E08
0x30AD9A,BL 0x305E08,bl_to_305E08
0x30ADAC,BL 0x305E08,bl_to_305E08
0x30ADBA,BL 0x305E08,bl_to_305E08
0x30ADC4,BL 0x305E08,bl_to_305E08
0x30ADCE,BL 0x305E08,bl_to_305E08
0x30ADD8,BL 0x305E08,bl_to_305E08
0x30ADE2,BL 0x305E08,bl_to_305E08
0x30ADF6,BL 0x305E08,bl_to_305E08
0x30AE00,BL 0x305E08,bl_to_305E08
0x30AE1E,BL 0x305E08,bl_to_305E08
0x30AE28,BL 0x305E08,bl_to_305E08
0x30AE32,BL 0x305E08,bl_to_305E08
0x30AE40,BL 0x305E08,bl_to_305E08
0x30AE4A,BL 0x305E08,bl_to_305E08
0x30AE50,BL 0x305E08,bl_to_305E08
0x30AE7A,BL 0x305E08,bl_to_305E08
0x30AE84,BL 0x305E08,bl_to_305E08
0x30AE8E,BL 0x305E08,bl_to_305E08
0x30AE94,BL 0x305E08,bl_to_305E08
0x30AEA0,BL 0x305E08,bl_to_305E08
0x30AEB4,BL 0x305E08,bl_to_305E08
0x30AF46,BL 0x305E08,bl_to_305E08
0x30AF7C,BL 0x305E08,bl_to_305E08
0x30AFC8,BL 0x305E08,bl_to_305E08
0x30AFDA,BL 0x305E08,bl_to_305E08
0x30B008,BL 0x305E08,bl_to_305E08
0x30B06E,BL 0x305E08,bl_to_305E08
0x30B084,BL 0x305E08,bl_to_305E08
0x30B0A2,BL 0x305E08,bl_to_305E08
0x30B0AE,BL 0x305E08,bl_to_305E08
0x30B128,BL 0x305E08,bl_to_305E08
0x30B25A,BL 0x305E08,bl_to_305E08
0x30B308,BL 0x305E08,bl_to_305E08
0x30B40C,BL 0x305E08,bl_to_305E08
0x30B418,BL 0x305E08,bl_to_305E08
0x30B462,BL 0x305E08,bl_to_305E08
0x30B470,BL 0x305E08,bl_to_305E08
0x30B47A,BL 0x305E08,bl_to_305E08
0x30B48A,BL 0x305E08,bl_to_305E08
0x30B498,BL 0x305E08,bl_to_305E08
0x30B4A2,BL 0x305E08,bl_to_305E08
0x30B4A8,BL 0x305E08,bl_to_305E08
0x30B4B6,BL 0x305E08,bl_to_305E08
0x30B52E,BL 0x305E08,bl_to_305E08
0x30B534,BL 0x305E08,bl_to_305E08
0x30B540,BL 0x305E08,bl_to_305E08
0x30B5A8,BL 0x305E08,bl_to_305E08
0x30B5B8,BL 0x305E08,bl_to_305E08
0x30B5C8,BL 0x305E08,bl_to_305E08
0x30B5D4,BL 0x305E08,bl_to_305E08
0x30B5E6,BL 0x305E08,bl_to_305E08
0x30B5F6,BL 0x305E08,bl_to_305E08
0x30B602,BL 0x305E08,bl_to_305E08
0x30B60E,BL 0x305E08,bl_to_305E08
0x30B62E,BL 0x305E08,bl_to_305E08
0x30B63E,BL 0x305E08,bl_to_305E08
0x30B64A,BL 0x305E08,bl_to_305E08
0x30B660,BL 0x305E08,bl_to_305E08
0x30B666,BL 0x305E08,bl_to_305E08
0x30B6A6,BL 0x305E08,bl_to_305E08
0x30B6B2,BL 0x305E08,bl_to_305E08
0x30B6B8,BL 0x305E08,bl_to_305E08
0x30B78C,BL 0x305E08,bl_to_305E08
0x30B7B0,BL 0x305E08,bl_to_305E08
0x30B7BA,BL 0x305E08,bl_to_305E08
0x30B7C4,BL 0x305E08,bl_to_305E08
0x30B8B0,BL 0x305E08,bl_to_305E08
0x30B8B6,BL 0x305E08,bl_to_305E08
0x30B906,BL 0x305E08,bl_to_305E08
0x30B90C,BL 0x305E08,bl_to_305E08
0x30B912,BL 0x305E08,bl_to_305E08
0x30B91E,BL 0x305E08,bl_to_305E08
0x30BAEA,BL 0x305E08,bl_to_305E08
0x30BAF4,BL 0x305E08,bl_to_305E08
0x30BB04,BL 0x305E08,bl_to_305E08
0x30BB22,BL 0x305E08,bl_to_305E08
0x30BB3C,BL 0x305E08,bl_to_305E08
0x30BB42,BL 0x305E08,bl_to_305E08
0x30BB52,BL 0x305E08,bl_to_305E08
0x30BBEE,BL 0x305E08,bl_to_305E08
0x30BC4C,BL 0x305E08,bl_to_305E08
0x30BC56,BL 0x305E08,bl_to_305E08
0x30BC94,BL 0x305E08,bl_to_305E08
0x30BCAC,BL 0x305E08,bl_to_305E08
0x30BCEA,BL 0x305E08,bl_to_305E08
0x30BCF0,BL 0x305E08,bl_to_305E08
0x30BDBE,BL 0x305E08,bl_to_305E08
0x30BDC4,BL 0x305E08,bl_to_305E08
0x30BF2E,BL 0x305E08,bl_to_305E08
0x30BF8C,BL 0x305E08,bl_to_305E08
0x30BFA2,BL 0x305E08,bl_to_305E08
0x30BFC0,BL 0x305E08,bl_to_305E08
0x30BFC6,BL 0x305E08,bl_to_305E08
0x30BFE4,BL 0x305E08,bl_to_305E08
0x30C09A,BL 0x305E08,bl_to_305E08
0x30C0D0,BL 0x305E08,bl_to_305E08
0x30C0E6,BL 0x305E08,bl_to_305E08
0x30C10A,BL 0x305E08,bl_to_305E08
0x30C116,BL 0x305E08,bl_to_305E08
0x30C164,BL 0x305E08,bl_to_305E08
0x30C22A,BL 0x305E08,bl_to_305E08
0x30C25A,BL 0x305E08,bl_to_305E08
0x30C266,BL 0x305E08,bl_to_305E08
0x30C276,BL 0x305E08,bl_to_305E08
0x30C296,BL 0x305E08,bl_to_305E08
0x30C2B6,BL 0x305E08,bl_to_305E08
0x30C2D6,BL 0x305E08,bl_to_305E08
0x30C316,BL 0x305E08,bl_to_305E08
0x30C346,BL 0x305E08,bl_to_305E08
0x30C34C,BL 0x305E08,bl_to_305E08
0x30C35C,BL 0x305E08,bl_to_305E08
0x30C36C,BL 0x305E08,bl_to_305E08
0x30C3A6,BL 0x305E08,bl_to_305E08
0x30C3AC,BL 0x305E08,bl_to_305E08
0x30C3BC,BL 0x305E08,bl_to_305E08
0x30C562,BL 0x305E08,bl_to_305E08
0x30C568,BL 0x305E08,bl_to_305E08
0x30C5C0,BL 0x305E08,bl_to_305E08
0x30C5C6,BL 0x305E08,bl_to_305E08
0x30C5D6,BL 0x305E08,bl_to_305E08
0x30C5EA,BL 0x305E08,bl_to_305E08
0x30C5F0,BL 0x305E08,bl_to_305E08
0x30C604,BL 0x305E08,bl_to_305E08
0x30C610,BL 0x305E08,bl_to_305E08
0x30C61C,BL 0x305E08,bl_to_305E08
0x30C638,BL 0x305E08,bl_to_305E08
0x30C650,BL 0x305E08,bl_to_305E08
0x30C66C,BL 0x305E08,bl_to_305E08
0x30C678,BL 0x305E08,bl_to_305E08
0x30C684,BL 0x305E08,bl_to_305E08
0x30C690,BL 0x305E08,bl_to_305E08
0x30C69C,BL 0x305E08,bl_to_305E08
0x30C6A8,BL 0x305E08,bl_to_305E08
0x30C6B4,BL 0x305E08,bl_to_305E08
0x30C6F6,BL 0x305E08,bl_to_305E08
0x30C718,BL 0x305E08,bl_to_305E08
0x30C71E,BL 0x305E08,bl_to_305E08
0x30C728,BL 0x305E08,bl_to_305E08
0x30C732,BL 0x305E08,bl_to_305E08
0x30C73E,BL 0x305E08,bl_to_305E08
0x30C76E,BL 0x305E08,bl_to_305E08
0x30C774,BL 0x305E08,bl_to_305E08
0x30C780,BL 0x305E08,bl_to_305E08
0x30C800,BL 0x305E08,bl_to_305E08
0x30C816,BL 0x305E08,bl_to_305E08
0x30C81C,BL 0x305E08,bl_to_305E08
0x30C822,BL 0x305E08,bl_to_305E08
0x30C84C,BL 0x305E08,bl_to_305E08
0x30C852,BL 0x305E08,bl_to_305E08
0x30C858,BL 0x305E08,bl_to_305E08
0x30C88C,BL 0x305E08,bl_to_305E08
0x30C89E,BL 0x305E08,bl_to_305E08
0x30C8C0,BL 0x305E08,bl_to_305E08
0x30C8F6,BL 0x305E08,bl_to_305E08
0x30C8FC,BL 0x305E08,bl_to_305E08
0x30C908,BL 0x305E08,bl_to_305E08
0x30C94C,BL 0x305E08,bl_to_305E08
0x30C9F0,BL 0x305E08,bl_to_305E08
0x30CA26,BL 0x305E08,bl_to_305E08
0x30CA5A,BL 0x305E08,bl_to_305E08
0x30CA66,BL 0x305E08,bl_to_305E08
0x30CAA0,BL 0x305E08,bl_to_305E08
0x30CAAC,BL 0x305E08,bl_to_305E08
0x30D660,BL 0x305E08,bl_to_305E08
0x30E1A0,BL 0x305E08,bl_to_305E08
0x30E514,BL 0x305E08,bl_to_305E08
0x30E54A,BL 0x305E08,bl_to_305E08
0x30EDC4,BL 0x305E08,bl_to_305E08
0x30EDF6,BL 0x305E08,bl_to_305E08
0x30FCDC,BL 0x305E08,bl_to_305E08
0x3105AC,BL 0x305E08,bl_to_305E08
0x3105DC,BL 0x305E08,bl_to_305E08
0x31060C,BL 0x305E08,bl_to_305E08
0x3113D4,BL 0x305E08,bl_to_305E08
0x3113EA,BL 0x305E08,bl_to_305E08
0x31151E,BL 0x305E08,bl_to_305E08
0x31159A,BL 0x305E08,bl_to_305E08
0x3115AC,BL 0x305E08,bl_to_305E08
0x3115E0,BL 0x305E08,bl_to_305E08
0x311AA2,BL 0x305E08,bl_to_305E08
0x311AB4,BL 0x305E08,bl_to_305E08
0x311DBA,BL 0x305E08,bl_to_305E08
0x311EF8,BL 0x305E08,bl_to_305E08
0x312BA2,BL 0x305E08,bl_to_305E08
0x312BFA,BL 0x305E08,bl_to_305E08
0x312C2E,BL 0x305E08,bl_to_305E08
0x313000,BL 0x305E08,bl_to_305E08
0x313014,BL 0x305E08,bl_to_305E08
0x313024,BL 0x305E08,bl_to_305E08
0x313034,BL 0x305E08,bl_to_305E08
0x313040,BL 0x305E08,bl_to_305E08
