run_id,seq,owner_module,owner_module_id,owner_generation,handler,insn_count,unique_bb,bl_targets,plat_seq,ret,guest_writes,er_rw_writes,p_writes,chunk_writes,vfs_ops,enqueue,dequeue,timer_rearm,fb_before,fb_after
p5_validate_20260723_033710_58895,1,robotol.ext,3,3,0x30630D,657,30,-,0x1E209:0x0,0,82,82,0,0,0,0,1,0,-,-
p5_validate_20260723_033710_58895,2,robotol.ext,3,3,0x30630D,657,30,-,0x1E209:0x0,0,82,82,0,0,0,0,1,0,-,-
p5_validate_20260723_033710_58895,3,robotol.ext,3,3,0x30630D,657,30,-,0x1E209:0x0,0,82,82,0,0,0,0,1,0,-,-
p5_validate_20260723_033710_58895,4,robotol.ext,3,3,0x30630D,657,30,-,0x1E209:0x0,0,82,82,0,0,0,0,1,0,-,-
p5_validate_20260723_033710_58895,5,robotol.ext,3,3,0x30630D,657,30,-,0x1E209:0x0,0,82,82,0,0,0,0,1,0,-,-
p5_validate_20260723_033710_58895,6,robotol.ext,3,3,0x30630D,657,30,-,0x1E209:0x0,0,82,82,0,0,0,0,1,0,-,-
p5_validate_20260723_033710_58895,7,robotol.ext,3,3,0x30630D,657,30,-,0x1E209:0x0,0,82,82,0,0,0,0,1,0,-,-
p5_validate_20260723_033710_58895,8,robotol.ext,3,3,0x30630D,657,30,-,0x1E209:0x0,0,82,82,0,0,0,0,1,0,-,-
p5_validate_20260723_033710_58895,9,robotol.ext,3,3,0x30630D,657,30,-,0x1E209:0x0,0,82,82,0,0,0,0,1,0,-,-
p5_validate_20260723_033710_58895,10,robotol.ext,3,3,0x30630D,657,30,-,0x1E209:0x0,0,82,82,0,0,0,0,1,0,-,-
p5_validate_20260723_033710_58895,11,robotol.ext,3,3,0x30630D,657,30,-,0x1E209:0x0,0,82,82,0,0,0,0,1,0,-,-
p5_validate_20260723_033710_58895,12,robotol.ext,3,3,0x30630D,657,30,-,0x1E209:0x0,0,82,82,0,0,0,0,1,0,-,-
p5_validate_20260723_033710_58895,13,robotol.ext,3,3,0x30630D,657,30,-,0x1E209:0x0,0,82,82,0,0,0,0,1,0,-,-
p5_validate_20260723_033710_58895,14,robotol.ext,3,3,0x30630D,657,30,-,0x1E209:0x0,0,82,82,0,0,0,0,1,0,-,-
p5_validate_20260723_033710_58895,15,robotol.ext,3,3,0x30630D,657,30,-,0x1E209:0x0,0,82,82,0,0,0,0,1,0,-,-
p5_validate_20260723_033710_58895,16,robotol.ext,3,3,0x30630D,657,30,-,0x1E209:0x0,0,82,82,0,0,0,0,1,0,-,-
p5_validate_20260723_033710_58895,17,robotol.ext,3,3,0x30630D,657,30,-,0x1E209:0x0,0,82,82,0,0,0,0,1,0,-,-
p5_validate_20260723_033710_58895,18,robotol.ext,3,3,0x30630D,657,30,-,0x1E209:0x0,0,82,82,0,0,0,0,1,0,-,-
p5_validate_20260723_033710_58895,19,robotol.ext,3,3,0x30630D,657,30,-,0x1E209:0x0,0,82,82,0,0,0,0,1,0,-,-
p5_validate_20260723_033710_58895,20,robotol.ext,3,3,0x30630D,657,30,-,0x1E209:0x0,0,82,82,0,0,0,0,1,0,-,-
p5_validate_20260723_033710_58895,21,robotol.ext,3,3,0x30630D,657,30,-,0x1E209:0x0,0,82,82,0,0,0,0,1,0,-,-
p5_validate_20260723_033710_58895,22,robotol.ext,3,3,0x30630D,657,30,-,0x1E209:0x0,0,82,82,0,0,0,0,1,0,-,-
p5_validate_20260723_033710_58895,23,robotol.ext,3,3,0x30630D,657,30,-,0x1E209:0x0,0,82,82,0,0,0,0,1,0,-,-
p5_validate_20260723_033710_58895,24,robotol.ext,3,3,0x30630D,657,30,-,0x1E209:0x0,0,82,82,0,0,0,0,1,0,-,-
p5_validate_20260723_033710_58895,25,robotol.ext,3,3,0x30630D,657,30,-,0x1E209:0x0,0,82,82,0,0,0,0,1,0,-,-
p5_validate_20260723_033710_58895,26,robotol.ext,3,3,0x30630D,657,30,-,0x1E209:0x0,0,82,82,0,0,0,0,1,0,-,-
p5_validate_20260723_033710_58895,27,robotol.ext,3,3,0x30630D,657,30,-,0x1E209:0x0,0,82,82,0,0,0,0,1,0,-,-
p5_validate_20260723_033710_58895,28,robotol.ext,3,3,0x30630D,657,30,-,0x1E209:0x0,0,82,82,0,0,0,0,1,0,-,-
p5_validate_20260723_033710_58895,29,robotol.ext,3,3,0x30630D,657,30,-,0x1E209:0x0,0,82,82,0,0,0,0,1,0,-,-
p5_validate_20260723_033710_58895,30,robotol.ext,3,3,0x30630D,657,30,-,0x1E209:0x0,0,82,82,0,0,0,0,1,0,-,-
p5_validate_20260723_033710_58895,31,robotol.ext,3,3,0x30630D,657,30,-,0x1E209:0x0,0,82,82,0,0,0,0,1,0,-,-
p5_validate_20260723_033710_58895,32,robotol.ext,3,3,0x30630D,657,30,-,0x1E209:0x0,0,82,82,0,0,0,0,1,0,-,-
p5_validate_20260723_033710_58895,33,robotol.ext,3,3,0x30630D,657,30,-,0x1E209:0x0,0,82,82,0,0,0,0,1,0,-,-
p5_validate_20260723_033710_58895,34,robotol.ext,3,3,0x30630D,657,30,-,0x1E209:0x0,0,82,82,0,0,0,0,1,0,-,-
