p16_diag_20260801_141803_16397,PLATFORM_EVENT,0x30D311,0,0
p16_hit1_20260801_141850_91929,PLATFORM_EVENT,0x30D311,0,0
p16_hit1_20260801_141850_91929,PLATFORM_EVENT,0x30D311,0,0
p16_hit1_20260801_141850_91929,PLATFORM_EVENT,0x30D311,0,0
p16_hit1_20260801_141850_91929,PLATFORM_EVENT,0x30D311,0,0
p16_hit1_20260801_141850_91929,PLATFORM_EVENT,0x30D311,0,0
p16_hit1_20260801_141850_91929,PLATFORM_EVENT,0x30D311,0,0
p16_hit1_20260801_141850_91929,PLATFORM_EVENT,0x30D311,0,0
p16_hit1_20260801_141850_91929,PLATFORM_EVENT,0x30D311,0,0
p16_hit1_20260801_141850_91929,PLATFORM_EVENT,0x30D311,0,0
p16_hit1_20260801_141850_91929,PLATFORM_EVENT,0x30D311,0,0
p16_hit1_20260801_141850_91929,PLATFORM_EVENT,0x30D311,0,0
p16_hit1_20260801_141850_91929,PLATFORM_EVENT,0x30D311,0,0
p16_hit1_20260801_141850_91929,PLATFORM_EVENT,0x30D311,0,0
p16_hit1_20260801_141850_91929,PLATFORM_EVENT,0x30D311,0,0
p16_hit1_20260801_141850_91929,PLATFORM_EVENT,0x30D311,0,0
p16_hit1_20260801_141850_91929,PLATFORM_EVENT,0x30D311,0,0
p16_hit1_20260801_141850_91929,PLATFORM_EVENT,0x30D311,0,0
p16_hit1_20260801_141850_91929,PLATFORM_EVENT,0x30D311,0,0
p16_hit1_20260801_141850_91929,PLATFORM_EVENT,0x30D311,0,0
p16_hit1_20260801_141850_91929,PLATFORM_EVENT,0x30D311,0,0
p16_hit2_20260801_142003_22383,PLATFORM_EVENT,0x30D311,0,0
p16_hit2_20260801_142003_22383,PLATFORM_EVENT,0x30D311,0,0
p16_hit2_20260801_142003_22383,PLATFORM_EVENT,0x30D311,0,0
p16_hit2_20260801_142003_22383,PLATFORM_EVENT,0x30D311,0,0
p16_hit2_20260801_142003_22383,PLATFORM_EVENT,0x30D311,0,0
p16_hit2_20260801_142003_22383,PLATFORM_EVENT,0x30D311,0,0
p16_hit2_20260801_142003_22383,PLATFORM_EVENT,0x30D311,0,0
p16_hit2_20260801_142003_22383,PLATFORM_EVENT,0x30D311,0,0
p16_hit2_20260801_142003_22383,PLATFORM_EVENT,0x30D311,0,0
p16_hit2_20260801_142003_22383,PLATFORM_EVENT,0x30D311,0,0
p16_hit2_20260801_142003_22383,PLATFORM_EVENT,0x30D311,0,0
p16_hit2_20260801_142003_22383,PLATFORM_EVENT,0x30D311,0,0
p16_hit2_20260801_142003_22383,PLATFORM_EVENT,0x30D311,0,0
p16_hit2_20260801_142003_22383,PLATFORM_EVENT,0x30D311,0,0
p16_hit2_20260801_142003_22383,PLATFORM_EVENT,0x30D311,0,0
p16_hit2_20260801_142003_22383,PLATFORM_EVENT,0x30D311,0,0
p16_hit2_20260801_142003_22383,PLATFORM_EVENT,0x30D311,0,0
p16_hit2_20260801_142003_22383,PLATFORM_EVENT,0x30D311,0,0
p16_hit2_20260801_142003_22383,PLATFORM_EVENT,0x30D311,0,0
p16_hit2_20260801_142003_22383,PLATFORM_EVENT,0x30D311,0,0
p16_hit2_20260801_142003_22383,PLATFORM_EVENT,0x30D311,0,0
p16_hit2_20260801_142003_22383,PLATFORM_EVENT,0x30D311,0,0
p16_hit2_20260801_142003_22383,PLATFORM_EVENT,0x30D311,0,0
p16_hit2_20260801_142003_22383,PLATFORM_EVENT,0x30D311,0,0
p16_hit3_20260801_142116_73395,PLATFORM_EVENT,0x30D311,0,0
p16_hit3_20260801_142116_73395,PLATFORM_EVENT,0x30D311,0,0
p16_hit3_20260801_142116_73395,PLATFORM_EVENT,0x30D311,0,0
p16_hit3_20260801_142116_73395,PLATFORM_EVENT,0x30D311,0,0
p16_hit3_20260801_142116_73395,PLATFORM_EVENT,0x30D311,0,0
p16_hit3_20260801_142116_73395,PLATFORM_EVENT,0x30D311,0,0
p16_hit3_20260801_142116_73395,PLATFORM_EVENT,0x30D311,0,0
p16_hit3_20260801_142116_73395,PLATFORM_EVENT,0x30D311,0,0
p16_hit3_20260801_142116_73395,PLATFORM_EVENT,0x30D311,0,0
p16_hit3_20260801_142116_73395,PLATFORM_EVENT,0x30D311,0,0
p16_hit3_20260801_142116_73395,PLATFORM_EVENT,0x30D311,0,0
p16_hit3_20260801_142116_73395,PLATFORM_EVENT,0x30D311,0,0
p16_hit3_20260801_142116_73395,PLATFORM_EVENT,0x30D311,0,0
p16_hit3_20260801_142116_73395,PLATFORM_EVENT,0x30D311,0,0
p16_hit3_20260801_142116_73395,PLATFORM_EVENT,0x30D311,0,0
p16_hit3_20260801_142116_73395,PLATFORM_EVENT,0x30D311,0,0
p16_hit3_20260801_142116_73395,PLATFORM_EVENT,0x30D311,0,0
p16_hit3_20260801_142116_73395,PLATFORM_EVENT,0x30D311,0,0
p16_hit3_20260801_142116_73395,PLATFORM_EVENT,0x30D311,0,0
p16_hit3_20260801_142116_73395,PLATFORM_EVENT,0x30D311,0,0
p16_hit3_20260801_142116_73395,PLATFORM_EVENT,0x30D311,0,0
p16_hit3_20260801_142116_73395,PLATFORM_EVENT,0x30D311,0,0
