run_id,request_id,is_write,addr,size,value,pc
p14_r2_20260730_013052,1,0,0x6AD11D,1,0x0,0x311144
p14_r2_20260730_013052,1,0,0x6AD11E,1,0x0,0x311144
p14_r2_20260730_013052,1,0,0x6AD11F,1,0x0,0x311144
p14_r2_20260730_013052,1,0,0x6AD120,1,0x0,0x311144
p14_r2_20260730_013052,1,0,0x6AD121,1,0x0,0x308DA2
p14_r2_20260730_013052,1,0,0x6AD122,1,0x0,0x308DA2
p14_r2_20260730_013052,1,0,0x6AD123,1,0x0,0x308DA2
p14_r2_20260730_013052,1,0,0x6AD124,1,0x0,0x308DA2
p14_r2_20260730_013052,1,0,0x6AD125,1,0x0,0x308DA2
p14_r2_20260730_013052,1,0,0x6AD126,1,0x0,0x308DA2
p14_r2_20260730_013052,1,0,0x6AD127,1,0x0,0x308DA2
p14_r2_20260730_013052,1,0,0x6AD128,1,0x0,0x308DA2
p14_r2_20260730_013052,1,0,0x6AD129,1,0x0,0x308D40
p14_r2_20260730_013052,1,0,0x6AD12A,1,0x0,0x308D40
