idx,tag,a,b,c,detail
0,PLAT_10102,0x10102,0x304589,0x304589,"app=0x1E200 r2=0x30D301 r3=0x0 sp=0x27FD20 r9=0x2B1858"
1,PLAT_10140,0x10140,0x304589,0x304589,"app=0x5 r2=0x682AA4 r3=0x30630D sp=0x27FD20 r9=0x2B1858"
2,PLAT_10102,0x10102,0x304589,0x304589,"app=0x1E200 r2=0x30D301 r3=0x0 sp=0x27FF90 r9=0x2B1858"
3,PLAT_10140,0x10140,0x304589,0x304589,"app=0x5 r2=0x682AA4 r3=0x30630D sp=0x27FF90 r9=0x2B1858"
4,FAMILY_1E209,0x1E209,0x304589,0x304589,"app=0x3 r2=0x0 r3=0x0 sp=0x27FF40 r9=0x2B1858"
5,FAMILY_HANDLER_ENTER,0x1E209,0x3,0x30D301,"handler=0x30D301 r2=0x0 r3=0x0"
6,FAMILY_HANDLER_ENTER,0x1E209,0x9,0x30D2F9,"handler=0x30D2F9 r2=0x0 r3=0x0"
7,FAMILY_HANDLER_ENTER,0x1E209,0x9,0x30D301,"handler=0x30D301 r2=0x0 r3=0x0"
8,FAMILY_HANDLER_ENTER,0x1E209,0x9,0x305EB9,"handler=0x305EB9 r2=0x0 r3=0x0"
9,UI_BUILDER_ENTER,0x304BF0,0x2D93D1,0x0,"loadingbar!201!29.bmp"
10,UI_BUILDER_ENTER,0x304BF0,0x2D93D1,0x0,"loadingbar!201!29.bmp"
11,RESOURCE_1,0x304BF0,0x2D93D1,0x2,"loadingbar!201!29.bmp"
12,MRP_RESUME,0x0,0x0,0x0,"direct_lr"
13,ENTRY_COMPLETE_SKIPPED_NATIVE,0x6BBB98,0x2D93D1,0x1,"loadingbar!201!29.bmp"
14,RESOURCE_2,0x304BF0,0x2D93D1,0x2,"bar!16!18.bmp"
15,MRP_RESUME,0x0,0x0,0x0,"direct_lr"
16,ENTRY_COMPLETE_SKIPPED_NATIVE,0x6BE990,0x2D93D1,0x2,"bar!16!18.bmp"
17,RESOURCE_3,0x304BF0,0x2D93D1,0x2,"textbar!120!30.bmp"
18,MRP_RESUME,0x0,0x0,0x0,"direct_lr"
19,ENTRY_COMPLETE_SKIPPED_NATIVE,0x6BEC48,0x2D93D1,0x3,"textbar!120!30.bmp"
20,FAMILY_1E209,0x1E209,0x304589,0x304589,"app=0x2 r2=0x0 r3=0x0 sp=0x27FF00 r9=0x2B1858"
21,RESOURCE_4,0x304BF0,0x2D93D1,0x2,"topleft!15!5.bmp"
22,MRP_RESUME,0x0,0x0,0x0,"direct_lr"
23,ENTRY_COMPLETE_SKIPPED_NATIVE,0x6C08E0,0x2D93D1,0x4,"topleft!15!5.bmp"
24,RESOURCE_5,0x304BF0,0x2D93D1,0x2,"topright!12!4.bmp"
25,LAST_RESOURCE_COMPLETE,0x304BF0,0x2D93D1,0x5,"topright!12!4.bmp"
26,UI_BUILDER_LEAVE_CANDIDATE,0x304BF0,0x2D93D1,0x0,"await_pc_leave_builder"
27,MRP_RESUME,0x0,0x0,0x0,"direct_lr"
28,ENTRY_COMPLETE_SKIPPED_NATIVE,0x6C09F0,0x2D93D1,0x5,"topright!12!4.bmp"
29,FIRST_POST_UI_PC,0x2D93D0,0x0,0x0,""
30,UI_BUILDER_LEAVE,0x305E08,0x2D93D1,0x0,"left_2D92E4_band"
31,PLAT_OTHER,0x10133,0x304589,0x304589,"app=0x6C099C r2=0x0 r3=0x0 sp=0x27FEB8 r9=0x2B1858"
32,PLAT_OTHER,0x10134,0x304589,0x304589,"app=0x60 r2=0x0 r3=0x0 sp=0x27FED0 r9=0x2B1858"
33,PLAT_OTHER,0x10133,0x304589,0x304589,"app=0x6BBADC r2=0x0 r3=0x0 sp=0x27FF28 r9=0x2B1858"
34,PLAT_OTHER,0x10133,0x304589,0x304589,"app=0x6BBAB4 r2=0x0 r3=0x0 sp=0x27FF30 r9=0x2B1858"
35,PLAT_OTHER,0x10133,0x304589,0x304589,"app=0x6BBAC4 r2=0x0 r3=0x0 sp=0x27FF30 r9=0x2B1858"
36,FAMILY_HANDLER_ENTER,0x1E201,0x3,0x30D301,"handler=0x30D301 r2=0x0 r3=0x0"
37,FAMILY_HANDLER_ENTER,0x1E201,0x9,0x30D301,"handler=0x30D301 r2=0x3 r3=0x0"
38,PLAT_OTHER,0x10133,0x304589,0x304589,"app=0x1E1FD r2=0x0 r3=0x0 sp=0x27FF28 r9=0x2B1858"
39,FAMILY_HANDLER_ENTER,0x1E201,0x6,0x30D301,"handler=0x30D301 r2=0x0 r3=0x0"
40,PLAT_OTHER,0x10133,0x304589,0x304589,"app=0x1E1FD r2=0x0 r3=0x0 sp=0x27FF08 r9=0x2B1858"
41,FAMILY_HANDLER_ENTER,0x1E201,0x5,0x30D301,"handler=0x30D301 r2=0x0 r3=0x0"
42,FAMILY_HANDLER_ENTER,0x1E201,0x8,0x30D301,"handler=0x30D301 r2=0x0 r3=0x0"
43,FAMILY_HANDLER_ENTER,0x1E209,0x2,0x30D301,"handler=0x30D301 r2=0x0 r3=0x0"
44,PLAT_OTHER,0x10132,0x304589,0x304589,"app=0x50 r2=0x0 r3=0x0 sp=0x27FE90 r9=0x2B1858"
45,PLAT_OTHER,0x10132,0x304589,0x304589,"app=0x90 r2=0x0 r3=0x0 sp=0x27FE90 r9=0x2B1858"
46,PLAT_OTHER,0x10132,0x304589,0x304589,"app=0x22 r2=0x0 r3=0x0 sp=0x27FEA8 r9=0x2B1858"
47,PLAT_OTHER,0x10132,0x304589,0x304589,"app=0x3EC r2=0x0 r3=0x0 sp=0x27FEA8 r9=0x2B1858"
48,PLAT_OTHER,0x10132,0x304589,0x304589,"app=0x22 r2=0x0 r3=0x0 sp=0x27FEA8 r9=0x2B1858"
49,PLAT_OTHER,0x10132,0x304589,0x304589,"app=0xCC r2=0x0 r3=0x0 sp=0x27FEA8 r9=0x2B1858"
50,NO_NEW_RESOURCE_FOR_MS,0x1398,0x304558,0x5,"stable_after_res5"
51,STABLE_LOOP_ENTER,0x304558,0xD,0x0,""
52,PLAT_OTHER,0x10132,0x304589,0x304589,"app=0x9 r2=0x0 r3=0x0 sp=0x27FE90 r9=0x2B1858"
53,PLAT_OTHER,0x10132,0x304589,0x304589,"app=0x10 r2=0x0 r3=0x0 sp=0x27FEA8 r9=0x2B1858"
54,PLAT_OTHER,0x12340,0x304589,0x304589,"app=0x1 r2=0x2A83AC r3=0x0 sp=0x27FEC0 r9=0x2B1858"
55,PLAT_OTHER,0x11F00,0x304589,0x304589,"app=0x10 r2=0x3E8 r3=0x0 sp=0x27FEE0 r9=0x2B1858"
56,PLAT_OTHER,0x10132,0x304589,0x304589,"app=0x10 r2=0x0 r3=0x0 sp=0x27FEA8 r9=0x2B1858"
57,PLAT_OTHER,0x10130,0x304589,0x304589,"app=0xAF000 r2=0x0 r3=0x0 sp=0x27FEE0 r9=0x2B1858"
58,PLAT_OTHER,0x10138,0x304589,0x304589,"app=0x27FF28 r2=0x27FF24 r3=0x27FF20 sp=0x27FEE0 r9=0x2B1858"
59,PLAT_OTHER,0x10132,0x304589,0x304589,"app=0x10 r2=0x0 r3=0x0 sp=0x27FE88 r9=0x2B1858"
60,PLAT_OTHER,0x10132,0x304589,0x304589,"app=0xC r2=0x0 r3=0x0 sp=0x27FEA0 r9=0x2B1858"
61,PLAT_OTHER,0x10132,0x304589,0x304589,"app=0xC r2=0x0 r3=0x0 sp=0x27FEA0 r9=0x2B1858"
62,PLAT_OTHER,0x10180,0x304589,0x304589,"app=0x1 r2=0x0 r3=0x0 sp=0x27FEC0 r9=0x2B1858"
63,FAMILY_1E209,0x1E209,0x304589,0x304589,"app=0x3 r2=0x0 r3=0x0 sp=0x27FEE0 r9=0x2B1858"
64,FAMILY_HANDLER_ENTER,0x1E209,0x9,0x30D2F9,"handler=0x30D2F9 r2=0x0 r3=0x0"
65,PLAT_OTHER,0x101AB,0x304589,0x304589,"app=0x6AD11C r2=0x27FF48 r3=0x2 sp=0x27FF10 r9=0x2B1858"
66,PLAT_OTHER,0x10132,0x304589,0x304589,"app=0x23 r2=0x0 r3=0x0 sp=0x27FEA8 r9=0x2B1858"
67,PLAT_OTHER,0x10132,0x304589,0x304589,"app=0x10 r2=0x0 r3=0x0 sp=0x27FEA8 r9=0x2B1858"
68,PLAT_OTHER,0x10132,0x304589,0x304589,"app=0x10 r2=0x0 r3=0x0 sp=0x27FE98 r9=0x2B1858"
69,FAMILY_HANDLER_ENTER,0x1E209,0x3,0x30D301,"handler=0x30D301 r2=0x0 r3=0x0"
70,FAMILY_HANDLER_ENTER,0x1E209,0x9,0x305EB9,"handler=0x305EB9 r2=0x0 r3=0x0"
71,PLAT_OTHER,0x10132,0x304589,0x304589,"app=0x10 r2=0x0 r3=0x0 sp=0x27FE88 r9=0x2B1858"
72,PLAT_OTHER,0x10132,0x304589,0x304589,"app=0x14 r2=0x0 r3=0x0 sp=0x27FE98 r9=0x2B1858"
73,PLAT_OTHER,0x10132,0x304589,0x304589,"app=0x10 r2=0x0 r3=0x0 sp=0x27FE88 r9=0x2B1858"
74,PLAT_OTHER,0x10132,0x304589,0x304589,"app=0x12 r2=0x0 r3=0x0 sp=0x27FE58 r9=0x2B1858"
75,PLAT_OTHER,0x10133,0x304589,0x304589,"app=0x6C118C r2=0x0 r3=0x0 sp=0x27FE98 r9=0x2B1858"
76,PLAT_OTHER,0x10132,0x304589,0x304589,"app=0x8 r2=0x0 r3=0x0 sp=0x27FE60 r9=0x2B1858"
77,PLAT_OTHER,0x10133,0x304589,0x304589,"app=0x6C11A4 r2=0x0 r3=0x0 sp=0x27FE98 r9=0x2B1858"
78,PLAT_OTHER,0x10133,0x304589,0x304589,"app=0x6C1174 r2=0x0 r3=0x0 sp=0x27FEC0 r9=0x2B1858"
79,PLAT_OTHER,0x10133,0x304589,0x304589,"app=0x6C1144 r2=0x0 r3=0x0 sp=0x27FED0 r9=0x2B1858"
80,PLAT_OTHER,0x10133,0x304589,0x304589,"app=0x6C115C r2=0x0 r3=0x0 sp=0x27FED0 r9=0x2B1858"
81,PLAT_OTHER,0x10133,0x304589,0x304589,"app=0x6C112C r2=0x0 r3=0x0 sp=0x27FEF0 r9=0x2B1858"
82,PLAT_OTHER,0x10133,0x304589,0x304589,"app=0x6C10EC r2=0x0 r3=0x0 sp=0x27FEF8 r9=0x2B1858"
83,PLAT_OTHER,0x10133,0x304589,0x304589,"app=0x6C1114 r2=0x0 r3=0x0 sp=0x27FEF8 r9=0x2B1858"
84,PLAT_OTHER,0x10132,0x304589,0x304589,"app=0x1B r2=0x0 r3=0x0 sp=0x27FEB0 r9=0x2B1858"
85,PLAT_OTHER,0x10133,0x304589,0x304589,"app=0x6C11B4 r2=0x0 r3=0x0 sp=0x27FEF0 r9=0x2B1858"
86,PLAT_OTHER,0x10132,0x304589,0x304589,"app=0x8 r2=0x0 r3=0x0 sp=0x27FED0 r9=0x2B1858"
87,PLAT_OTHER,0x10132,0x304589,0x304589,"app=0x4 r2=0x0 r3=0x0 sp=0x27FEA8 r9=0x2B1858"
88,PLAT_OTHER,0x10133,0x304589,0x304589,"app=0x6C11D4 r2=0x0 r3=0x0 sp=0x27FEC8 r9=0x2B1858"
89,PLAT_OTHER,0x10132,0x304589,0x304589,"app=0x4 r2=0x0 r3=0x0 sp=0x27FEA8 r9=0x2B1858"
90,PLAT_OTHER,0x10133,0x304589,0x304589,"app=0x6C11E4 r2=0x0 r3=0x0 sp=0x27FEC8 r9=0x2B1858"
91,PLAT_OTHER,0x10132,0x304589,0x304589,"app=0x4 r2=0x0 r3=0x0 sp=0x27FEA8 r9=0x2B1858"
92,PLAT_OTHER,0x10133,0x304589,0x304589,"app=0x6C11EC r2=0x0 r3=0x0 sp=0x27FEC8 r9=0x2B1858"
93,PLAT_OTHER,0x10132,0x304589,0x304589,"app=0x4 r2=0x0 r3=0x0 sp=0x27FEA8 r9=0x2B1858"
94,PLAT_OTHER,0x10133,0x304589,0x304589,"app=0x6C11F4 r2=0x0 r3=0x0 sp=0x27FEC8 r9=0x2B1858"
95,PLAT_OTHER,0x10133,0x304589,0x304589,"app=0x6C11D4 r2=0x0 r3=0x0 sp=0x27FEF0 r9=0x2B1858"
96,PLAT_OTHER,0x1E201,0x304589,0x304589,"app=0x3 r2=0x0 r3=0x0 sp=0x27FF00 r9=0x2B1858"
97,PLAT_OTHER,0x1E201,0x304589,0x304589,"app=0x9 r2=0x3 r3=0x0 sp=0x27FF00 r9=0x2B1858"
98,PLAT_OTHER,0x1E201,0x304589,0x304589,"app=0x9 r2=0x2 r3=0x0 sp=0x27FF00 r9=0x2B1858"
99,PLAT_OTHER,0x1E201,0x304589,0x304589,"app=0x9 r2=0x1 r3=0x0 sp=0x27FF00 r9=0x2B1858"
100,PLAT_OTHER,0x1E201,0x304589,0x304589,"app=0x9 r2=0x4 r3=0x0 sp=0x27FF00 r9=0x2B1858"
101,PLAT_OTHER,0x1E201,0x304589,0x304589,"app=0x6 r2=0x0 r3=0x0 sp=0x27FF00 r9=0x2B1858"
102,PLAT_OTHER,0x1E201,0x304589,0x304589,"app=0x5 r2=0x0 r3=0x0 sp=0x27FF00 r9=0x2B1858"
103,PLAT_OTHER,0x1E201,0x304589,0x304589,"app=0x8 r2=0x0 r3=0x0 sp=0x27FF00 r9=0x2B1858"
104,PLAT_OTHER,0x10110,0x304589,0x304589,"app=0xE201 r2=0x0 r3=0x0 sp=0x27FF00 r9=0x2B1858"
105,FAMILY_1E209,0x1E209,0x304589,0x304589,"app=0x2 r2=0x0 r3=0x0 sp=0x27FF00 r9=0x2B1858"
106,FAMILY_HANDLER_ENTER,0x1E201,0x3,0x30D301,"handler=0x30D301 r2=0x0 r3=0x0"
107,FAMILY_HANDLER_ENTER,0x1E201,0x9,0x30D301,"handler=0x30D301 r2=0x3 r3=0x0"
108,PLAT_OTHER,0x10133,0x304589,0x304589,"app=0x1E1FD r2=0x0 r3=0x0 sp=0x27FEF0 r9=0x2B1858"
109,FAMILY_HANDLER_ENTER,0x1E201,0x6,0x30D301,"handler=0x30D301 r2=0x0 r3=0x0"
110,PLAT_OTHER,0x10133,0x304589,0x304589,"app=0x1E1FD r2=0x0 r3=0x0 sp=0x27FED0 r9=0x2B1858"
111,FAMILY_1E209,0x1E209,0x304589,0x304589,"app=0x9 r2=0x0 r3=0x0 sp=0x27FF48 r9=0x2B1858"
112,PLAT_OTHER,0x682AA4,0x3045DB,0x3045DB,"app=0x1 r2=0x1 r3=0x0 sp=0x27FEC8 r9=0x2B1858"
113,PLAT_OTHER,0x682AA4,0x3045B1,0x3045B1,"app=0x0 r2=0x1 r3=0x50 sp=0x27FEC8 r9=0x2B1858"
114,PLAT_OTHER,0x12340,0x304589,0x304589,"app=0x1 r2=0x2A845C r3=0x0 sp=0x27FE20 r9=0x2B1858"
115,PLAT_OTHER,0x10138,0x304589,0x304589,"app=0x27FE20 r2=0x27FE1C r3=0x27FE18 sp=0x27FDD8 r9=0x2B1858"
116,PLAT_OTHER,0x10132,0x304589,0x304589,"app=0x1A r2=0x0 r3=0x0 sp=0x27FDD8 r9=0x2B1858"
117,PLAT_OTHER,0x10132,0x304589,0x304589,"app=0xC r2=0x0 r3=0x0 sp=0x27FDC0 r9=0x2B1858"
118,PLAT_OTHER,0x10132,0x304589,0x304589,"app=0x8 r2=0x0 r3=0x0 sp=0x27FDA8 r9=0x2B1858"
119,PLAT_OTHER,0x10133,0x304589,0x304589,"app=0x6C1234 r2=0x0 r3=0x0 sp=0x27FDE0 r9=0x2B1858"
120,PLAT_OTHER,0x10132,0x304589,0x304589,"app=0x7 r2=0x0 r3=0x0 sp=0x27FDA8 r9=0x2B1858"
121,PLAT_OTHER,0x10133,0x304589,0x304589,"app=0x6C1244 r2=0x0 r3=0x0 sp=0x27FDE0 r9=0x2B1858"
122,PLAT_OTHER,0x10132,0x304589,0x304589,"app=0x18 r2=0x0 r3=0x0 sp=0x27FDD8 r9=0x2B1858"
123,PLAT_OTHER,0x10133,0x304589,0x304589,"app=0x6C1224 r2=0x0 r3=0x0 sp=0x27FDF8 r9=0x2B1858"
124,PLAT_OTHER,0x10133,0x304589,0x304589,"app=0x6C1204 r2=0x0 r3=0x0 sp=0x27FDF8 r9=0x2B1858"
125,PLAT_OTHER,0x10134,0x304589,0x304589,"app=0x2D8A r2=0x0 r3=0x0 sp=0x27FE10 r9=0x2B1858"
126,PLAT_OTHER,0x10132,0x304589,0x304589,"app=0x12 r2=0x0 r3=0x0 sp=0x27FDD8 r9=0x2B1858"
127,PLAT_OTHER,0x10132,0x304589,0x304589,"app=0xC r2=0x0 r3=0x0 sp=0x27FDC0 r9=0x2B1858"
128,PLAT_OTHER,0x10132,0x304589,0x304589,"app=0x7 r2=0x0 r3=0x0 sp=0x27FDA8 r9=0x2B1858"
129,PLAT_OTHER,0x10133,0x304589,0x304589,"app=0x6C402C r2=0x0 r3=0x0 sp=0x27FDE0 r9=0x2B1858"
130,PLAT_OTHER,0x10132,0x304589,0x304589,"app=0x7 r2=0x0 r3=0x0 sp=0x27FDA8 r9=0x2B1858"
131,PLAT_OTHER,0x10133,0x304589,0x304589,"app=0x6C403C r2=0x0 r3=0x0 sp=0x27FDE0 r9=0x2B1858"
132,PLAT_OTHER,0x10132,0x304589,0x304589,"app=0x18 r2=0x0 r3=0x0 sp=0x27FDD8 r9=0x2B1858"
133,PLAT_OTHER,0x10133,0x304589,0x304589,"app=0x6C401C r2=0x0 r3=0x0 sp=0x27FDF8 r9=0x2B1858"
