pc,count
0x2D93D0,1
0x2D93D2,1
0x2D93D4,1
0x2D93EA,1
0x2D93EC,1
0x2D93EE,1
0x2D93F0,1
0x2D93F8,1
0x2D93FA,1
0x2D946C,1
0x2D946E,1
0x2D94DE,1
0x2D94E0,1
0x2D9500,1
0x2D9502,1
0x2D9522,1
0x2D9524,1
0x2D9544,1
0x2D9546,1
0x305E08,5
0x305E0A,5
0x305E0C,5
0x305E0E,5
0x305E10,5
0x305E12,5
0x305E14,5
0x305E16,5
0x305E18,5
0x305E1A,5
0x305E1C,5
0x305E1E,5
0x305E20,5
0x305E22,5
0x304558,6
0x30455A,6
0x30455C,6
0x30455E,6
0x304560,6
0x304562,6
0x304564,6
0x304566,6
0x304568,6
0x30456A,6
0x30456C,6
0x30456E,6
0x304570,6
0x304572,6
0x304574,6
0x304576,6
0x304578,6
0x30457A,6
0x30457C,6
0x30457E,6
0x304580,6
0x304582,6
0x304584,6
0x304586,6
0x280058,6
0x304588,6
0x30458A,6
0x305E26,5
0x305E28,5
0x2D954A,1
0x2D954C,1
0x2D954E,1
0x2D9550,1
0x2D9552,1
0x2D9554,1
0x2D9556,1
0x2D9558,1
0x2D955A,1
0x2D9566,1
0x2D9568,1
0x2D956A,1
0x2D956C,1
0x2D956E,1
0x2D9570,1
0x2D9572,1
0x2D9574,1
0x2D9576,1
0x2D9578,1
0x2D957C,1
0x2D957E,1
0x2D9580,1
0x2D9582,1
0x2D9584,1
0x2D9586,1
0x2D9588,1
0x2D958A,1
0x2D958C,1
0x280010,1
0x2D958E,1
0x2D9590,1
0x3045E4,1
0x3045E6,1
0x3045E8,1
0x3045F6,1
0x2D9594,1
0x2D9596,1
0x2D9598,1
0x2D959A,1
0x2D959C,1
0x2D9562,1
0x2D9564,1
0x2FC3D6,1
0x2FC3D8,1
0x2FC3DA,1
0x2FC3DC,1
0x2FC3DE,1
0x2FC3E0,1
0x2FC3E2,1
0x2FC3E4,1
0x2FC3E6,1
0x2DAE1E,1
0x2E406A,1
0x2E4194,1
0x2E4196,1
0x2E2E86,1
0x2E2E88,1
0x2DC8D8,1
0x2DC8DA,1
0x2DC8DC,1
0x2DC8DE,1
0x2DC8E0,1
0x2DC8E2,1
0x2DC8E4,1
0x312C0C,1
0x312C0E,1
0x312C10,1
0x312C12,1
0x2F4B28,1
0x2F4B2A,1
0x2F4B2C,1
0x2F4B2E,1
0x2F4B30,1
0x2F4B38,1
0x2F4B3A,1
0x2F4B40,1
0x2F4B42,1
0x2F4B48,1
0x2F4B4A,1
0x2F4B4C,1
0x2F4B4E,1
0x2F4B50,1
0x2F4B52,1
0x2F4B62,1
0x2F4B64,1
0x2F4B66,1
0x2F4B68,1
0x2F4B6A,1
0x2F4B34,1
0x2F4B36,1
0x312C16,1
0x312C18,1
0x312C1A,1
0x312C1C,1
0x312C1E,1
0x312C20,1
0x312C22,1
0x312C24,1
0x312C26,1
0x312C28,1
0x312C2A,1
0x312C2C,1
0x312C2E,1
0x312C32,1
0x312C34,1
0x312C36,1
0x312C38,1
0x312C3A,1
0x312C3C,1
0x2DC8E8,1
0x2DC8EA,1
0x30BC40,1
0x30BC42,1
0x30BC44,1
0x30BC46,1
0x30BC48,1
0x30BC4A,1
0x30BC4C,1
0x30BC50,1
0x30BC52,1
0x30BC54,1
0x30BC56,1
0x30BC5A,1
0x2DC8EE,1
0x2DC8F0,1
0x2DC8F2,1
0x2DC8F4,1
0x2DC8F6,1
0x2DC8F8,1
0x2DC93E,1
0x2DC940,1
0x2DC952,1
0x2DC954,1
0x2DC956,1
0x2DC958,1
0x2DC95A,1
0x2DC95C,1
0x2DC960,1
0x2DC846,1
0x305EC2,1
0x305EC4,1
0x305EC6,1
0x305EC8,1
0x305ECA,1
0x305ECC,1
0x305ECE,1
0x305ED0,1
0x305ED2,1
0x305ED4,1
0x305ED6,1
0x305ED8,1
0x305EF8,1
0x30D300,2
0x30D302,2
0x30D304,2
0x30D306,2
0x30D308,2
0x30D30A,2
0x30D30C,2
0x30D30E,2
0x30D310,2
0x30D312,2
0x30D314,2
0x30D316,2
0x30D318,2
0x30D31A,2
0x30D31C,2
0x30D31E,2
0x30E166,1
0x30E168,1
0x2F98A0,1
0x2F98A2,1
0x2F98A4,1
0x2F98A8,1
0x304BB8,1
0x304BBA,1
0x304BBC,1
0x304BBE,1
0x304BC0,1
0x304BC2,1
0x304BC4,1
0x304BC6,1
0x304BC8,1
0x304BCA,1
0x304BCC,1
0x2F98AC,1
0x2F98AE,1
0x2F98B0,1
0x2D8FB4,1
0x2D8FB8,1
0x2D8FBC,1
0x2D9044,1
0x2D9048,1
0x2D904C,1
0x2D9050,1
0x2D9054,1
0x2D9058,1
0x2D905C,1
0x2D9060,1
0x2D9064,1
0x2D9068,1
0x2D906C,1
0x2D9070,1
0x2F98B4,1
0x2F98B6,1
0x30E16C,1
0x30D97A,1
0x30D5DC,2
0x30D5DE,2
0x30E19E,1
0x30E1A0,1
0x30E1A4,1
0x30E1A6,1
0x30D9B6,1
# samples=493 bbs=54
# bb=0x2D93D0
# bb=0x2D93EA
# bb=0x2D946C
# bb=0x2D94DE
# bb=0x2D9500
# bb=0x2D9522
# bb=0x2D9544
# bb=0x305E08
# bb=0x304558
# bb=0x280058
# bb=0x304588
# bb=0x305E26
# bb=0x2D954A
# bb=0x2D957C
# bb=0x280010
# bb=0x2D958E
# bb=0x3045E4
# bb=0x2D9594
# bb=0x2D9562
# bb=0x2FC3D6
# bb=0x2DAE1E
# bb=0x2E406A
# bb=0x2E4194
# bb=0x2E2E86
# bb=0x2DC8D8
# bb=0x312C0C
# bb=0x2F4B28
# bb=0x2F4B34
# bb=0x312C16
# bb=0x312C32
# bb=0x2DC8E8
# bb=0x30BC40
# bb=0x30BC50
# bb=0x30BC5A
# bb=0x2DC8EE
# bb=0x2DC93E
# bb=0x2DC952
# bb=0x2DC846
# bb=0x305EC2
# bb=0x305EF8
# bb=0x30D300
# bb=0x30E166
# bb=0x2F98A0
# bb=0x304BB8
# bb=0x2F98AC
# bb=0x2D8FB4
# bb=0x2D9044
# bb=0x2F98B4
# bb=0x30E16C
# bb=0x30D97A
# bb=0x30D5DC
# bb=0x30E19E
# bb=0x30E1A4
# bb=0x30D9B6
