entry_seq,api,slot,idx,address,raw,thumb,kind,disasm,branch_target,module,r0,r1,lr
12,DATA:reserve1,0x28005C,0,0x30456A,0x1C0D,1,other,"t 0x1C0D",0x0,robotol.ext,0x10133,0x1E205,0x305E37
12,DATA:reserve1,0x28005C,1,0x30456C,0x1C04,1,other,"t 0x1C04",0x0,robotol.ext,0x10133,0x1E205,0x305E37
12,DATA:reserve1,0x28005C,2,0x30456E,0x1C16,1,other,"t 0x1C16",0x0,robotol.ext,0x10133,0x1E205,0x305E37
12,DATA:reserve1,0x28005C,3,0x304570,0x4A0A,1,other,"t 0x4A0A",0x0,robotol.ext,0x10133,0x1E205,0x305E37
12,DATA:reserve1,0x28005C,4,0x304572,0xB085,1,other,"t 0xB085",0x0,robotol.ext,0x10133,0x1E205,0x305E37
12,DATA:reserve1,0x28005C,5,0x304574,0x469C,1,other,"t 0x469C",0x0,robotol.ext,0x10133,0x1E205,0x305E37
12,DATA:reserve1,0x28005C,6,0x304576,0x447A,1,other,"t 0x447A",0x0,robotol.ext,0x10133,0x1E205,0x305E37
12,DATA:reserve1,0x28005C,7,0x304578,0x980B,1,other,"t 0x980B",0x0,robotol.ext,0x10133,0x1E205,0x305E37
12,DATA:reserve1,0x28005C,8,0x30457A,0x990C,1,other,"t 0x990C",0x0,robotol.ext,0x0,0x1E205,0x305E37
12,DATA:reserve1,0x28005C,9,0x30457C,0x9F0A,1,other,"t 0x9F0A",0x0,robotol.ext,0x0,0x0,0x305E37
12,DATA:reserve1,0x28005C,10,0x30457E,0x6BD3,1,ldr_imm,"ldr r3, [r2, #0x3C]",0x0,robotol.ext,0x0,0x0,0x305E37
12,DATA:reserve1,0x28005C,11,0x304580,0x2202,1,other,"t 0x2202",0x0,robotol.ext,0x0,0x0,0x305E37
12,DATA:reserve1,0x28005C,12,0x304582,0x9203,1,other,"t 0x9203",0x0,robotol.ext,0x0,0x0,0x305E37
12,DATA:reserve1,0x28005C,13,0x304584,0x9102,1,other,"t 0x9102",0x0,robotol.ext,0x0,0x0,0x305E37
12,DATA:reserve1,0x28005C,14,0x304586,0x9001,1,other,"t 0x9001",0x0,robotol.ext,0x0,0x0,0x305E37
12,DATA:reserve1,0x28005C,15,0x304588,0x9700,1,other,"t 0x9700",0x0,robotol.ext,0x0,0x0,0x305E37
12,DATA:reserve1,0x28005C,16,0x30458A,0x68D8,1,ldr_imm,"ldr r0, [r3, #0xC]",0x0,robotol.ext,0x0,0x0,0x305E37
12,DATA:reserve1,0x28005C,17,0x30458C,0x1C29,1,other,"t 0x1C29",0x0,robotol.ext,0x682AB4,0x0,0x305E37
12,DATA:reserve1,0x28005C,18,0x30458E,0x1C32,1,other,"t 0x1C32",0x0,robotol.ext,0x682AB4,0x1E205,0x305E37
12,DATA:reserve1,0x28005C,19,0x304590,0x6A87,1,ldr_imm,"ldr r7, [r0, #0x28]",0x0,robotol.ext,0x682AB4,0x1E205,0x305E37
12,DATA:reserve1,0x28005C,20,0x304592,0x1C20,1,other,"t 0x1C20",0x0,robotol.ext,0x682AB4,0x1E205,0x305E37
12,DATA:reserve1,0x28005C,21,0x304594,0x4663,1,other,"t 0x4663",0x0,robotol.ext,0x10133,0x1E205,0x305E37
12,DATA:reserve1,0x28005C,22,0x304596,0x47B8,1,blx_rm,"blx r7 ; ->0x280058",0x280058,robotol.ext,0x10133,0x1E205,0x305E37
12,DATA:reserve1,0x28005C,23,0x304598,0xB005,1,other,"t 0xB005",0x0,robotol.ext,0x0,0x1E205,0x304599
12,DATA:reserve1,0x28005C,24,0x30459A,0xBDF0,1,other,"t 0xBDF0",0x0,robotol.ext,0x0,0x1E205,0x304599
12,DATA:reserve1,0x28005C,25,0x305E36,0xB004,1,other,"t 0xB004",0x0,robotol.ext,0x0,0x1E205,0x304599
12,DATA:reserve1,0x28005C,26,0x305E38,0xBD10,1,other,"t 0xBD10",0x0,robotol.ext,0x0,0x1E205,0x304599
12,DATA:reserve1,0x28005C,27,0x30E1B4,0x2000,1,mov_imm,"movs r0, #0x0",0x0,robotol.ext,0x0,0x1E205,0x304599
12,DATA:reserve1,0x28005C,28,0x30E1B6,0xE406,1,other,"t 0xE406",0x0,robotol.ext,0x0,0x1E205,0x304599
12,DATA:reserve1,0x28005C,29,0x30D9C6,0xE611,1,other,"t 0xE611",0x0,robotol.ext,0x0,0x1E205,0x304599
12,DATA:reserve1,0x28005C,30,0x30D5EC,0xB004,1,other,"t 0xB004",0x0,robotol.ext,0x0,0x1E205,0x304599
12,DATA:reserve1,0x28005C,31,0x30D5EE,0xBD70,1,other,"t 0xBD70",0x0,robotol.ext,0x0,0x1E205,0x304599
13,DATA:_mr_c_internal_table,0x280060,0,0x30456A,0x1C0D,1,other,"t 0x1C0D",0x0,robotol.ext,0x10133,0x1E205,0x305E37
13,DATA:_mr_c_internal_table,0x280060,1,0x30456C,0x1C04,1,other,"t 0x1C04",0x0,robotol.ext,0x10133,0x1E205,0x305E37
13,DATA:_mr_c_internal_table,0x280060,2,0x30456E,0x1C16,1,other,"t 0x1C16",0x0,robotol.ext,0x10133,0x1E205,0x305E37
13,DATA:_mr_c_internal_table,0x280060,3,0x304570,0x4A0A,1,other,"t 0x4A0A",0x0,robotol.ext,0x10133,0x1E205,0x305E37
13,DATA:_mr_c_internal_table,0x280060,4,0x304572,0xB085,1,other,"t 0xB085",0x0,robotol.ext,0x10133,0x1E205,0x305E37
13,DATA:_mr_c_internal_table,0x280060,5,0x304574,0x469C,1,other,"t 0x469C",0x0,robotol.ext,0x10133,0x1E205,0x305E37
13,DATA:_mr_c_internal_table,0x280060,6,0x304576,0x447A,1,other,"t 0x447A",0x0,robotol.ext,0x10133,0x1E205,0x305E37
13,DATA:_mr_c_internal_table,0x280060,7,0x304578,0x980B,1,other,"t 0x980B",0x0,robotol.ext,0x10133,0x1E205,0x305E37
13,DATA:_mr_c_internal_table,0x280060,8,0x30457A,0x990C,1,other,"t 0x990C",0x0,robotol.ext,0x0,0x1E205,0x305E37
13,DATA:_mr_c_internal_table,0x280060,9,0x30457C,0x9F0A,1,other,"t 0x9F0A",0x0,robotol.ext,0x0,0x0,0x305E37
13,DATA:_mr_c_internal_table,0x280060,10,0x30457E,0x6BD3,1,ldr_imm,"ldr r3, [r2, #0x3C]",0x0,robotol.ext,0x0,0x0,0x305E37
13,DATA:_mr_c_internal_table,0x280060,11,0x304580,0x2202,1,other,"t 0x2202",0x0,robotol.ext,0x0,0x0,0x305E37
13,DATA:_mr_c_internal_table,0x280060,12,0x304582,0x9203,1,other,"t 0x9203",0x0,robotol.ext,0x0,0x0,0x305E37
13,DATA:_mr_c_internal_table,0x280060,13,0x304584,0x9102,1,other,"t 0x9102",0x0,robotol.ext,0x0,0x0,0x305E37
13,DATA:_mr_c_internal_table,0x280060,14,0x304586,0x9001,1,other,"t 0x9001",0x0,robotol.ext,0x0,0x0,0x305E37
13,DATA:_mr_c_internal_table,0x280060,15,0x304588,0x9700,1,other,"t 0x9700",0x0,robotol.ext,0x0,0x0,0x305E37
13,DATA:_mr_c_internal_table,0x280060,16,0x30458A,0x68D8,1,ldr_imm,"ldr r0, [r3, #0xC]",0x0,robotol.ext,0x0,0x0,0x305E37
13,DATA:_mr_c_internal_table,0x280060,17,0x30458C,0x1C29,1,other,"t 0x1C29",0x0,robotol.ext,0x682AB4,0x0,0x305E37
13,DATA:_mr_c_internal_table,0x280060,18,0x30458E,0x1C32,1,other,"t 0x1C32",0x0,robotol.ext,0x682AB4,0x1E205,0x305E37
13,DATA:_mr_c_internal_table,0x280060,19,0x304590,0x6A87,1,ldr_imm,"ldr r7, [r0, #0x28]",0x0,robotol.ext,0x682AB4,0x1E205,0x305E37
13,DATA:_mr_c_internal_table,0x280060,20,0x304592,0x1C20,1,other,"t 0x1C20",0x0,robotol.ext,0x682AB4,0x1E205,0x305E37
13,DATA:_mr_c_internal_table,0x280060,21,0x304594,0x4663,1,other,"t 0x4663",0x0,robotol.ext,0x10133,0x1E205,0x305E37
13,DATA:_mr_c_internal_table,0x280060,22,0x304596,0x47B8,1,blx_rm,"blx r7 ; ->0x280058",0x280058,robotol.ext,0x10133,0x1E205,0x305E37
13,DATA:_mr_c_internal_table,0x280060,23,0x304598,0xB005,1,other,"t 0xB005",0x0,robotol.ext,0x0,0x1E205,0x304599
13,DATA:_mr_c_internal_table,0x280060,24,0x30459A,0xBDF0,1,other,"t 0xBDF0",0x0,robotol.ext,0x0,0x1E205,0x304599
13,DATA:_mr_c_internal_table,0x280060,25,0x305E36,0xB004,1,other,"t 0xB004",0x0,robotol.ext,0x0,0x1E205,0x304599
13,DATA:_mr_c_internal_table,0x280060,26,0x305E38,0xBD10,1,other,"t 0xBD10",0x0,robotol.ext,0x0,0x1E205,0x304599
13,DATA:_mr_c_internal_table,0x280060,27,0x30E1B4,0x2000,1,mov_imm,"movs r0, #0x0",0x0,robotol.ext,0x0,0x1E205,0x304599
13,DATA:_mr_c_internal_table,0x280060,28,0x30E1B6,0xE406,1,other,"t 0xE406",0x0,robotol.ext,0x0,0x1E205,0x304599
13,DATA:_mr_c_internal_table,0x280060,29,0x30D9C6,0xE611,1,other,"t 0xE611",0x0,robotol.ext,0x0,0x1E205,0x304599
13,DATA:_mr_c_internal_table,0x280060,30,0x30D5EC,0xB004,1,other,"t 0xB004",0x0,robotol.ext,0x0,0x1E205,0x304599
13,DATA:_mr_c_internal_table,0x280060,31,0x30D5EE,0xBD70,1,other,"t 0xBD70",0x0,robotol.ext,0x0,0x1E205,0x304599
14,DATA:_mr_c_port_table,0x280064,0,0x30456A,0x1C0D,1,other,"t 0x1C0D",0x0,robotol.ext,0x10133,0x1E205,0x305E37
14,DATA:_mr_c_port_table,0x280064,1,0x30456C,0x1C04,1,other,"t 0x1C04",0x0,robotol.ext,0x10133,0x1E205,0x305E37
14,DATA:_mr_c_port_table,0x280064,2,0x30456E,0x1C16,1,other,"t 0x1C16",0x0,robotol.ext,0x10133,0x1E205,0x305E37
14,DATA:_mr_c_port_table,0x280064,3,0x304570,0x4A0A,1,other,"t 0x4A0A",0x0,robotol.ext,0x10133,0x1E205,0x305E37
14,DATA:_mr_c_port_table,0x280064,4,0x304572,0xB085,1,other,"t 0xB085",0x0,robotol.ext,0x10133,0x1E205,0x305E37
14,DATA:_mr_c_port_table,0x280064,5,0x304574,0x469C,1,other,"t 0x469C",0x0,robotol.ext,0x10133,0x1E205,0x305E37
14,DATA:_mr_c_port_table,0x280064,6,0x304576,0x447A,1,other,"t 0x447A",0x0,robotol.ext,0x10133,0x1E205,0x305E37
14,DATA:_mr_c_port_table,0x280064,7,0x304578,0x980B,1,other,"t 0x980B",0x0,robotol.ext,0x10133,0x1E205,0x305E37
14,DATA:_mr_c_port_table,0x280064,8,0x30457A,0x990C,1,other,"t 0x990C",0x0,robotol.ext,0x0,0x1E205,0x305E37
14,DATA:_mr_c_port_table,0x280064,9,0x30457C,0x9F0A,1,other,"t 0x9F0A",0x0,robotol.ext,0x0,0x0,0x305E37
14,DATA:_mr_c_port_table,0x280064,10,0x30457E,0x6BD3,1,ldr_imm,"ldr r3, [r2, #0x3C]",0x0,robotol.ext,0x0,0x0,0x305E37
14,DATA:_mr_c_port_table,0x280064,11,0x304580,0x2202,1,other,"t 0x2202",0x0,robotol.ext,0x0,0x0,0x305E37
14,DATA:_mr_c_port_table,0x280064,12,0x304582,0x9203,1,other,"t 0x9203",0x0,robotol.ext,0x0,0x0,0x305E37
14,DATA:_mr_c_port_table,0x280064,13,0x304584,0x9102,1,other,"t 0x9102",0x0,robotol.ext,0x0,0x0,0x305E37
14,DATA:_mr_c_port_table,0x280064,14,0x304586,0x9001,1,other,"t 0x9001",0x0,robotol.ext,0x0,0x0,0x305E37
14,DATA:_mr_c_port_table,0x280064,15,0x304588,0x9700,1,other,"t 0x9700",0x0,robotol.ext,0x0,0x0,0x305E37
14,DATA:_mr_c_port_table,0x280064,16,0x30458A,0x68D8,1,ldr_imm,"ldr r0, [r3, #0xC]",0x0,robotol.ext,0x0,0x0,0x305E37
14,DATA:_mr_c_port_table,0x280064,17,0x30458C,0x1C29,1,other,"t 0x1C29",0x0,robotol.ext,0x682AB4,0x0,0x305E37
14,DATA:_mr_c_port_table,0x280064,18,0x30458E,0x1C32,1,other,"t 0x1C32",0x0,robotol.ext,0x682AB4,0x1E205,0x305E37
14,DATA:_mr_c_port_table,0x280064,19,0x304590,0x6A87,1,ldr_imm,"ldr r7, [r0, #0x28]",0x0,robotol.ext,0x682AB4,0x1E205,0x305E37
14,DATA:_mr_c_port_table,0x280064,20,0x304592,0x1C20,1,other,"t 0x1C20",0x0,robotol.ext,0x682AB4,0x1E205,0x305E37
14,DATA:_mr_c_port_table,0x280064,21,0x304594,0x4663,1,other,"t 0x4663",0x0,robotol.ext,0x10133,0x1E205,0x305E37
14,DATA:_mr_c_port_table,0x280064,22,0x304596,0x47B8,1,blx_rm,"blx r7 ; ->0x280058",0x280058,robotol.ext,0x10133,0x1E205,0x305E37
14,DATA:_mr_c_port_table,0x280064,23,0x304598,0xB005,1,other,"t 0xB005",0x0,robotol.ext,0x0,0x1E205,0x304599
14,DATA:_mr_c_port_table,0x280064,24,0x30459A,0xBDF0,1,other,"t 0xBDF0",0x0,robotol.ext,0x0,0x1E205,0x304599
14,DATA:_mr_c_port_table,0x280064,25,0x305E36,0xB004,1,other,"t 0xB004",0x0,robotol.ext,0x0,0x1E205,0x304599
14,DATA:_mr_c_port_table,0x280064,26,0x305E38,0xBD10,1,other,"t 0xBD10",0x0,robotol.ext,0x0,0x1E205,0x304599
14,DATA:_mr_c_port_table,0x280064,27,0x30E1B4,0x2000,1,mov_imm,"movs r0, #0x0",0x0,robotol.ext,0x0,0x1E205,0x304599
14,DATA:_mr_c_port_table,0x280064,28,0x30E1B6,0xE406,1,other,"t 0xE406",0x0,robotol.ext,0x0,0x1E205,0x304599
14,DATA:_mr_c_port_table,0x280064,29,0x30D9C6,0xE611,1,other,"t 0xE611",0x0,robotol.ext,0x0,0x1E205,0x304599
14,DATA:_mr_c_port_table,0x280064,30,0x30D5EC,0xB004,1,other,"t 0xB004",0x0,robotol.ext,0x0,0x1E205,0x304599
14,DATA:_mr_c_port_table,0x280064,31,0x30D5EE,0xBD70,1,other,"t 0xBD70",0x0,robotol.ext,0x0,0x1E205,0x304599
15,_mr_c_function_new,0x280068,0,0x30456A,0x1C0D,1,other,"t 0x1C0D",0x0,robotol.ext,0x10133,0x1E205,0x305E37
15,_mr_c_function_new,0x280068,1,0x30456C,0x1C04,1,other,"t 0x1C04",0x0,robotol.ext,0x10133,0x1E205,0x305E37
15,_mr_c_function_new,0x280068,2,0x30456E,0x1C16,1,other,"t 0x1C16",0x0,robotol.ext,0x10133,0x1E205,0x305E37
15,_mr_c_function_new,0x280068,3,0x304570,0x4A0A,1,other,"t 0x4A0A",0x0,robotol.ext,0x10133,0x1E205,0x305E37
15,_mr_c_function_new,0x280068,4,0x304572,0xB085,1,other,"t 0xB085",0x0,robotol.ext,0x10133,0x1E205,0x305E37
15,_mr_c_function_new,0x280068,5,0x304574,0x469C,1,other,"t 0x469C",0x0,robotol.ext,0x10133,0x1E205,0x305E37
15,_mr_c_function_new,0x280068,6,0x304576,0x447A,1,other,"t 0x447A",0x0,robotol.ext,0x10133,0x1E205,0x305E37
15,_mr_c_function_new,0x280068,7,0x304578,0x980B,1,other,"t 0x980B",0x0,robotol.ext,0x10133,0x1E205,0x305E37
15,_mr_c_function_new,0x280068,8,0x30457A,0x990C,1,other,"t 0x990C",0x0,robotol.ext,0x0,0x1E205,0x305E37
15,_mr_c_function_new,0x280068,9,0x30457C,0x9F0A,1,other,"t 0x9F0A",0x0,robotol.ext,0x0,0x0,0x305E37
15,_mr_c_function_new,0x280068,10,0x30457E,0x6BD3,1,ldr_imm,"ldr r3, [r2, #0x3C]",0x0,robotol.ext,0x0,0x0,0x305E37
15,_mr_c_function_new,0x280068,11,0x304580,0x2202,1,other,"t 0x2202",0x0,robotol.ext,0x0,0x0,0x305E37
15,_mr_c_function_new,0x280068,12,0x304582,0x9203,1,other,"t 0x9203",0x0,robotol.ext,0x0,0x0,0x305E37
15,_mr_c_function_new,0x280068,13,0x304584,0x9102,1,other,"t 0x9102",0x0,robotol.ext,0x0,0x0,0x305E37
15,_mr_c_function_new,0x280068,14,0x304586,0x9001,1,other,"t 0x9001",0x0,robotol.ext,0x0,0x0,0x305E37
15,_mr_c_function_new,0x280068,15,0x304588,0x9700,1,other,"t 0x9700",0x0,robotol.ext,0x0,0x0,0x305E37
15,_mr_c_function_new,0x280068,16,0x30458A,0x68D8,1,ldr_imm,"ldr r0, [r3, #0xC]",0x0,robotol.ext,0x0,0x0,0x305E37
15,_mr_c_function_new,0x280068,17,0x30458C,0x1C29,1,other,"t 0x1C29",0x0,robotol.ext,0x682AB4,0x0,0x305E37
15,_mr_c_function_new,0x280068,18,0x30458E,0x1C32,1,other,"t 0x1C32",0x0,robotol.ext,0x682AB4,0x1E205,0x305E37
15,_mr_c_function_new,0x280068,19,0x304590,0x6A87,1,ldr_imm,"ldr r7, [r0, #0x28]",0x0,robotol.ext,0x682AB4,0x1E205,0x305E37
15,_mr_c_function_new,0x280068,20,0x304592,0x1C20,1,other,"t 0x1C20",0x0,robotol.ext,0x682AB4,0x1E205,0x305E37
15,_mr_c_function_new,0x280068,21,0x304594,0x4663,1,other,"t 0x4663",0x0,robotol.ext,0x10133,0x1E205,0x305E37
15,_mr_c_function_new,0x280068,22,0x304596,0x47B8,1,blx_rm,"blx r7 ; ->0x280058",0x280058,robotol.ext,0x10133,0x1E205,0x305E37
15,_mr_c_function_new,0x280068,23,0x304598,0xB005,1,other,"t 0xB005",0x0,robotol.ext,0x0,0x1E205,0x304599
15,_mr_c_function_new,0x280068,24,0x30459A,0xBDF0,1,other,"t 0xBDF0",0x0,robotol.ext,0x0,0x1E205,0x304599
15,_mr_c_function_new,0x280068,25,0x305E36,0xB004,1,other,"t 0xB004",0x0,robotol.ext,0x0,0x1E205,0x304599
15,_mr_c_function_new,0x280068,26,0x305E38,0xBD10,1,other,"t 0xBD10",0x0,robotol.ext,0x0,0x1E205,0x304599
15,_mr_c_function_new,0x280068,27,0x30E1B4,0x2000,1,mov_imm,"movs r0, #0x0",0x0,robotol.ext,0x0,0x1E205,0x304599
15,_mr_c_function_new,0x280068,28,0x30E1B6,0xE406,1,other,"t 0xE406",0x0,robotol.ext,0x0,0x1E205,0x304599
15,_mr_c_function_new,0x280068,29,0x30D9C6,0xE611,1,other,"t 0xE611",0x0,robotol.ext,0x0,0x1E205,0x304599
15,_mr_c_function_new,0x280068,30,0x30D5EC,0xB004,1,other,"t 0xB004",0x0,robotol.ext,0x0,0x1E205,0x304599
15,_mr_c_function_new,0x280068,31,0x30D5EE,0xBD70,1,other,"t 0xBD70",0x0,robotol.ext,0x0,0x1E205,0x304599
16,mr_printf,0x28006C,0,0x30456A,0x1C0D,1,other,"t 0x1C0D",0x0,robotol.ext,0x10133,0x1E205,0x305E37
16,mr_printf,0x28006C,1,0x30456C,0x1C04,1,other,"t 0x1C04",0x0,robotol.ext,0x10133,0x1E205,0x305E37
16,mr_printf,0x28006C,2,0x30456E,0x1C16,1,other,"t 0x1C16",0x0,robotol.ext,0x10133,0x1E205,0x305E37
16,mr_printf,0x28006C,3,0x304570,0x4A0A,1,other,"t 0x4A0A",0x0,robotol.ext,0x10133,0x1E205,0x305E37
16,mr_printf,0x28006C,4,0x304572,0xB085,1,other,"t 0xB085",0x0,robotol.ext,0x10133,0x1E205,0x305E37
16,mr_printf,0x28006C,5,0x304574,0x469C,1,other,"t 0x469C",0x0,robotol.ext,0x10133,0x1E205,0x305E37
16,mr_printf,0x28006C,6,0x304576,0x447A,1,other,"t 0x447A",0x0,robotol.ext,0x10133,0x1E205,0x305E37
16,mr_printf,0x28006C,7,0x304578,0x980B,1,other,"t 0x980B",0x0,robotol.ext,0x10133,0x1E205,0x305E37
16,mr_printf,0x28006C,8,0x30457A,0x990C,1,other,"t 0x990C",0x0,robotol.ext,0x0,0x1E205,0x305E37
16,mr_printf,0x28006C,9,0x30457C,0x9F0A,1,other,"t 0x9F0A",0x0,robotol.ext,0x0,0x0,0x305E37
16,mr_printf,0x28006C,10,0x30457E,0x6BD3,1,ldr_imm,"ldr r3, [r2, #0x3C]",0x0,robotol.ext,0x0,0x0,0x305E37
16,mr_printf,0x28006C,11,0x304580,0x2202,1,other,"t 0x2202",0x0,robotol.ext,0x0,0x0,0x305E37
16,mr_printf,0x28006C,12,0x304582,0x9203,1,other,"t 0x9203",0x0,robotol.ext,0x0,0x0,0x305E37
16,mr_printf,0x28006C,13,0x304584,0x9102,1,other,"t 0x9102",0x0,robotol.ext,0x0,0x0,0x305E37
16,mr_printf,0x28006C,14,0x304586,0x9001,1,other,"t 0x9001",0x0,robotol.ext,0x0,0x0,0x305E37
16,mr_printf,0x28006C,15,0x304588,0x9700,1,other,"t 0x9700",0x0,robotol.ext,0x0,0x0,0x305E37
16,mr_printf,0x28006C,16,0x30458A,0x68D8,1,ldr_imm,"ldr r0, [r3, #0xC]",0x0,robotol.ext,0x0,0x0,0x305E37
16,mr_printf,0x28006C,17,0x30458C,0x1C29,1,other,"t 0x1C29",0x0,robotol.ext,0x682AB4,0x0,0x305E37
16,mr_printf,0x28006C,18,0x30458E,0x1C32,1,other,"t 0x1C32",0x0,robotol.ext,0x682AB4,0x1E205,0x305E37
16,mr_printf,0x28006C,19,0x304590,0x6A87,1,ldr_imm,"ldr r7, [r0, #0x28]",0x0,robotol.ext,0x682AB4,0x1E205,0x305E37
16,mr_printf,0x28006C,20,0x304592,0x1C20,1,other,"t 0x1C20",0x0,robotol.ext,0x682AB4,0x1E205,0x305E37
16,mr_printf,0x28006C,21,0x304594,0x4663,1,other,"t 0x4663",0x0,robotol.ext,0x10133,0x1E205,0x305E37
16,mr_printf,0x28006C,22,0x304596,0x47B8,1,blx_rm,"blx r7 ; ->0x280058",0x280058,robotol.ext,0x10133,0x1E205,0x305E37
16,mr_printf,0x28006C,23,0x304598,0xB005,1,other,"t 0xB005",0x0,robotol.ext,0x0,0x1E205,0x304599
16,mr_printf,0x28006C,24,0x30459A,0xBDF0,1,other,"t 0xBDF0",0x0,robotol.ext,0x0,0x1E205,0x304599
16,mr_printf,0x28006C,25,0x305E36,0xB004,1,other,"t 0xB004",0x0,robotol.ext,0x0,0x1E205,0x304599
16,mr_printf,0x28006C,26,0x305E38,0xBD10,1,other,"t 0xBD10",0x0,robotol.ext,0x0,0x1E205,0x304599
16,mr_printf,0x28006C,27,0x30E1B4,0x2000,1,mov_imm,"movs r0, #0x0",0x0,robotol.ext,0x0,0x1E205,0x304599
16,mr_printf,0x28006C,28,0x30E1B6,0xE406,1,other,"t 0xE406",0x0,robotol.ext,0x0,0x1E205,0x304599
16,mr_printf,0x28006C,29,0x30D9C6,0xE611,1,other,"t 0xE611",0x0,robotol.ext,0x0,0x1E205,0x304599
16,mr_printf,0x28006C,30,0x30D5EC,0xB004,1,other,"t 0xB004",0x0,robotol.ext,0x0,0x1E205,0x304599
16,mr_printf,0x28006C,31,0x30D5EE,0xBD70,1,other,"t 0xBD70",0x0,robotol.ext,0x0,0x1E205,0x304599
17,mr_mem_get,0x280070,0,0x30456A,0x1C0D,1,other,"t 0x1C0D",0x0,robotol.ext,0x10133,0x1E205,0x305E37
17,mr_mem_get,0x280070,1,0x30456C,0x1C04,1,other,"t 0x1C04",0x0,robotol.ext,0x10133,0x1E205,0x305E37
17,mr_mem_get,0x280070,2,0x30456E,0x1C16,1,other,"t 0x1C16",0x0,robotol.ext,0x10133,0x1E205,0x305E37
17,mr_mem_get,0x280070,3,0x304570,0x4A0A,1,other,"t 0x4A0A",0x0,robotol.ext,0x10133,0x1E205,0x305E37
17,mr_mem_get,0x280070,4,0x304572,0xB085,1,other,"t 0xB085",0x0,robotol.ext,0x10133,0x1E205,0x305E37
17,mr_mem_get,0x280070,5,0x304574,0x469C,1,other,"t 0x469C",0x0,robotol.ext,0x10133,0x1E205,0x305E37
17,mr_mem_get,0x280070,6,0x304576,0x447A,1,other,"t 0x447A",0x0,robotol.ext,0x10133,0x1E205,0x305E37
17,mr_mem_get,0x280070,7,0x304578,0x980B,1,other,"t 0x980B",0x0,robotol.ext,0x10133,0x1E205,0x305E37
17,mr_mem_get,0x280070,8,0x30457A,0x990C,1,other,"t 0x990C",0x0,robotol.ext,0x0,0x1E205,0x305E37
17,mr_mem_get,0x280070,9,0x30457C,0x9F0A,1,other,"t 0x9F0A",0x0,robotol.ext,0x0,0x0,0x305E37
17,mr_mem_get,0x280070,10,0x30457E,0x6BD3,1,ldr_imm,"ldr r3, [r2, #0x3C]",0x0,robotol.ext,0x0,0x0,0x305E37
17,mr_mem_get,0x280070,11,0x304580,0x2202,1,other,"t 0x2202",0x0,robotol.ext,0x0,0x0,0x305E37
17,mr_mem_get,0x280070,12,0x304582,0x9203,1,other,"t 0x9203",0x0,robotol.ext,0x0,0x0,0x305E37
17,mr_mem_get,0x280070,13,0x304584,0x9102,1,other,"t 0x9102",0x0,robotol.ext,0x0,0x0,0x305E37
17,mr_mem_get,0x280070,14,0x304586,0x9001,1,other,"t 0x9001",0x0,robotol.ext,0x0,0x0,0x305E37
17,mr_mem_get,0x280070,15,0x304588,0x9700,1,other,"t 0x9700",0x0,robotol.ext,0x0,0x0,0x305E37
17,mr_mem_get,0x280070,16,0x30458A,0x68D8,1,ldr_imm,"ldr r0, [r3, #0xC]",0x0,robotol.ext,0x0,0x0,0x305E37
17,mr_mem_get,0x280070,17,0x30458C,0x1C29,1,other,"t 0x1C29",0x0,robotol.ext,0x682AB4,0x0,0x305E37
17,mr_mem_get,0x280070,18,0x30458E,0x1C32,1,other,"t 0x1C32",0x0,robotol.ext,0x682AB4,0x1E205,0x305E37
17,mr_mem_get,0x280070,19,0x304590,0x6A87,1,ldr_imm,"ldr r7, [r0, #0x28]",0x0,robotol.ext,0x682AB4,0x1E205,0x305E37
17,mr_mem_get,0x280070,20,0x304592,0x1C20,1,other,"t 0x1C20",0x0,robotol.ext,0x682AB4,0x1E205,0x305E37
17,mr_mem_get,0x280070,21,0x304594,0x4663,1,other,"t 0x4663",0x0,robotol.ext,0x10133,0x1E205,0x305E37
17,mr_mem_get,0x280070,22,0x304596,0x47B8,1,blx_rm,"blx r7 ; ->0x280058",0x280058,robotol.ext,0x10133,0x1E205,0x305E37
17,mr_mem_get,0x280070,23,0x304598,0xB005,1,other,"t 0xB005",0x0,robotol.ext,0x0,0x1E205,0x304599
17,mr_mem_get,0x280070,24,0x30459A,0xBDF0,1,other,"t 0xBDF0",0x0,robotol.ext,0x0,0x1E205,0x304599
17,mr_mem_get,0x280070,25,0x305E36,0xB004,1,other,"t 0xB004",0x0,robotol.ext,0x0,0x1E205,0x304599
17,mr_mem_get,0x280070,26,0x305E38,0xBD10,1,other,"t 0xBD10",0x0,robotol.ext,0x0,0x1E205,0x304599
17,mr_mem_get,0x280070,27,0x30E1B4,0x2000,1,mov_imm,"movs r0, #0x0",0x0,robotol.ext,0x0,0x1E205,0x304599
17,mr_mem_get,0x280070,28,0x30E1B6,0xE406,1,other,"t 0xE406",0x0,robotol.ext,0x0,0x1E205,0x304599
17,mr_mem_get,0x280070,29,0x30D9C6,0xE611,1,other,"t 0xE611",0x0,robotol.ext,0x0,0x1E205,0x304599
17,mr_mem_get,0x280070,30,0x30D5EC,0xB004,1,other,"t 0xB004",0x0,robotol.ext,0x0,0x1E205,0x304599
17,mr_mem_get,0x280070,31,0x30D5EE,0xBD70,1,other,"t 0xBD70",0x0,robotol.ext,0x0,0x1E205,0x304599
18,mr_mem_free,0x280074,0,0x30456A,0x1C0D,1,other,"t 0x1C0D",0x0,robotol.ext,0x10133,0x1E205,0x305E37
18,mr_mem_free,0x280074,1,0x30456C,0x1C04,1,other,"t 0x1C04",0x0,robotol.ext,0x10133,0x1E205,0x305E37
18,mr_mem_free,0x280074,2,0x30456E,0x1C16,1,other,"t 0x1C16",0x0,robotol.ext,0x10133,0x1E205,0x305E37
18,mr_mem_free,0x280074,3,0x304570,0x4A0A,1,other,"t 0x4A0A",0x0,robotol.ext,0x10133,0x1E205,0x305E37
18,mr_mem_free,0x280074,4,0x304572,0xB085,1,other,"t 0xB085",0x0,robotol.ext,0x10133,0x1E205,0x305E37
18,mr_mem_free,0x280074,5,0x304574,0x469C,1,other,"t 0x469C",0x0,robotol.ext,0x10133,0x1E205,0x305E37
18,mr_mem_free,0x280074,6,0x304576,0x447A,1,other,"t 0x447A",0x0,robotol.ext,0x10133,0x1E205,0x305E37
18,mr_mem_free,0x280074,7,0x304578,0x980B,1,other,"t 0x980B",0x0,robotol.ext,0x10133,0x1E205,0x305E37
18,mr_mem_free,0x280074,8,0x30457A,0x990C,1,other,"t 0x990C",0x0,robotol.ext,0x0,0x1E205,0x305E37
18,mr_mem_free,0x280074,9,0x30457C,0x9F0A,1,other,"t 0x9F0A",0x0,robotol.ext,0x0,0x0,0x305E37
18,mr_mem_free,0x280074,10,0x30457E,0x6BD3,1,ldr_imm,"ldr r3, [r2, #0x3C]",0x0,robotol.ext,0x0,0x0,0x305E37
18,mr_mem_free,0x280074,11,0x304580,0x2202,1,other,"t 0x2202",0x0,robotol.ext,0x0,0x0,0x305E37
18,mr_mem_free,0x280074,12,0x304582,0x9203,1,other,"t 0x9203",0x0,robotol.ext,0x0,0x0,0x305E37
18,mr_mem_free,0x280074,13,0x304584,0x9102,1,other,"t 0x9102",0x0,robotol.ext,0x0,0x0,0x305E37
18,mr_mem_free,0x280074,14,0x304586,0x9001,1,other,"t 0x9001",0x0,robotol.ext,0x0,0x0,0x305E37
18,mr_mem_free,0x280074,15,0x304588,0x9700,1,other,"t 0x9700",0x0,robotol.ext,0x0,0x0,0x305E37
18,mr_mem_free,0x280074,16,0x30458A,0x68D8,1,ldr_imm,"ldr r0, [r3, #0xC]",0x0,robotol.ext,0x0,0x0,0x305E37
18,mr_mem_free,0x280074,17,0x30458C,0x1C29,1,other,"t 0x1C29",0x0,robotol.ext,0x682AB4,0x0,0x305E37
18,mr_mem_free,0x280074,18,0x30458E,0x1C32,1,other,"t 0x1C32",0x0,robotol.ext,0x682AB4,0x1E205,0x305E37
18,mr_mem_free,0x280074,19,0x304590,0x6A87,1,ldr_imm,"ldr r7, [r0, #0x28]",0x0,robotol.ext,0x682AB4,0x1E205,0x305E37
18,mr_mem_free,0x280074,20,0x304592,0x1C20,1,other,"t 0x1C20",0x0,robotol.ext,0x682AB4,0x1E205,0x305E37
18,mr_mem_free,0x280074,21,0x304594,0x4663,1,other,"t 0x4663",0x0,robotol.ext,0x10133,0x1E205,0x305E37
18,mr_mem_free,0x280074,22,0x304596,0x47B8,1,blx_rm,"blx r7 ; ->0x280058",0x280058,robotol.ext,0x10133,0x1E205,0x305E37
18,mr_mem_free,0x280074,23,0x304598,0xB005,1,other,"t 0xB005",0x0,robotol.ext,0x0,0x1E205,0x304599
18,mr_mem_free,0x280074,24,0x30459A,0xBDF0,1,other,"t 0xBDF0",0x0,robotol.ext,0x0,0x1E205,0x304599
18,mr_mem_free,0x280074,25,0x305E36,0xB004,1,other,"t 0xB004",0x0,robotol.ext,0x0,0x1E205,0x304599
18,mr_mem_free,0x280074,26,0x305E38,0xBD10,1,other,"t 0xBD10",0x0,robotol.ext,0x0,0x1E205,0x304599
18,mr_mem_free,0x280074,27,0x30E1B4,0x2000,1,mov_imm,"movs r0, #0x0",0x0,robotol.ext,0x0,0x1E205,0x304599
18,mr_mem_free,0x280074,28,0x30E1B6,0xE406,1,other,"t 0xE406",0x0,robotol.ext,0x0,0x1E205,0x304599
18,mr_mem_free,0x280074,29,0x30D9C6,0xE611,1,other,"t 0xE611",0x0,robotol.ext,0x0,0x1E205,0x304599
18,mr_mem_free,0x280074,30,0x30D5EC,0xB004,1,other,"t 0xB004",0x0,robotol.ext,0x0,0x1E205,0x304599
18,mr_mem_free,0x280074,31,0x30D5EE,0xBD70,1,other,"t 0xBD70",0x0,robotol.ext,0x0,0x1E205,0x304599
19,mr_drawBitmap,0x280078,0,0x30456A,0x1C0D,1,other,"t 0x1C0D",0x0,robotol.ext,0x10133,0x1E205,0x305E37
19,mr_drawBitmap,0x280078,1,0x30456C,0x1C04,1,other,"t 0x1C04",0x0,robotol.ext,0x10133,0x1E205,0x305E37
19,mr_drawBitmap,0x280078,2,0x30456E,0x1C16,1,other,"t 0x1C16",0x0,robotol.ext,0x10133,0x1E205,0x305E37
19,mr_drawBitmap,0x280078,3,0x304570,0x4A0A,1,other,"t 0x4A0A",0x0,robotol.ext,0x10133,0x1E205,0x305E37
19,mr_drawBitmap,0x280078,4,0x304572,0xB085,1,other,"t 0xB085",0x0,robotol.ext,0x10133,0x1E205,0x305E37
19,mr_drawBitmap,0x280078,5,0x304574,0x469C,1,other,"t 0x469C",0x0,robotol.ext,0x10133,0x1E205,0x305E37
19,mr_drawBitmap,0x280078,6,0x304576,0x447A,1,other,"t 0x447A",0x0,robotol.ext,0x10133,0x1E205,0x305E37
19,mr_drawBitmap,0x280078,7,0x304578,0x980B,1,other,"t 0x980B",0x0,robotol.ext,0x10133,0x1E205,0x305E37
19,mr_drawBitmap,0x280078,8,0x30457A,0x990C,1,other,"t 0x990C",0x0,robotol.ext,0x0,0x1E205,0x305E37
19,mr_drawBitmap,0x280078,9,0x30457C,0x9F0A,1,other,"t 0x9F0A",0x0,robotol.ext,0x0,0x0,0x305E37
19,mr_drawBitmap,0x280078,10,0x30457E,0x6BD3,1,ldr_imm,"ldr r3, [r2, #0x3C]",0x0,robotol.ext,0x0,0x0,0x305E37
19,mr_drawBitmap,0x280078,11,0x304580,0x2202,1,other,"t 0x2202",0x0,robotol.ext,0x0,0x0,0x305E37
19,mr_drawBitmap,0x280078,12,0x304582,0x9203,1,other,"t 0x9203",0x0,robotol.ext,0x0,0x0,0x305E37
19,mr_drawBitmap,0x280078,13,0x304584,0x9102,1,other,"t 0x9102",0x0,robotol.ext,0x0,0x0,0x305E37
19,mr_drawBitmap,0x280078,14,0x304586,0x9001,1,other,"t 0x9001",0x0,robotol.ext,0x0,0x0,0x305E37
19,mr_drawBitmap,0x280078,15,0x304588,0x9700,1,other,"t 0x9700",0x0,robotol.ext,0x0,0x0,0x305E37
19,mr_drawBitmap,0x280078,16,0x30458A,0x68D8,1,ldr_imm,"ldr r0, [r3, #0xC]",0x0,robotol.ext,0x0,0x0,0x305E37
19,mr_drawBitmap,0x280078,17,0x30458C,0x1C29,1,other,"t 0x1C29",0x0,robotol.ext,0x682AB4,0x0,0x305E37
19,mr_drawBitmap,0x280078,18,0x30458E,0x1C32,1,other,"t 0x1C32",0x0,robotol.ext,0x682AB4,0x1E205,0x305E37
19,mr_drawBitmap,0x280078,19,0x304590,0x6A87,1,ldr_imm,"ldr r7, [r0, #0x28]",0x0,robotol.ext,0x682AB4,0x1E205,0x305E37
19,mr_drawBitmap,0x280078,20,0x304592,0x1C20,1,other,"t 0x1C20",0x0,robotol.ext,0x682AB4,0x1E205,0x305E37
19,mr_drawBitmap,0x280078,21,0x304594,0x4663,1,other,"t 0x4663",0x0,robotol.ext,0x10133,0x1E205,0x305E37
19,mr_drawBitmap,0x280078,22,0x304596,0x47B8,1,blx_rm,"blx r7 ; ->0x280058",0x280058,robotol.ext,0x10133,0x1E205,0x305E37
19,mr_drawBitmap,0x280078,23,0x304598,0xB005,1,other,"t 0xB005",0x0,robotol.ext,0x0,0x1E205,0x304599
19,mr_drawBitmap,0x280078,24,0x30459A,0xBDF0,1,other,"t 0xBDF0",0x0,robotol.ext,0x0,0x1E205,0x304599
19,mr_drawBitmap,0x280078,25,0x305E36,0xB004,1,other,"t 0xB004",0x0,robotol.ext,0x0,0x1E205,0x304599
19,mr_drawBitmap,0x280078,26,0x305E38,0xBD10,1,other,"t 0xBD10",0x0,robotol.ext,0x0,0x1E205,0x304599
19,mr_drawBitmap,0x280078,27,0x30E1B4,0x2000,1,mov_imm,"movs r0, #0x0",0x0,robotol.ext,0x0,0x1E205,0x304599
19,mr_drawBitmap,0x280078,28,0x30E1B6,0xE406,1,other,"t 0xE406",0x0,robotol.ext,0x0,0x1E205,0x304599
19,mr_drawBitmap,0x280078,29,0x30D9C6,0xE611,1,other,"t 0xE611",0x0,robotol.ext,0x0,0x1E205,0x304599
19,mr_drawBitmap,0x280078,30,0x30D5EC,0xB004,1,other,"t 0xB004",0x0,robotol.ext,0x0,0x1E205,0x304599
19,mr_drawBitmap,0x280078,31,0x30D5EE,0xBD70,1,other,"t 0xBD70",0x0,robotol.ext,0x0,0x1E205,0x304599
20,mr_getCharBitmap,0x28007C,0,0x30456A,0x1C0D,1,other,"t 0x1C0D",0x0,robotol.ext,0x10133,0x1E205,0x305E37
20,mr_getCharBitmap,0x28007C,1,0x30456C,0x1C04,1,other,"t 0x1C04",0x0,robotol.ext,0x10133,0x1E205,0x305E37
20,mr_getCharBitmap,0x28007C,2,0x30456E,0x1C16,1,other,"t 0x1C16",0x0,robotol.ext,0x10133,0x1E205,0x305E37
20,mr_getCharBitmap,0x28007C,3,0x304570,0x4A0A,1,other,"t 0x4A0A",0x0,robotol.ext,0x10133,0x1E205,0x305E37
20,mr_getCharBitmap,0x28007C,4,0x304572,0xB085,1,other,"t 0xB085",0x0,robotol.ext,0x10133,0x1E205,0x305E37
20,mr_getCharBitmap,0x28007C,5,0x304574,0x469C,1,other,"t 0x469C",0x0,robotol.ext,0x10133,0x1E205,0x305E37
20,mr_getCharBitmap,0x28007C,6,0x304576,0x447A,1,other,"t 0x447A",0x0,robotol.ext,0x10133,0x1E205,0x305E37
20,mr_getCharBitmap,0x28007C,7,0x304578,0x980B,1,other,"t 0x980B",0x0,robotol.ext,0x10133,0x1E205,0x305E37
20,mr_getCharBitmap,0x28007C,8,0x30457A,0x990C,1,other,"t 0x990C",0x0,robotol.ext,0x0,0x1E205,0x305E37
20,mr_getCharBitmap,0x28007C,9,0x30457C,0x9F0A,1,other,"t 0x9F0A",0x0,robotol.ext,0x0,0x0,0x305E37
20,mr_getCharBitmap,0x28007C,10,0x30457E,0x6BD3,1,ldr_imm,"ldr r3, [r2, #0x3C]",0x0,robotol.ext,0x0,0x0,0x305E37
20,mr_getCharBitmap,0x28007C,11,0x304580,0x2202,1,other,"t 0x2202",0x0,robotol.ext,0x0,0x0,0x305E37
20,mr_getCharBitmap,0x28007C,12,0x304582,0x9203,1,other,"t 0x9203",0x0,robotol.ext,0x0,0x0,0x305E37
20,mr_getCharBitmap,0x28007C,13,0x304584,0x9102,1,other,"t 0x9102",0x0,robotol.ext,0x0,0x0,0x305E37
20,mr_getCharBitmap,0x28007C,14,0x304586,0x9001,1,other,"t 0x9001",0x0,robotol.ext,0x0,0x0,0x305E37
20,mr_getCharBitmap,0x28007C,15,0x304588,0x9700,1,other,"t 0x9700",0x0,robotol.ext,0x0,0x0,0x305E37
20,mr_getCharBitmap,0x28007C,16,0x30458A,0x68D8,1,ldr_imm,"ldr r0, [r3, #0xC]",0x0,robotol.ext,0x0,0x0,0x305E37
20,mr_getCharBitmap,0x28007C,17,0x30458C,0x1C29,1,other,"t 0x1C29",0x0,robotol.ext,0x682AB4,0x0,0x305E37
20,mr_getCharBitmap,0x28007C,18,0x30458E,0x1C32,1,other,"t 0x1C32",0x0,robotol.ext,0x682AB4,0x1E205,0x305E37
20,mr_getCharBitmap,0x28007C,19,0x304590,0x6A87,1,ldr_imm,"ldr r7, [r0, #0x28]",0x0,robotol.ext,0x682AB4,0x1E205,0x305E37
20,mr_getCharBitmap,0x28007C,20,0x304592,0x1C20,1,other,"t 0x1C20",0x0,robotol.ext,0x682AB4,0x1E205,0x305E37
20,mr_getCharBitmap,0x28007C,21,0x304594,0x4663,1,other,"t 0x4663",0x0,robotol.ext,0x10133,0x1E205,0x305E37
20,mr_getCharBitmap,0x28007C,22,0x304596,0x47B8,1,blx_rm,"blx r7 ; ->0x280058",0x280058,robotol.ext,0x10133,0x1E205,0x305E37
20,mr_getCharBitmap,0x28007C,23,0x304598,0xB005,1,other,"t 0xB005",0x0,robotol.ext,0x0,0x1E205,0x304599
20,mr_getCharBitmap,0x28007C,24,0x30459A,0xBDF0,1,other,"t 0xBDF0",0x0,robotol.ext,0x0,0x1E205,0x304599
20,mr_getCharBitmap,0x28007C,25,0x305E36,0xB004,1,other,"t 0xB004",0x0,robotol.ext,0x0,0x1E205,0x304599
20,mr_getCharBitmap,0x28007C,26,0x305E38,0xBD10,1,other,"t 0xBD10",0x0,robotol.ext,0x0,0x1E205,0x304599
20,mr_getCharBitmap,0x28007C,27,0x30E1B4,0x2000,1,mov_imm,"movs r0, #0x0",0x0,robotol.ext,0x0,0x1E205,0x304599
20,mr_getCharBitmap,0x28007C,28,0x30E1B6,0xE406,1,other,"t 0xE406",0x0,robotol.ext,0x0,0x1E205,0x304599
20,mr_getCharBitmap,0x28007C,29,0x30D9C6,0xE611,1,other,"t 0xE611",0x0,robotol.ext,0x0,0x1E205,0x304599
20,mr_getCharBitmap,0x28007C,30,0x30D5EC,0xB004,1,other,"t 0xB004",0x0,robotol.ext,0x0,0x1E205,0x304599
20,mr_getCharBitmap,0x28007C,31,0x30D5EE,0xBD70,1,other,"t 0xBD70",0x0,robotol.ext,0x0,0x1E205,0x304599
21,mr_timerStart,0x280080,0,0x30456A,0x1C0D,1,other,"t 0x1C0D",0x0,robotol.ext,0x10133,0x1E205,0x305E37
21,mr_timerStart,0x280080,1,0x30456C,0x1C04,1,other,"t 0x1C04",0x0,robotol.ext,0x10133,0x1E205,0x305E37
21,mr_timerStart,0x280080,2,0x30456E,0x1C16,1,other,"t 0x1C16",0x0,robotol.ext,0x10133,0x1E205,0x305E37
21,mr_timerStart,0x280080,3,0x304570,0x4A0A,1,other,"t 0x4A0A",0x0,robotol.ext,0x10133,0x1E205,0x305E37
21,mr_timerStart,0x280080,4,0x304572,0xB085,1,other,"t 0xB085",0x0,robotol.ext,0x10133,0x1E205,0x305E37
21,mr_timerStart,0x280080,5,0x304574,0x469C,1,other,"t 0x469C",0x0,robotol.ext,0x10133,0x1E205,0x305E37
21,mr_timerStart,0x280080,6,0x304576,0x447A,1,other,"t 0x447A",0x0,robotol.ext,0x10133,0x1E205,0x305E37
21,mr_timerStart,0x280080,7,0x304578,0x980B,1,other,"t 0x980B",0x0,robotol.ext,0x10133,0x1E205,0x305E37
21,mr_timerStart,0x280080,8,0x30457A,0x990C,1,other,"t 0x990C",0x0,robotol.ext,0x0,0x1E205,0x305E37
21,mr_timerStart,0x280080,9,0x30457C,0x9F0A,1,other,"t 0x9F0A",0x0,robotol.ext,0x0,0x0,0x305E37
21,mr_timerStart,0x280080,10,0x30457E,0x6BD3,1,ldr_imm,"ldr r3, [r2, #0x3C]",0x0,robotol.ext,0x0,0x0,0x305E37
21,mr_timerStart,0x280080,11,0x304580,0x2202,1,other,"t 0x2202",0x0,robotol.ext,0x0,0x0,0x305E37
21,mr_timerStart,0x280080,12,0x304582,0x9203,1,other,"t 0x9203",0x0,robotol.ext,0x0,0x0,0x305E37
21,mr_timerStart,0x280080,13,0x304584,0x9102,1,other,"t 0x9102",0x0,robotol.ext,0x0,0x0,0x305E37
21,mr_timerStart,0x280080,14,0x304586,0x9001,1,other,"t 0x9001",0x0,robotol.ext,0x0,0x0,0x305E37
21,mr_timerStart,0x280080,15,0x304588,0x9700,1,other,"t 0x9700",0x0,robotol.ext,0x0,0x0,0x305E37
21,mr_timerStart,0x280080,16,0x30458A,0x68D8,1,ldr_imm,"ldr r0, [r3, #0xC]",0x0,robotol.ext,0x0,0x0,0x305E37
21,mr_timerStart,0x280080,17,0x30458C,0x1C29,1,other,"t 0x1C29",0x0,robotol.ext,0x682AB4,0x0,0x305E37
21,mr_timerStart,0x280080,18,0x30458E,0x1C32,1,other,"t 0x1C32",0x0,robotol.ext,0x682AB4,0x1E205,0x305E37
21,mr_timerStart,0x280080,19,0x304590,0x6A87,1,ldr_imm,"ldr r7, [r0, #0x28]",0x0,robotol.ext,0x682AB4,0x1E205,0x305E37
21,mr_timerStart,0x280080,20,0x304592,0x1C20,1,other,"t 0x1C20",0x0,robotol.ext,0x682AB4,0x1E205,0x305E37
21,mr_timerStart,0x280080,21,0x304594,0x4663,1,other,"t 0x4663",0x0,robotol.ext,0x10133,0x1E205,0x305E37
21,mr_timerStart,0x280080,22,0x304596,0x47B8,1,blx_rm,"blx r7 ; ->0x280058",0x280058,robotol.ext,0x10133,0x1E205,0x305E37
21,mr_timerStart,0x280080,23,0x304598,0xB005,1,other,"t 0xB005",0x0,robotol.ext,0x0,0x1E205,0x304599
21,mr_timerStart,0x280080,24,0x30459A,0xBDF0,1,other,"t 0xBDF0",0x0,robotol.ext,0x0,0x1E205,0x304599
21,mr_timerStart,0x280080,25,0x305E36,0xB004,1,other,"t 0xB004",0x0,robotol.ext,0x0,0x1E205,0x304599
21,mr_timerStart,0x280080,26,0x305E38,0xBD10,1,other,"t 0xBD10",0x0,robotol.ext,0x0,0x1E205,0x304599
21,mr_timerStart,0x280080,27,0x30E1B4,0x2000,1,mov_imm,"movs r0, #0x0",0x0,robotol.ext,0x0,0x1E205,0x304599
21,mr_timerStart,0x280080,28,0x30E1B6,0xE406,1,other,"t 0xE406",0x0,robotol.ext,0x0,0x1E205,0x304599
21,mr_timerStart,0x280080,29,0x30D9C6,0xE611,1,other,"t 0xE611",0x0,robotol.ext,0x0,0x1E205,0x304599
21,mr_timerStart,0x280080,30,0x30D5EC,0xB004,1,other,"t 0xB004",0x0,robotol.ext,0x0,0x1E205,0x304599
21,mr_timerStart,0x280080,31,0x30D5EE,0xBD70,1,other,"t 0xBD70",0x0,robotol.ext,0x0,0x1E205,0x304599
22,mr_timerStop,0x280084,0,0x30456A,0x1C0D,1,other,"t 0x1C0D",0x0,robotol.ext,0x10133,0x1E205,0x305E37
22,mr_timerStop,0x280084,1,0x30456C,0x1C04,1,other,"t 0x1C04",0x0,robotol.ext,0x10133,0x1E205,0x305E37
22,mr_timerStop,0x280084,2,0x30456E,0x1C16,1,other,"t 0x1C16",0x0,robotol.ext,0x10133,0x1E205,0x305E37
22,mr_timerStop,0x280084,3,0x304570,0x4A0A,1,other,"t 0x4A0A",0x0,robotol.ext,0x10133,0x1E205,0x305E37
22,mr_timerStop,0x280084,4,0x304572,0xB085,1,other,"t 0xB085",0x0,robotol.ext,0x10133,0x1E205,0x305E37
22,mr_timerStop,0x280084,5,0x304574,0x469C,1,other,"t 0x469C",0x0,robotol.ext,0x10133,0x1E205,0x305E37
22,mr_timerStop,0x280084,6,0x304576,0x447A,1,other,"t 0x447A",0x0,robotol.ext,0x10133,0x1E205,0x305E37
22,mr_timerStop,0x280084,7,0x304578,0x980B,1,other,"t 0x980B",0x0,robotol.ext,0x10133,0x1E205,0x305E37
22,mr_timerStop,0x280084,8,0x30457A,0x990C,1,other,"t 0x990C",0x0,robotol.ext,0x0,0x1E205,0x305E37
22,mr_timerStop,0x280084,9,0x30457C,0x9F0A,1,other,"t 0x9F0A",0x0,robotol.ext,0x0,0x0,0x305E37
22,mr_timerStop,0x280084,10,0x30457E,0x6BD3,1,ldr_imm,"ldr r3, [r2, #0x3C]",0x0,robotol.ext,0x0,0x0,0x305E37
22,mr_timerStop,0x280084,11,0x304580,0x2202,1,other,"t 0x2202",0x0,robotol.ext,0x0,0x0,0x305E37
22,mr_timerStop,0x280084,12,0x304582,0x9203,1,other,"t 0x9203",0x0,robotol.ext,0x0,0x0,0x305E37
22,mr_timerStop,0x280084,13,0x304584,0x9102,1,other,"t 0x9102",0x0,robotol.ext,0x0,0x0,0x305E37
22,mr_timerStop,0x280084,14,0x304586,0x9001,1,other,"t 0x9001",0x0,robotol.ext,0x0,0x0,0x305E37
22,mr_timerStop,0x280084,15,0x304588,0x9700,1,other,"t 0x9700",0x0,robotol.ext,0x0,0x0,0x305E37
22,mr_timerStop,0x280084,16,0x30458A,0x68D8,1,ldr_imm,"ldr r0, [r3, #0xC]",0x0,robotol.ext,0x0,0x0,0x305E37
22,mr_timerStop,0x280084,17,0x30458C,0x1C29,1,other,"t 0x1C29",0x0,robotol.ext,0x682AB4,0x0,0x305E37
22,mr_timerStop,0x280084,18,0x30458E,0x1C32,1,other,"t 0x1C32",0x0,robotol.ext,0x682AB4,0x1E205,0x305E37
22,mr_timerStop,0x280084,19,0x304590,0x6A87,1,ldr_imm,"ldr r7, [r0, #0x28]",0x0,robotol.ext,0x682AB4,0x1E205,0x305E37
22,mr_timerStop,0x280084,20,0x304592,0x1C20,1,other,"t 0x1C20",0x0,robotol.ext,0x682AB4,0x1E205,0x305E37
22,mr_timerStop,0x280084,21,0x304594,0x4663,1,other,"t 0x4663",0x0,robotol.ext,0x10133,0x1E205,0x305E37
22,mr_timerStop,0x280084,22,0x304596,0x47B8,1,blx_rm,"blx r7 ; ->0x280058",0x280058,robotol.ext,0x10133,0x1E205,0x305E37
22,mr_timerStop,0x280084,23,0x304598,0xB005,1,other,"t 0xB005",0x0,robotol.ext,0x0,0x1E205,0x304599
22,mr_timerStop,0x280084,24,0x30459A,0xBDF0,1,other,"t 0xBDF0",0x0,robotol.ext,0x0,0x1E205,0x304599
22,mr_timerStop,0x280084,25,0x305E36,0xB004,1,other,"t 0xB004",0x0,robotol.ext,0x0,0x1E205,0x304599
22,mr_timerStop,0x280084,26,0x305E38,0xBD10,1,other,"t 0xBD10",0x0,robotol.ext,0x0,0x1E205,0x304599
22,mr_timerStop,0x280084,27,0x30E1B4,0x2000,1,mov_imm,"movs r0, #0x0",0x0,robotol.ext,0x0,0x1E205,0x304599
22,mr_timerStop,0x280084,28,0x30E1B6,0xE406,1,other,"t 0xE406",0x0,robotol.ext,0x0,0x1E205,0x304599
22,mr_timerStop,0x280084,29,0x30D9C6,0xE611,1,other,"t 0xE611",0x0,robotol.ext,0x0,0x1E205,0x304599
22,mr_timerStop,0x280084,30,0x30D5EC,0xB004,1,other,"t 0xB004",0x0,robotol.ext,0x0,0x1E205,0x304599
22,mr_timerStop,0x280084,31,0x30D5EE,0xBD70,1,other,"t 0xBD70",0x0,robotol.ext,0x0,0x1E205,0x304599
23,mr_getTime,0x280088,0,0x30456A,0x1C0D,1,other,"t 0x1C0D",0x0,robotol.ext,0x10133,0x1E205,0x305E37
23,mr_getTime,0x280088,1,0x30456C,0x1C04,1,other,"t 0x1C04",0x0,robotol.ext,0x10133,0x1E205,0x305E37
23,mr_getTime,0x280088,2,0x30456E,0x1C16,1,other,"t 0x1C16",0x0,robotol.ext,0x10133,0x1E205,0x305E37
23,mr_getTime,0x280088,3,0x304570,0x4A0A,1,other,"t 0x4A0A",0x0,robotol.ext,0x10133,0x1E205,0x305E37
23,mr_getTime,0x280088,4,0x304572,0xB085,1,other,"t 0xB085",0x0,robotol.ext,0x10133,0x1E205,0x305E37
23,mr_getTime,0x280088,5,0x304574,0x469C,1,other,"t 0x469C",0x0,robotol.ext,0x10133,0x1E205,0x305E37
23,mr_getTime,0x280088,6,0x304576,0x447A,1,other,"t 0x447A",0x0,robotol.ext,0x10133,0x1E205,0x305E37
23,mr_getTime,0x280088,7,0x304578,0x980B,1,other,"t 0x980B",0x0,robotol.ext,0x10133,0x1E205,0x305E37
23,mr_getTime,0x280088,8,0x30457A,0x990C,1,other,"t 0x990C",0x0,robotol.ext,0x0,0x1E205,0x305E37
23,mr_getTime,0x280088,9,0x30457C,0x9F0A,1,other,"t 0x9F0A",0x0,robotol.ext,0x0,0x0,0x305E37
23,mr_getTime,0x280088,10,0x30457E,0x6BD3,1,ldr_imm,"ldr r3, [r2, #0x3C]",0x0,robotol.ext,0x0,0x0,0x305E37
23,mr_getTime,0x280088,11,0x304580,0x2202,1,other,"t 0x2202",0x0,robotol.ext,0x0,0x0,0x305E37
23,mr_getTime,0x280088,12,0x304582,0x9203,1,other,"t 0x9203",0x0,robotol.ext,0x0,0x0,0x305E37
23,mr_getTime,0x280088,13,0x304584,0x9102,1,other,"t 0x9102",0x0,robotol.ext,0x0,0x0,0x305E37
23,mr_getTime,0x280088,14,0x304586,0x9001,1,other,"t 0x9001",0x0,robotol.ext,0x0,0x0,0x305E37
23,mr_getTime,0x280088,15,0x304588,0x9700,1,other,"t 0x9700",0x0,robotol.ext,0x0,0x0,0x305E37
23,mr_getTime,0x280088,16,0x30458A,0x68D8,1,ldr_imm,"ldr r0, [r3, #0xC]",0x0,robotol.ext,0x0,0x0,0x305E37
23,mr_getTime,0x280088,17,0x30458C,0x1C29,1,other,"t 0x1C29",0x0,robotol.ext,0x682AB4,0x0,0x305E37
23,mr_getTime,0x280088,18,0x30458E,0x1C32,1,other,"t 0x1C32",0x0,robotol.ext,0x682AB4,0x1E205,0x305E37
23,mr_getTime,0x280088,19,0x304590,0x6A87,1,ldr_imm,"ldr r7, [r0, #0x28]",0x0,robotol.ext,0x682AB4,0x1E205,0x305E37
23,mr_getTime,0x280088,20,0x304592,0x1C20,1,other,"t 0x1C20",0x0,robotol.ext,0x682AB4,0x1E205,0x305E37
23,mr_getTime,0x280088,21,0x304594,0x4663,1,other,"t 0x4663",0x0,robotol.ext,0x10133,0x1E205,0x305E37
23,mr_getTime,0x280088,22,0x304596,0x47B8,1,blx_rm,"blx r7 ; ->0x280058",0x280058,robotol.ext,0x10133,0x1E205,0x305E37
23,mr_getTime,0x280088,23,0x304598,0xB005,1,other,"t 0xB005",0x0,robotol.ext,0x0,0x1E205,0x304599
23,mr_getTime,0x280088,24,0x30459A,0xBDF0,1,other,"t 0xBDF0",0x0,robotol.ext,0x0,0x1E205,0x304599
23,mr_getTime,0x280088,25,0x305E36,0xB004,1,other,"t 0xB004",0x0,robotol.ext,0x0,0x1E205,0x304599
23,mr_getTime,0x280088,26,0x305E38,0xBD10,1,other,"t 0xBD10",0x0,robotol.ext,0x0,0x1E205,0x304599
23,mr_getTime,0x280088,27,0x30E1B4,0x2000,1,mov_imm,"movs r0, #0x0",0x0,robotol.ext,0x0,0x1E205,0x304599
23,mr_getTime,0x280088,28,0x30E1B6,0xE406,1,other,"t 0xE406",0x0,robotol.ext,0x0,0x1E205,0x304599
23,mr_getTime,0x280088,29,0x30D9C6,0xE611,1,other,"t 0xE611",0x0,robotol.ext,0x0,0x1E205,0x304599
23,mr_getTime,0x280088,30,0x30D5EC,0xB004,1,other,"t 0xB004",0x0,robotol.ext,0x0,0x1E205,0x304599
23,mr_getTime,0x280088,31,0x30D5EE,0xBD70,1,other,"t 0xBD70",0x0,robotol.ext,0x0,0x1E205,0x304599
24,mr_getDatetime,0x28008C,0,0x30456A,0x1C0D,1,other,"t 0x1C0D",0x0,robotol.ext,0x10133,0x1E205,0x305E37
24,mr_getDatetime,0x28008C,1,0x30456C,0x1C04,1,other,"t 0x1C04",0x0,robotol.ext,0x10133,0x1E205,0x305E37
24,mr_getDatetime,0x28008C,2,0x30456E,0x1C16,1,other,"t 0x1C16",0x0,robotol.ext,0x10133,0x1E205,0x305E37
24,mr_getDatetime,0x28008C,3,0x304570,0x4A0A,1,other,"t 0x4A0A",0x0,robotol.ext,0x10133,0x1E205,0x305E37
24,mr_getDatetime,0x28008C,4,0x304572,0xB085,1,other,"t 0xB085",0x0,robotol.ext,0x10133,0x1E205,0x305E37
24,mr_getDatetime,0x28008C,5,0x304574,0x469C,1,other,"t 0x469C",0x0,robotol.ext,0x10133,0x1E205,0x305E37
24,mr_getDatetime,0x28008C,6,0x304576,0x447A,1,other,"t 0x447A",0x0,robotol.ext,0x10133,0x1E205,0x305E37
24,mr_getDatetime,0x28008C,7,0x304578,0x980B,1,other,"t 0x980B",0x0,robotol.ext,0x10133,0x1E205,0x305E37
24,mr_getDatetime,0x28008C,8,0x30457A,0x990C,1,other,"t 0x990C",0x0,robotol.ext,0x0,0x1E205,0x305E37
24,mr_getDatetime,0x28008C,9,0x30457C,0x9F0A,1,other,"t 0x9F0A",0x0,robotol.ext,0x0,0x0,0x305E37
24,mr_getDatetime,0x28008C,10,0x30457E,0x6BD3,1,ldr_imm,"ldr r3, [r2, #0x3C]",0x0,robotol.ext,0x0,0x0,0x305E37
24,mr_getDatetime,0x28008C,11,0x304580,0x2202,1,other,"t 0x2202",0x0,robotol.ext,0x0,0x0,0x305E37
24,mr_getDatetime,0x28008C,12,0x304582,0x9203,1,other,"t 0x9203",0x0,robotol.ext,0x0,0x0,0x305E37
24,mr_getDatetime,0x28008C,13,0x304584,0x9102,1,other,"t 0x9102",0x0,robotol.ext,0x0,0x0,0x305E37
24,mr_getDatetime,0x28008C,14,0x304586,0x9001,1,other,"t 0x9001",0x0,robotol.ext,0x0,0x0,0x305E37
24,mr_getDatetime,0x28008C,15,0x304588,0x9700,1,other,"t 0x9700",0x0,robotol.ext,0x0,0x0,0x305E37
24,mr_getDatetime,0x28008C,16,0x30458A,0x68D8,1,ldr_imm,"ldr r0, [r3, #0xC]",0x0,robotol.ext,0x0,0x0,0x305E37
24,mr_getDatetime,0x28008C,17,0x30458C,0x1C29,1,other,"t 0x1C29",0x0,robotol.ext,0x682AB4,0x0,0x305E37
24,mr_getDatetime,0x28008C,18,0x30458E,0x1C32,1,other,"t 0x1C32",0x0,robotol.ext,0x682AB4,0x1E205,0x305E37
24,mr_getDatetime,0x28008C,19,0x304590,0x6A87,1,ldr_imm,"ldr r7, [r0, #0x28]",0x0,robotol.ext,0x682AB4,0x1E205,0x305E37
24,mr_getDatetime,0x28008C,20,0x304592,0x1C20,1,other,"t 0x1C20",0x0,robotol.ext,0x682AB4,0x1E205,0x305E37
24,mr_getDatetime,0x28008C,21,0x304594,0x4663,1,other,"t 0x4663",0x0,robotol.ext,0x10133,0x1E205,0x305E37
24,mr_getDatetime,0x28008C,22,0x304596,0x47B8,1,blx_rm,"blx r7 ; ->0x280058",0x280058,robotol.ext,0x10133,0x1E205,0x305E37
24,mr_getDatetime,0x28008C,23,0x304598,0xB005,1,other,"t 0xB005",0x0,robotol.ext,0x0,0x1E205,0x304599
24,mr_getDatetime,0x28008C,24,0x30459A,0xBDF0,1,other,"t 0xBDF0",0x0,robotol.ext,0x0,0x1E205,0x304599
24,mr_getDatetime,0x28008C,25,0x305E36,0xB004,1,other,"t 0xB004",0x0,robotol.ext,0x0,0x1E205,0x304599
24,mr_getDatetime,0x28008C,26,0x305E38,0xBD10,1,other,"t 0xBD10",0x0,robotol.ext,0x0,0x1E205,0x304599
24,mr_getDatetime,0x28008C,27,0x30E1B4,0x2000,1,mov_imm,"movs r0, #0x0",0x0,robotol.ext,0x0,0x1E205,0x304599
24,mr_getDatetime,0x28008C,28,0x30E1B6,0xE406,1,other,"t 0xE406",0x0,robotol.ext,0x0,0x1E205,0x304599
24,mr_getDatetime,0x28008C,29,0x30D9C6,0xE611,1,other,"t 0xE611",0x0,robotol.ext,0x0,0x1E205,0x304599
24,mr_getDatetime,0x28008C,30,0x30D5EC,0xB004,1,other,"t 0xB004",0x0,robotol.ext,0x0,0x1E205,0x304599
24,mr_getDatetime,0x28008C,31,0x30D5EE,0xBD70,1,other,"t 0xBD70",0x0,robotol.ext,0x0,0x1E205,0x304599
25,mr_getUserInfo,0x280090,0,0x30456A,0x1C0D,1,other,"t 0x1C0D",0x0,robotol.ext,0x10133,0x1E205,0x305E37
25,mr_getUserInfo,0x280090,1,0x30456C,0x1C04,1,other,"t 0x1C04",0x0,robotol.ext,0x10133,0x1E205,0x305E37
25,mr_getUserInfo,0x280090,2,0x30456E,0x1C16,1,other,"t 0x1C16",0x0,robotol.ext,0x10133,0x1E205,0x305E37
25,mr_getUserInfo,0x280090,3,0x304570,0x4A0A,1,other,"t 0x4A0A",0x0,robotol.ext,0x10133,0x1E205,0x305E37
25,mr_getUserInfo,0x280090,4,0x304572,0xB085,1,other,"t 0xB085",0x0,robotol.ext,0x10133,0x1E205,0x305E37
25,mr_getUserInfo,0x280090,5,0x304574,0x469C,1,other,"t 0x469C",0x0,robotol.ext,0x10133,0x1E205,0x305E37
25,mr_getUserInfo,0x280090,6,0x304576,0x447A,1,other,"t 0x447A",0x0,robotol.ext,0x10133,0x1E205,0x305E37
25,mr_getUserInfo,0x280090,7,0x304578,0x980B,1,other,"t 0x980B",0x0,robotol.ext,0x10133,0x1E205,0x305E37
25,mr_getUserInfo,0x280090,8,0x30457A,0x990C,1,other,"t 0x990C",0x0,robotol.ext,0x0,0x1E205,0x305E37
25,mr_getUserInfo,0x280090,9,0x30457C,0x9F0A,1,other,"t 0x9F0A",0x0,robotol.ext,0x0,0x0,0x305E37
25,mr_getUserInfo,0x280090,10,0x30457E,0x6BD3,1,ldr_imm,"ldr r3, [r2, #0x3C]",0x0,robotol.ext,0x0,0x0,0x305E37
25,mr_getUserInfo,0x280090,11,0x304580,0x2202,1,other,"t 0x2202",0x0,robotol.ext,0x0,0x0,0x305E37
25,mr_getUserInfo,0x280090,12,0x304582,0x9203,1,other,"t 0x9203",0x0,robotol.ext,0x0,0x0,0x305E37
25,mr_getUserInfo,0x280090,13,0x304584,0x9102,1,other,"t 0x9102",0x0,robotol.ext,0x0,0x0,0x305E37
25,mr_getUserInfo,0x280090,14,0x304586,0x9001,1,other,"t 0x9001",0x0,robotol.ext,0x0,0x0,0x305E37
25,mr_getUserInfo,0x280090,15,0x304588,0x9700,1,other,"t 0x9700",0x0,robotol.ext,0x0,0x0,0x305E37
25,mr_getUserInfo,0x280090,16,0x30458A,0x68D8,1,ldr_imm,"ldr r0, [r3, #0xC]",0x0,robotol.ext,0x0,0x0,0x305E37
25,mr_getUserInfo,0x280090,17,0x30458C,0x1C29,1,other,"t 0x1C29",0x0,robotol.ext,0x682AB4,0x0,0x305E37
25,mr_getUserInfo,0x280090,18,0x30458E,0x1C32,1,other,"t 0x1C32",0x0,robotol.ext,0x682AB4,0x1E205,0x305E37
25,mr_getUserInfo,0x280090,19,0x304590,0x6A87,1,ldr_imm,"ldr r7, [r0, #0x28]",0x0,robotol.ext,0x682AB4,0x1E205,0x305E37
25,mr_getUserInfo,0x280090,20,0x304592,0x1C20,1,other,"t 0x1C20",0x0,robotol.ext,0x682AB4,0x1E205,0x305E37
25,mr_getUserInfo,0x280090,21,0x304594,0x4663,1,other,"t 0x4663",0x0,robotol.ext,0x10133,0x1E205,0x305E37
25,mr_getUserInfo,0x280090,22,0x304596,0x47B8,1,blx_rm,"blx r7 ; ->0x280058",0x280058,robotol.ext,0x10133,0x1E205,0x305E37
25,mr_getUserInfo,0x280090,23,0x304598,0xB005,1,other,"t 0xB005",0x0,robotol.ext,0x0,0x1E205,0x304599
25,mr_getUserInfo,0x280090,24,0x30459A,0xBDF0,1,other,"t 0xBDF0",0x0,robotol.ext,0x0,0x1E205,0x304599
25,mr_getUserInfo,0x280090,25,0x305E36,0xB004,1,other,"t 0xB004",0x0,robotol.ext,0x0,0x1E205,0x304599
25,mr_getUserInfo,0x280090,26,0x305E38,0xBD10,1,other,"t 0xBD10",0x0,robotol.ext,0x0,0x1E205,0x304599
25,mr_getUserInfo,0x280090,27,0x30E1B4,0x2000,1,mov_imm,"movs r0, #0x0",0x0,robotol.ext,0x0,0x1E205,0x304599
25,mr_getUserInfo,0x280090,28,0x30E1B6,0xE406,1,other,"t 0xE406",0x0,robotol.ext,0x0,0x1E205,0x304599
25,mr_getUserInfo,0x280090,29,0x30D9C6,0xE611,1,other,"t 0xE611",0x0,robotol.ext,0x0,0x1E205,0x304599
25,mr_getUserInfo,0x280090,30,0x30D5EC,0xB004,1,other,"t 0xB004",0x0,robotol.ext,0x0,0x1E205,0x304599
25,mr_getUserInfo,0x280090,31,0x30D5EE,0xBD70,1,other,"t 0xBD70",0x0,robotol.ext,0x0,0x1E205,0x304599
26,mr_sleep,0x280094,0,0x30456A,0x1C0D,1,other,"t 0x1C0D",0x0,robotol.ext,0x10133,0x1E205,0x305E37
26,mr_sleep,0x280094,1,0x30456C,0x1C04,1,other,"t 0x1C04",0x0,robotol.ext,0x10133,0x1E205,0x305E37
26,mr_sleep,0x280094,2,0x30456E,0x1C16,1,other,"t 0x1C16",0x0,robotol.ext,0x10133,0x1E205,0x305E37
26,mr_sleep,0x280094,3,0x304570,0x4A0A,1,other,"t 0x4A0A",0x0,robotol.ext,0x10133,0x1E205,0x305E37
26,mr_sleep,0x280094,4,0x304572,0xB085,1,other,"t 0xB085",0x0,robotol.ext,0x10133,0x1E205,0x305E37
26,mr_sleep,0x280094,5,0x304574,0x469C,1,other,"t 0x469C",0x0,robotol.ext,0x10133,0x1E205,0x305E37
26,mr_sleep,0x280094,6,0x304576,0x447A,1,other,"t 0x447A",0x0,robotol.ext,0x10133,0x1E205,0x305E37
26,mr_sleep,0x280094,7,0x304578,0x980B,1,other,"t 0x980B",0x0,robotol.ext,0x10133,0x1E205,0x305E37
26,mr_sleep,0x280094,8,0x30457A,0x990C,1,other,"t 0x990C",0x0,robotol.ext,0x0,0x1E205,0x305E37
26,mr_sleep,0x280094,9,0x30457C,0x9F0A,1,other,"t 0x9F0A",0x0,robotol.ext,0x0,0x0,0x305E37
26,mr_sleep,0x280094,10,0x30457E,0x6BD3,1,ldr_imm,"ldr r3, [r2, #0x3C]",0x0,robotol.ext,0x0,0x0,0x305E37
26,mr_sleep,0x280094,11,0x304580,0x2202,1,other,"t 0x2202",0x0,robotol.ext,0x0,0x0,0x305E37
26,mr_sleep,0x280094,12,0x304582,0x9203,1,other,"t 0x9203",0x0,robotol.ext,0x0,0x0,0x305E37
26,mr_sleep,0x280094,13,0x304584,0x9102,1,other,"t 0x9102",0x0,robotol.ext,0x0,0x0,0x305E37
26,mr_sleep,0x280094,14,0x304586,0x9001,1,other,"t 0x9001",0x0,robotol.ext,0x0,0x0,0x305E37
26,mr_sleep,0x280094,15,0x304588,0x9700,1,other,"t 0x9700",0x0,robotol.ext,0x0,0x0,0x305E37
26,mr_sleep,0x280094,16,0x30458A,0x68D8,1,ldr_imm,"ldr r0, [r3, #0xC]",0x0,robotol.ext,0x0,0x0,0x305E37
26,mr_sleep,0x280094,17,0x30458C,0x1C29,1,other,"t 0x1C29",0x0,robotol.ext,0x682AB4,0x0,0x305E37
26,mr_sleep,0x280094,18,0x30458E,0x1C32,1,other,"t 0x1C32",0x0,robotol.ext,0x682AB4,0x1E205,0x305E37
26,mr_sleep,0x280094,19,0x304590,0x6A87,1,ldr_imm,"ldr r7, [r0, #0x28]",0x0,robotol.ext,0x682AB4,0x1E205,0x305E37
26,mr_sleep,0x280094,20,0x304592,0x1C20,1,other,"t 0x1C20",0x0,robotol.ext,0x682AB4,0x1E205,0x305E37
26,mr_sleep,0x280094,21,0x304594,0x4663,1,other,"t 0x4663",0x0,robotol.ext,0x10133,0x1E205,0x305E37
26,mr_sleep,0x280094,22,0x304596,0x47B8,1,blx_rm,"blx r7 ; ->0x280058",0x280058,robotol.ext,0x10133,0x1E205,0x305E37
26,mr_sleep,0x280094,23,0x304598,0xB005,1,other,"t 0xB005",0x0,robotol.ext,0x0,0x1E205,0x304599
26,mr_sleep,0x280094,24,0x30459A,0xBDF0,1,other,"t 0xBDF0",0x0,robotol.ext,0x0,0x1E205,0x304599
26,mr_sleep,0x280094,25,0x305E36,0xB004,1,other,"t 0xB004",0x0,robotol.ext,0x0,0x1E205,0x304599
26,mr_sleep,0x280094,26,0x305E38,0xBD10,1,other,"t 0xBD10",0x0,robotol.ext,0x0,0x1E205,0x304599
26,mr_sleep,0x280094,27,0x30E1B4,0x2000,1,mov_imm,"movs r0, #0x0",0x0,robotol.ext,0x0,0x1E205,0x304599
26,mr_sleep,0x280094,28,0x30E1B6,0xE406,1,other,"t 0xE406",0x0,robotol.ext,0x0,0x1E205,0x304599
26,mr_sleep,0x280094,29,0x30D9C6,0xE611,1,other,"t 0xE611",0x0,robotol.ext,0x0,0x1E205,0x304599
26,mr_sleep,0x280094,30,0x30D5EC,0xB004,1,other,"t 0xB004",0x0,robotol.ext,0x0,0x1E205,0x304599
26,mr_sleep,0x280094,31,0x30D5EE,0xBD70,1,other,"t 0xBD70",0x0,robotol.ext,0x0,0x1E205,0x304599
27,mr_plat,0x280098,0,0x30456A,0x1C0D,1,other,"t 0x1C0D",0x0,robotol.ext,0x10133,0x1E205,0x305E37
27,mr_plat,0x280098,1,0x30456C,0x1C04,1,other,"t 0x1C04",0x0,robotol.ext,0x10133,0x1E205,0x305E37
27,mr_plat,0x280098,2,0x30456E,0x1C16,1,other,"t 0x1C16",0x0,robotol.ext,0x10133,0x1E205,0x305E37
27,mr_plat,0x280098,3,0x304570,0x4A0A,1,other,"t 0x4A0A",0x0,robotol.ext,0x10133,0x1E205,0x305E37
27,mr_plat,0x280098,4,0x304572,0xB085,1,other,"t 0xB085",0x0,robotol.ext,0x10133,0x1E205,0x305E37
27,mr_plat,0x280098,5,0x304574,0x469C,1,other,"t 0x469C",0x0,robotol.ext,0x10133,0x1E205,0x305E37
27,mr_plat,0x280098,6,0x304576,0x447A,1,other,"t 0x447A",0x0,robotol.ext,0x10133,0x1E205,0x305E37
27,mr_plat,0x280098,7,0x304578,0x980B,1,other,"t 0x980B",0x0,robotol.ext,0x10133,0x1E205,0x305E37
27,mr_plat,0x280098,8,0x30457A,0x990C,1,other,"t 0x990C",0x0,robotol.ext,0x0,0x1E205,0x305E37
27,mr_plat,0x280098,9,0x30457C,0x9F0A,1,other,"t 0x9F0A",0x0,robotol.ext,0x0,0x0,0x305E37
27,mr_plat,0x280098,10,0x30457E,0x6BD3,1,ldr_imm,"ldr r3, [r2, #0x3C]",0x0,robotol.ext,0x0,0x0,0x305E37
27,mr_plat,0x280098,11,0x304580,0x2202,1,other,"t 0x2202",0x0,robotol.ext,0x0,0x0,0x305E37
27,mr_plat,0x280098,12,0x304582,0x9203,1,other,"t 0x9203",0x0,robotol.ext,0x0,0x0,0x305E37
27,mr_plat,0x280098,13,0x304584,0x9102,1,other,"t 0x9102",0x0,robotol.ext,0x0,0x0,0x305E37
27,mr_plat,0x280098,14,0x304586,0x9001,1,other,"t 0x9001",0x0,robotol.ext,0x0,0x0,0x305E37
27,mr_plat,0x280098,15,0x304588,0x9700,1,other,"t 0x9700",0x0,robotol.ext,0x0,0x0,0x305E37
27,mr_plat,0x280098,16,0x30458A,0x68D8,1,ldr_imm,"ldr r0, [r3, #0xC]",0x0,robotol.ext,0x0,0x0,0x305E37
27,mr_plat,0x280098,17,0x30458C,0x1C29,1,other,"t 0x1C29",0x0,robotol.ext,0x682AB4,0x0,0x305E37
27,mr_plat,0x280098,18,0x30458E,0x1C32,1,other,"t 0x1C32",0x0,robotol.ext,0x682AB4,0x1E205,0x305E37
27,mr_plat,0x280098,19,0x304590,0x6A87,1,ldr_imm,"ldr r7, [r0, #0x28]",0x0,robotol.ext,0x682AB4,0x1E205,0x305E37
27,mr_plat,0x280098,20,0x304592,0x1C20,1,other,"t 0x1C20",0x0,robotol.ext,0x682AB4,0x1E205,0x305E37
27,mr_plat,0x280098,21,0x304594,0x4663,1,other,"t 0x4663",0x0,robotol.ext,0x10133,0x1E205,0x305E37
27,mr_plat,0x280098,22,0x304596,0x47B8,1,blx_rm,"blx r7 ; ->0x280058",0x280058,robotol.ext,0x10133,0x1E205,0x305E37
27,mr_plat,0x280098,23,0x304598,0xB005,1,other,"t 0xB005",0x0,robotol.ext,0x0,0x1E205,0x304599
27,mr_plat,0x280098,24,0x30459A,0xBDF0,1,other,"t 0xBDF0",0x0,robotol.ext,0x0,0x1E205,0x304599
27,mr_plat,0x280098,25,0x305E36,0xB004,1,other,"t 0xB004",0x0,robotol.ext,0x0,0x1E205,0x304599
27,mr_plat,0x280098,26,0x305E38,0xBD10,1,other,"t 0xBD10",0x0,robotol.ext,0x0,0x1E205,0x304599
27,mr_plat,0x280098,27,0x30E1B4,0x2000,1,mov_imm,"movs r0, #0x0",0x0,robotol.ext,0x0,0x1E205,0x304599
27,mr_plat,0x280098,28,0x30E1B6,0xE406,1,other,"t 0xE406",0x0,robotol.ext,0x0,0x1E205,0x304599
27,mr_plat,0x280098,29,0x30D9C6,0xE611,1,other,"t 0xE611",0x0,robotol.ext,0x0,0x1E205,0x304599
27,mr_plat,0x280098,30,0x30D5EC,0xB004,1,other,"t 0xB004",0x0,robotol.ext,0x0,0x1E205,0x304599
27,mr_plat,0x280098,31,0x30D5EE,0xBD70,1,other,"t 0xBD70",0x0,robotol.ext,0x0,0x1E205,0x304599
