mrp,mrp_sha256,member,offset,stored_length,decoded_length,encoding
gbrwcore.mrp,dc7c2134d214e0667174d1806227ea88b41357269e92845d15afdb7f10267b44,start.mr,335,1018,2490,gzip
gbrwcore.mrp,dc7c2134d214e0667174d1806227ea88b41357269e92845d15afdb7f10267b44,reg.ext,1369,638,684,gzip
gbrwcore.mrp,dc7c2134d214e0667174d1806227ea88b41357269e92845d15afdb7f10267b44,gbrwcore.ext,2028,98264,147196,gzip
gbrwshell.mrp,3cc99e87680b7ebb94dc6f4c3d765d4480a0595650ee97e3c5463400d1819916,start.mr,499,917,2240,gzip
gbrwshell.mrp,3cc99e87680b7ebb94dc6f4c3d765d4480a0595650ee97e3c5463400d1819916,fmfolder.bmp,1437,156,448,gzip
gbrwshell.mrp,3cc99e87680b7ebb94dc6f4c3d765d4480a0595650ee97e3c5463400d1819916,fmcmmn.bmp,1612,253,448,gzip
gbrwshell.mrp,3cc99e87680b7ebb94dc6f4c3d765d4480a0595650ee97e3c5463400d1819916,fmback.bmp,1884,157,448,gzip
gbrwshell.mrp,3cc99e87680b7ebb94dc6f4c3d765d4480a0595650ee97e3c5463400d1819916,progbar.bmp,2061,106,108,gzip
gbrwshell.mrp,3cc99e87680b7ebb94dc6f4c3d765d4480a0595650ee97e3c5463400d1819916,listf.bmp,2185,65,116,gzip
gbrwshell.mrp,3cc99e87680b7ebb94dc6f4c3d765d4480a0595650ee97e3c5463400d1819916,fmimg.bmp,2268,302,448,gzip
gbrwshell.mrp,3cc99e87680b7ebb94dc6f4c3d765d4480a0595650ee97e3c5463400d1819916,reg.ext,2586,598,628,gzip
gbrwshell.mrp,3cc99e87680b7ebb94dc6f4c3d765d4480a0595650ee97e3c5463400d1819916,gbrwshell.ext,3206,29946,45216,gzip
gamelist.mrp,4b24babfc82be19015fdf5eb9e2468c7ea030130f61f617a8644ab1e7bf7d956,start.mr,914,1018,2490,gzip
gamelist.mrp,4b24babfc82be19015fdf5eb9e2468c7ea030130f61f617a8644ab1e7bf7d956,head.bmp,1949,225,448,gzip
gamelist.mrp,4b24babfc82be19015fdf5eb9e2468c7ea030130f61f617a8644ab1e7bf7d956,new.bmp,2190,62,336,gzip
gamelist.mrp,4b24babfc82be19015fdf5eb9e2468c7ea030130f61f617a8644ab1e7bf7d956,dload.bmp,2270,855,3200,gzip
gamelist.mrp,4b24babfc82be19015fdf5eb9e2468c7ea030130f61f617a8644ab1e7bf7d956,gamelist.bmp,3146,553,800,gzip
gamelist.mrp,4b24babfc82be19015fdf5eb9e2468c7ea030130f61f617a8644ab1e7bf7d956,dl_list.bmp,3719,560,800,gzip
gamelist.mrp,4b24babfc82be19015fdf5eb9e2468c7ea030130f61f617a8644ab1e7bf7d956,dtiele.bmp,4298,47,80,gzip
gamelist.mrp,4b24babfc82be19015fdf5eb9e2468c7ea030130f61f617a8644ab1e7bf7d956,exit.bmp,4362,2715,10296,gzip
gamelist.mrp,4b24babfc82be19015fdf5eb9e2468c7ea030130f61f617a8644ab1e7bf7d956,msg.mid,7093,99,109,gzip
gamelist.mrp,4b24babfc82be19015fdf5eb9e2468c7ea030130f61f617a8644ab1e7bf7d956,title.bmp,7210,152,840,gzip
gamelist.mrp,4b24babfc82be19015fdf5eb9e2468c7ea030130f61f617a8644ab1e7bf7d956,dload1.bmp,7381,150,338,gzip
gamelist.mrp,4b24babfc82be19015fdf5eb9e2468c7ea030130f61f617a8644ab1e7bf7d956,dload.gif,7549,1350,1452,gzip
gamelist.mrp,4b24babfc82be19015fdf5eb9e2468c7ea030130f61f617a8644ab1e7bf7d956,border.bmp,8918,443,7920,gzip
gamelist.mrp,4b24babfc82be19015fdf5eb9e2468c7ea030130f61f617a8644ab1e7bf7d956,2.bmp,9375,290,800,gzip
gamelist.mrp,4b24babfc82be19015fdf5eb9e2468c7ea030130f61f617a8644ab1e7bf7d956,1.bmp,9679,446,800,gzip
gamelist.mrp,4b24babfc82be19015fdf5eb9e2468c7ea030130f61f617a8644ab1e7bf7d956,dbtitle.bmp,10145,437,1596,gzip
gamelist.mrp,4b24babfc82be19015fdf5eb9e2468c7ea030130f61f617a8644ab1e7bf7d956,dbboard.bmp,10602,40,100,gzip
gamelist.mrp,4b24babfc82be19015fdf5eb9e2468c7ea030130f61f617a8644ab1e7bf7d956,4.bmp,10656,259,800,gzip
gamelist.mrp,4b24babfc82be19015fdf5eb9e2468c7ea030130f61f617a8644ab1e7bf7d956,5.bmp,10929,289,800,gzip
gamelist.mrp,4b24babfc82be19015fdf5eb9e2468c7ea030130f61f617a8644ab1e7bf7d956,dbhead.bmp,11237,402,2112,gzip
gamelist.mrp,4b24babfc82be19015fdf5eb9e2468c7ea030130f61f617a8644ab1e7bf7d956,dbbot.bmp,11657,140,384,gzip
gamelist.mrp,4b24babfc82be19015fdf5eb9e2468c7ea030130f61f617a8644ab1e7bf7d956,6.bmp,11811,299,800,gzip
gamelist.mrp,4b24babfc82be19015fdf5eb9e2468c7ea030130f61f617a8644ab1e7bf7d956,3.bmp,12124,287,800,gzip
gamelist.mrp,4b24babfc82be19015fdf5eb9e2468c7ea030130f61f617a8644ab1e7bf7d956,cfg.bin,12427,847,6898,gzip
gamelist.mrp,4b24babfc82be19015fdf5eb9e2468c7ea030130f61f617a8644ab1e7bf7d956,gamelist.ext,13295,58522,91532,gzip
gamelist.mrp,4b24babfc82be19015fdf5eb9e2468c7ea030130f61f617a8644ab1e7bf7d956,reg.ext,71833,787,868,gzip
vdload.mrp,5089b4f9f5d90b0edd90d9fe8b8b59ba07e28c1c78b00518e9803abdf2942961,start.mr,333,1018,2490,gzip
vdload.mrp,5089b4f9f5d90b0edd90d9fe8b8b59ba07e28c1c78b00518e9803abdf2942961,reg.ext,1367,734,792,gzip
vdload.mrp,5089b4f9f5d90b0edd90d9fe8b8b59ba07e28c1c78b00518e9803abdf2942961,vdload.ext,2120,9466,13228,gzip
roomlist.mrp,e014297d3471d3911cd8b0ab8964e859fee58df21fb69c87dd0321397d0bf7dc,start.mr,335,1018,2490,gzip
roomlist.mrp,e014297d3471d3911cd8b0ab8964e859fee58df21fb69c87dd0321397d0bf7dc,reg.ext,1369,739,796,gzip
roomlist.mrp,e014297d3471d3911cd8b0ab8964e859fee58df21fb69c87dd0321397d0bf7dc,roomlist.ext,2129,11498,17284,gzip
jjfb.mrp,52c13182f87f5ba14bed64589e7f47cb2860a56b32c91fdb25ab13467d5fc036,start.mr,1921,1514,3787,gzip
jjfb.mrp,52c13182f87f5ba14bed64589e7f47cb2860a56b32c91fdb25ab13467d5fc036,mrc_loader.ext,3458,219,232,gzip
jjfb.mrp,52c13182f87f5ba14bed64589e7f47cb2860a56b32c91fdb25ab13467d5fc036,jiantou_t!12!10.bmp,3705,47,240,gzip
jjfb.mrp,52c13182f87f5ba14bed64589e7f47cb2860a56b32c91fdb25ab13467d5fc036,loadingbar!201!29.bmp,3782,1385,11658,gzip
jjfb.mrp,52c13182f87f5ba14bed64589e7f47cb2860a56b32c91fdb25ab13467d5fc036,wy_jiao02!10!10.bmp,5195,91,200,gzip
jjfb.mrp,52c13182f87f5ba14bed64589e7f47cb2860a56b32c91fdb25ab13467d5fc036,bar!16!18.bmp,5308,35,576,gzip
jjfb.mrp,52c13182f87f5ba14bed64589e7f47cb2860a56b32c91fdb25ab13467d5fc036,jiao42!11!6.bmp,5367,48,132,gzip
jjfb.mrp,52c13182f87f5ba14bed64589e7f47cb2860a56b32c91fdb25ab13467d5fc036,target.ani,5434,113,125,gzip
jjfb.mrp,52c13182f87f5ba14bed64589e7f47cb2860a56b32c91fdb25ab13467d5fc036,textbar!120!30.bmp,5574,1544,7200,gzip
jjfb.mrp,52c13182f87f5ba14bed64589e7f47cb2860a56b32c91fdb25ab13467d5fc036,listicon.bmp,7139,184,800,gzip
jjfb.mrp,52c13182f87f5ba14bed64589e7f47cb2860a56b32c91fdb25ab13467d5fc036,target!65!25.bmp,7348,351,3250,gzip
jjfb.mrp,52c13182f87f5ba14bed64589e7f47cb2860a56b32c91fdb25ab13467d5fc036,dirarrow!13!12.bmp,7726,95,312,gzip
jjfb.mrp,52c13182f87f5ba14bed64589e7f47cb2860a56b32c91fdb25ab13467d5fc036,wy_jiao3!10!10.bmp,7848,67,200,gzip
jjfb.mrp,52c13182f87f5ba14bed64589e7f47cb2860a56b32c91fdb25ab13467d5fc036,wy_xian2!15!5.bmp,7941,35,150,gzip
jjfb.mrp,52c13182f87f5ba14bed64589e7f47cb2860a56b32c91fdb25ab13467d5fc036,wy_jiao2!10!10.bmp,8003,67,200,gzip
jjfb.mrp,52c13182f87f5ba14bed64589e7f47cb2860a56b32c91fdb25ab13467d5fc036,wy_jiao22!10!10.bmp,8098,48,200,gzip
jjfb.mrp,52c13182f87f5ba14bed64589e7f47cb2860a56b32c91fdb25ab13467d5fc036,wy_jiao5!11!11.bmp,8173,73,242,gzip
jjfb.mrp,52c13182f87f5ba14bed64589e7f47cb2860a56b32c91fdb25ab13467d5fc036,wy_xian1!15!7.bmp,8272,36,210,gzip
jjfb.mrp,52c13182f87f5ba14bed64589e7f47cb2860a56b32c91fdb25ab13467d5fc036,wy_jiao12!11!11.bmp,8336,51,242,gzip
jjfb.mrp,52c13182f87f5ba14bed64589e7f47cb2860a56b32c91fdb25ab13467d5fc036,wy_jiao1!11!11.bmp,8414,90,242,gzip
jjfb.mrp,52c13182f87f5ba14bed64589e7f47cb2860a56b32c91fdb25ab13467d5fc036,jt!30!16.bmp,8525,148,960,gzip
jjfb.mrp,52c13182f87f5ba14bed64589e7f47cb2860a56b32c91fdb25ab13467d5fc036,top!76!28.bmp,8695,1321,4256,gzip
jjfb.mrp,52c13182f87f5ba14bed64589e7f47cb2860a56b32c91fdb25ab13467d5fc036,jiantou!12!15.bmp,10042,108,360,gzip
jjfb.mrp,52c13182f87f5ba14bed64589e7f47cb2860a56b32c91fdb25ab13467d5fc036,wy_xian0!15!6.bmp,10176,42,180,gzip
jjfb.mrp,52c13182f87f5ba14bed64589e7f47cb2860a56b32c91fdb25ab13467d5fc036,wy_jiao0!10!10.bmp,10245,89,200,gzip
jjfb.mrp,52c13182f87f5ba14bed64589e7f47cb2860a56b32c91fdb25ab13467d5fc036,wy_xian3!15!5.bmp,10360,36,150,gzip
jjfb.mrp,52c13182f87f5ba14bed64589e7f47cb2860a56b32c91fdb25ab13467d5fc036,wy_jiao32!10!10.bmp,10424,48,200,gzip
jjfb.mrp,52c13182f87f5ba14bed64589e7f47cb2860a56b32c91fdb25ab13467d5fc036,jiao41!12!12.bmp,10497,90,288,gzip
jjfb.mrp,52c13182f87f5ba14bed64589e7f47cb2860a56b32c91fdb25ab13467d5fc036,jiantou_x!12!10.bmp,10615,45,240,gzip
jjfb.mrp,52c13182f87f5ba14bed64589e7f47cb2860a56b32c91fdb25ab13467d5fc036,slogo!157!58.bmp,10685,11897,18212,gzip
jjfb.mrp,52c13182f87f5ba14bed64589e7f47cb2860a56b32c91fdb25ab13467d5fc036,bigworldmapmodule.ext,22612,8741,17360,gzip
jjfb.mrp,52c13182f87f5ba14bed64589e7f47cb2860a56b32c91fdb25ab13467d5fc036,mainmenumodule.ext,31380,15300,28712,gzip
jjfb.mrp,52c13182f87f5ba14bed64589e7f47cb2860a56b32c91fdb25ab13467d5fc036,mailmodule.ext,46703,14778,27692,gzip
jjfb.mrp,52c13182f87f5ba14bed64589e7f47cb2860a56b32c91fdb25ab13467d5fc036,moduletest.ext,61504,7200,15152,gzip
jjfb.mrp,52c13182f87f5ba14bed64589e7f47cb2860a56b32c91fdb25ab13467d5fc036,chatmodule.ext,68727,8857,15228,gzip
jjfb.mrp,52c13182f87f5ba14bed64589e7f47cb2860a56b32c91fdb25ab13467d5fc036,gezimodule.ext,77607,4261,7356,gzip
jjfb.mrp,52c13182f87f5ba14bed64589e7f47cb2860a56b32c91fdb25ab13467d5fc036,taobaomodule.ext,81893,9352,16504,gzip
jjfb.mrp,52c13182f87f5ba14bed64589e7f47cb2860a56b32c91fdb25ab13467d5fc036,gameattackmodule.ext,91274,26089,47368,gzip
jjfb.mrp,52c13182f87f5ba14bed64589e7f47cb2860a56b32c91fdb25ab13467d5fc036,monsterstatemodule.ext,117394,10663,18712,gzip
jjfb.mrp,52c13182f87f5ba14bed64589e7f47cb2860a56b32c91fdb25ab13467d5fc036,itembagshopmodule.ext,128087,20439,43420,gzip
jjfb.mrp,52c13182f87f5ba14bed64589e7f47cb2860a56b32c91fdb25ab13467d5fc036,viewmanmodule.ext,148552,10976,19436,gzip
jjfb.mrp,52c13182f87f5ba14bed64589e7f47cb2860a56b32c91fdb25ab13467d5fc036,betmodule.ext,159550,8327,14512,gzip
jjfb.mrp,52c13182f87f5ba14bed64589e7f47cb2860a56b32c91fdb25ab13467d5fc036,monstermodule.ext,167903,8870,19256,gzip
jjfb.mrp,52c13182f87f5ba14bed64589e7f47cb2860a56b32c91fdb25ab13467d5fc036,leitaimodule.ext,176798,11387,21248,gzip
jjfb.mrp,52c13182f87f5ba14bed64589e7f47cb2860a56b32c91fdb25ab13467d5fc036,reg.ext,188201,1381,2472,gzip
jjfb.mrp,52c13182f87f5ba14bed64589e7f47cb2860a56b32c91fdb25ab13467d5fc036,lianmengmodule.ext,189609,17529,36216,gzip
jjfb.mrp,52c13182f87f5ba14bed64589e7f47cb2860a56b32c91fdb25ab13467d5fc036,othermodule.ext,207162,24412,46708,gzip
jjfb.mrp,52c13182f87f5ba14bed64589e7f47cb2860a56b32c91fdb25ab13467d5fc036,robotol.ext,231594,161178,253420,gzip
jjfb.mrp,52c13182f87f5ba14bed64589e7f47cb2860a56b32c91fdb25ab13467d5fc036,shopmodule.ext,392795,8820,14836,gzip
jjfb.mrp,52c13182f87f5ba14bed64589e7f47cb2860a56b32c91fdb25ab13467d5fc036,itemhechengmodule.ext,401645,12957,25136,gzip
