seq,pc,off,insn,taken,r0,r1,r2,r3,r4,mem_addr,mem_val,pred,note
1,0x92924,0x12924,0x2A000008,2,0x27FC84,0x0,0x0,0x28065C,0x0,0x0,0x0,"Bcond->0x9294C","post_two_records phase=post_cf_map"
2,0x92948,0x12948,0x3AFFFFF7,2,0x27FC84,0x8,0xBC,0x28065C,0x2AF924,0x0,0x0,"Bcond->0x9292C","post_two_records phase=post_cf_map"
3,0x92960,0x12960,0x2A000008,2,0x5E,0x7,0xBC,0x28065C,0x2AF924,0x0,0x0,"Bcond->0x92988","post_two_records phase=post_cf_map"
4,0x929AC,0x129AC,0x0A0001AD,1,0x5,0x17,0x2,0x28065C,0x0,0x0,0x0,"Bcond->0x93068","post_two_records phase=post_cf_map"
5,0x93098,0x13098,0x2A000007,2,0x2AF924,0x5,0x17,0x28065C,0x0,0x0,0x0,"Bcond->0x930BC","post_two_records phase=post_cf_map"
6,0x930D4,0x130D4,0x2A000007,2,0x2AF924,0x0,0x0,0x17,0x0,0x0,0x0,"Bcond->0x930F8","post_two_records phase=post_cf_map"
7,0x930F4,0x130F4,0x3AFFFFF7,2,0x2AF924,0x8,0xFD,0xFD,0x0,0x0,0x0,"Bcond->0x930D8","post_two_records phase=post_cf_map"
8,0x9310C,0x1310C,0x2A000007,2,0x2AF924,0x8,0x3,0x7,0x0,0x0,0x0,"Bcond->0x93130","post_two_records phase=post_cf_map"
9,0x9312C,0x1312C,0x3AFFFFF7,2,0x2AF924,0x9,0xB,0x4F,0x0,0x0,0x0,"Bcond->0x93110","post_two_records phase=post_cf_map"
10,0x9316C,0x1316C,0x8A000001,2,0x2AF924,0x13,0x0,0x4F,0x7,0x0,0x0,"Bcond->0x93178","post_two_records phase=post_cf_map"
11,0x9317C,0x1317C,0x2A000007,2,0x2AF924,0x13,0x0,0x4F,0x7,0x0,0x0,"Bcond->0x931A0","post_two_records phase=post_cf_map"
12,0x931BC,0x131BC,0x3AFFFFED,2,0x2AF924,0x13,0x1,0x4,0x4,0x0,0x0,"Bcond->0x93178","post_two_records phase=post_cf_map"
13,0x9317C,0x1317C,0x2A000007,2,0x2AF924,0x13,0x1,0x4,0x4,0x0,0x0,"Bcond->0x931A0","post_two_records phase=post_cf_map"
14,0x931BC,0x131BC,0x3AFFFFED,2,0x2AF924,0x13,0x2,0x0,0x1,0x0,0x0,"Bcond->0x93178","post_two_records phase=post_cf_map"
15,0x9317C,0x1317C,0x2A000007,2,0x2AF924,0x13,0x2,0x0,0x1,0x0,0x0,"Bcond->0x931A0","post_two_records phase=post_cf_map"
16,0x9319C,0x1319C,0x3AFFFFF7,2,0x2AF924,0x13,0x2,0x78,0x9,0x0,0x0,"Bcond->0x93180","post_two_records phase=post_cf_map"
17,0x931BC,0x131BC,0x3AFFFFED,2,0x2AF924,0x13,0x3,0x0,0x6,0x0,0x0,"Bcond->0x93178","post_two_records phase=post_cf_map"
18,0x9317C,0x1317C,0x2A000007,2,0x2AF924,0x13,0x3,0x0,0x6,0x0,0x0,"Bcond->0x931A0","post_two_records phase=post_cf_map"
19,0x931BC,0x131BC,0x3AFFFFED,2,0x2AF924,0x13,0x4,0x6,0x3,0x0,0x0,"Bcond->0x93178","post_two_records phase=post_cf_map"
20,0x9317C,0x1317C,0x2A000007,2,0x2AF924,0x13,0x4,0x6,0x3,0x0,0x0,"Bcond->0x931A0","post_two_records phase=post_cf_map"
21,0x931BC,0x131BC,0x3AFFFFED,2,0x2AF924,0x13,0x5,0x3,0x0,0x0,0x0,"Bcond->0x93178","post_two_records phase=post_cf_map"
22,0x9317C,0x1317C,0x2A000007,2,0x2AF924,0x13,0x5,0x3,0x0,0x0,0x0,"Bcond->0x931A0","post_two_records phase=post_cf_map"
23,0x9319C,0x1319C,0x3AFFFFF7,2,0x2AF924,0x13,0x5,0x1B,0x8,0x0,0x0,"Bcond->0x93180","post_two_records phase=post_cf_map"
24,0x931BC,0x131BC,0x3AFFFFED,2,0x2AF924,0x13,0x6,0x3,0x5,0x0,0x0,"Bcond->0x93178","post_two_records phase=post_cf_map"
25,0x9317C,0x1317C,0x2A000007,2,0x2AF924,0x13,0x6,0x3,0x5,0x0,0x0,"Bcond->0x931A0","post_two_records phase=post_cf_map"
26,0x931BC,0x131BC,0x3AFFFFED,2,0x2AF924,0x13,0x7,0x3,0x2,0x0,0x0,"Bcond->0x93178","post_two_records phase=post_cf_map"
27,0x9317C,0x1317C,0x2A000007,2,0x2AF924,0x13,0x7,0x3,0x2,0x0,0x0,"Bcond->0x931A0","post_two_records phase=post_cf_map"
28,0x9319C,0x1319C,0x3AFFFFF7,2,0x2AF924,0x13,0x7,0xD5,0xA,0x0,0x0,"Bcond->0x93180","post_two_records phase=post_cf_map"
29,0x931BC,0x131BC,0x3AFFFFED,2,0x2AF924,0x13,0x8,0x4,0x7,0x0,0x0,"Bcond->0x93178","post_two_records phase=post_cf_map"
30,0x9317C,0x1317C,0x2A000007,2,0x2AF924,0x13,0x8,0x4,0x7,0x0,0x0,"Bcond->0x931A0","post_two_records phase=post_cf_map"
31,0x931BC,0x131BC,0x3AFFFFED,2,0x2AF924,0x13,0x9,0x2,0x4,0x0,0x0,"Bcond->0x93178","post_two_records phase=post_cf_map"
32,0x9317C,0x1317C,0x2A000007,2,0x2AF924,0x13,0x9,0x2,0x4,0x0,0x0,"Bcond->0x931A0","post_two_records phase=post_cf_map"
33,0x931BC,0x131BC,0x3AFFFFED,2,0x2AF924,0x13,0xA,0x5,0x1,0x0,0x0,"Bcond->0x93178","post_two_records phase=post_cf_map"
34,0x9317C,0x1317C,0x2A000007,2,0x2AF924,0x13,0xA,0x5,0x1,0x0,0x0,"Bcond->0x931A0","post_two_records phase=post_cf_map"
35,0x9319C,0x1319C,0x3AFFFFF7,2,0x2AF924,0x13,0xA,0xB5,0x9,0x0,0x0,"Bcond->0x93180","post_two_records phase=post_cf_map"
36,0x931BC,0x131BC,0x3AFFFFED,2,0x2AF924,0x13,0xB,0x3,0x6,0x0,0x0,"Bcond->0x93178","post_two_records phase=post_cf_map"
37,0x9317C,0x1317C,0x2A000007,2,0x2AF924,0x13,0xB,0x3,0x6,0x0,0x0,"Bcond->0x931A0","post_two_records phase=post_cf_map"
38,0x931BC,0x131BC,0x3AFFFFED,2,0x2AF924,0x13,0xC,0x5,0x3,0x0,0x0,"Bcond->0x93178","post_two_records phase=post_cf_map"
39,0x9317C,0x1317C,0x2A000007,2,0x2AF924,0x13,0xC,0x5,0x3,0x0,0x0,"Bcond->0x931A0","post_two_records phase=post_cf_map"
40,0x931BC,0x131BC,0x3AFFFFED,2,0x2AF924,0x13,0xD,0x5,0x0,0x0,0x0,"Bcond->0x93178","post_two_records phase=post_cf_map"
41,0x9317C,0x1317C,0x2A000007,2,0x2AF924,0x13,0xD,0x5,0x0,0x0,0x0,"Bcond->0x931A0","post_two_records phase=post_cf_map"
42,0x9319C,0x1319C,0x3AFFFFF7,2,0x2AF924,0x13,0xD,0x0,0x8,0x0,0x0,"Bcond->0x93180","post_two_records phase=post_cf_map"
43,0x931BC,0x131BC,0x3AFFFFED,2,0x2AF924,0x13,0xE,0x0,0x5,0x0,0x0,"Bcond->0x93178","post_two_records phase=post_cf_map"
44,0x9317C,0x1317C,0x2A000007,2,0x2AF924,0x13,0xE,0x0,0x5,0x0,0x0,"Bcond->0x931A0","post_two_records phase=post_cf_map"
45,0x931BC,0x131BC,0x3AFFFFED,2,0x2AF924,0x13,0xF,0x0,0x2,0x0,0x0,"Bcond->0x93178","post_two_records phase=post_cf_map"
46,0x9317C,0x1317C,0x2A000007,2,0x2AF924,0x13,0xF,0x0,0x2,0x0,0x0,"Bcond->0x931A0","post_two_records phase=post_cf_map"
47,0x9319C,0x1319C,0x3AFFFFF7,2,0x2AF924,0x13,0xF,0x8E,0xA,0x0,0x0,"Bcond->0x93180","post_two_records phase=post_cf_map"
48,0x931BC,0x131BC,0x3AFFFFED,2,0x2AF924,0x13,0x10,0x0,0x7,0x0,0x0,"Bcond->0x93178","post_two_records phase=post_cf_map"
49,0x9317C,0x1317C,0x2A000007,2,0x2AF924,0x13,0x10,0x0,0x7,0x0,0x0,"Bcond->0x931A0","post_two_records phase=post_cf_map"
50,0x931BC,0x131BC,0x3AFFFFED,2,0x2AF924,0x13,0x11,0x7,0x4,0x0,0x0,"Bcond->0x93178","post_two_records phase=post_cf_map"
51,0x9317C,0x1317C,0x2A000007,2,0x2AF924,0x13,0x11,0x7,0x4,0x0,0x0,"Bcond->0x931A0","post_two_records phase=post_cf_map"
52,0x931BC,0x131BC,0x3AFFFFED,2,0x2AF924,0x13,0x12,0x0,0x1,0x0,0x0,"Bcond->0x93178","post_two_records phase=post_cf_map"
53,0x9317C,0x1317C,0x2A000007,2,0x2AF924,0x13,0x12,0x0,0x1,0x0,0x0,"Bcond->0x931A0","post_two_records phase=post_cf_map"
54,0x9319C,0x1319C,0x3AFFFFF7,2,0x2AF924,0x13,0x12,0xDF,0x9,0x0,0x0,"Bcond->0x93180","post_two_records phase=post_cf_map"
55,0x931BC,0x131BC,0x3AFFFFED,2,0x2AF924,0x13,0x13,0x7,0x6,0x0,0x0,"Bcond->0x93178","post_two_records phase=post_cf_map"
56,0x931C4,0x131C4,0x3AFFFFE9,2,0x2AF924,0x13,0x13,0x7,0x6,0x0,0x0,"Bcond->0x93170","post_two_records phase=post_cf_map"
57,0x923DC,0x123DC,0x1AFFFFF8,1,0x27F760,0x12,0x27F6D8,0x1,0x27F75C,0x0,0x0,"Bcond->0x923C4","post_two_records phase=post_cf_map"
58,0x923DC,0x123DC,0x1AFFFFF8,1,0x27F764,0x11,0x27F6C0,0x1,0x27F75C,0x0,0x0,"Bcond->0x923C4","post_two_records phase=post_cf_map"
59,0x923DC,0x123DC,0x1AFFFFF8,1,0x27F768,0x10,0x27F6C0,0x2,0x27F75C,0x0,0x0,"Bcond->0x923C4","post_two_records phase=post_cf_map"
60,0x923DC,0x123DC,0x1AFFFFF8,1,0x27F76C,0xF,0x27F6C0,0x3,0x27F75C,0x0,0x0,"Bcond->0x923C4","post_two_records phase=post_cf_map"
61,0x923DC,0x123DC,0x1AFFFFF8,1,0x27F770,0xE,0x27F6D4,0x1,0x27F75C,0x0,0x0,"Bcond->0x923C4","post_two_records phase=post_cf_map"
62,0x923DC,0x123DC,0x1AFFFFF8,1,0x27F774,0xD,0x27F6D4,0x2,0x27F75C,0x0,0x0,"Bcond->0x923C4","post_two_records phase=post_cf_map"
63,0x923DC,0x123DC,0x1AFFFFF8,1,0x27F778,0xC,0x27F6D0,0x1,0x27F75C,0x0,0x0,"Bcond->0x923C4","post_two_records phase=post_cf_map"
64,0x923DC,0x123DC,0x1AFFFFF8,1,0x27F77C,0xB,0x27F6CC,0x1,0x27F75C,0x0,0x0,"Bcond->0x923C4","post_two_records phase=post_cf_map"
65,0x923DC,0x123DC,0x1AFFFFF8,1,0x27F780,0xA,0x27F6CC,0x2,0x27F75C,0x0,0x0,"Bcond->0x923C4","post_two_records phase=post_cf_map"
66,0x923DC,0x123DC,0x1AFFFFF8,1,0x27F784,0x9,0x27F6CC,0x3,0x27F75C,0x0,0x0,"Bcond->0x923C4","post_two_records phase=post_cf_map"
67,0x923DC,0x123DC,0x1AFFFFF8,1,0x27F788,0x8,0x27F6C8,0x1,0x27F75C,0x0,0x0,"Bcond->0x923C4","post_two_records phase=post_cf_map"
68,0x923DC,0x123DC,0x1AFFFFF8,1,0x27F78C,0x7,0x27F6CC,0x4,0x27F75C,0x0,0x0,"Bcond->0x923C4","post_two_records phase=post_cf_map"
69,0x923DC,0x123DC,0x1AFFFFF8,1,0x27F790,0x6,0x27F6D4,0x3,0x27F75C,0x0,0x0,"Bcond->0x923C4","post_two_records phase=post_cf_map"
70,0x923DC,0x123DC,0x1AFFFFF8,1,0x27F794,0x5,0x27F6C0,0x4,0x27F75C,0x0,0x0,"Bcond->0x923C4","post_two_records phase=post_cf_map"
71,0x923DC,0x123DC,0x1AFFFFF8,1,0x27F798,0x4,0x27F6DC,0x1,0x27F75C,0x0,0x0,"Bcond->0x923C4","post_two_records phase=post_cf_map"
72,0x923DC,0x123DC,0x1AFFFFF8,1,0x27F79C,0x3,0x27F6DC,0x2,0x27F75C,0x0,0x0,"Bcond->0x923C4","post_two_records phase=post_cf_map"
73,0x923DC,0x123DC,0x1AFFFFF8,1,0x27F7A0,0x2,0x27F6D0,0x2,0x27F75C,0x0,0x0,"Bcond->0x923C4","post_two_records phase=post_cf_map"
74,0x923DC,0x123DC,0x1AFFFFF8,1,0x27F7A4,0x1,0x27F6C0,0x5,0x27F75C,0x0,0x0,"Bcond->0x923C4","post_two_records phase=post_cf_map"
75,0x923DC,0x123DC,0x1AFFFFF8,0,0x27F7A8,0x0,0x27F6C0,0x6,0x27F75C,0x0,0x0,"Bcond->0x923C4","post_two_records phase=post_cf_map"
76,0x923EC,0x123EC,0x1A000005,1,0x0,0x6,0x27F6C0,0x6,0x27F75C,0x0,0x0,"Bcond->0x92408","post_two_records phase=post_cf_map"
77,0x9241C,0x1241C,0x1A000002,0,0x0,0x1,0x27F6C0,0x0,0x27F75C,0x0,0x0,"Bcond->0x9242C","post_two_records phase=post_cf_map"
78,0x92428,0x12428,0x9AFFFFF9,2,0x0,0x2,0x27F6C0,0x0,0x27F75C,0x0,0x0,"Bcond->0x92414","post_two_records phase=post_cf_map"
79,0x9241C,0x1241C,0x1A000002,1,0x0,0x2,0x27F6C0,0x1,0x27F75C,0x0,0x0,"Bcond->0x9242C","post_two_records phase=post_cf_map"
80,0x92444,0x12444,0x1A000001,0,0x0,0x2,0x27F6C0,0x10,0x27F75C,0x0,0x0,"Bcond->0x92450","post_two_records phase=post_cf_map"
81,0x9244C,0x1244C,0x1AFFFFFA,1,0x0,0x2,0x27F6C0,0xF,0x27F75C,0x0,0x0,"Bcond->0x9243C","post_two_records phase=post_cf_map"
82,0x92444,0x12444,0x1A000001,0,0x0,0x2,0x27F6C0,0xF,0x27F75C,0x0,0x0,"Bcond->0x92450","post_two_records phase=post_cf_map"
83,0x9244C,0x1244C,0x1AFFFFFA,1,0x0,0x2,0x27F6C0,0xE,0x27F75C,0x0,0x0,"Bcond->0x9243C","post_two_records phase=post_cf_map"
84,0x92444,0x12444,0x1A000001,0,0x0,0x2,0x27F6C0,0xE,0x27F75C,0x0,0x0,"Bcond->0x92450","post_two_records phase=post_cf_map"
85,0x9244C,0x1244C,0x1AFFFFFA,1,0x0,0x2,0x27F6C0,0xD,0x27F75C,0x0,0x0,"Bcond->0x9243C","post_two_records phase=post_cf_map"
86,0x92444,0x12444,0x1A000001,0,0x0,0x2,0x27F6C0,0xD,0x27F75C,0x0,0x0,"Bcond->0x92450","post_two_records phase=post_cf_map"
87,0x9244C,0x1244C,0x1AFFFFFA,1,0x0,0x2,0x27F6C0,0xC,0x27F75C,0x0,0x0,"Bcond->0x9243C","post_two_records phase=post_cf_map"
88,0x92444,0x12444,0x1A000001,0,0x0,0x2,0x27F6C0,0xC,0x27F75C,0x0,0x0,"Bcond->0x92450","post_two_records phase=post_cf_map"
89,0x9244C,0x1244C,0x1AFFFFFA,1,0x0,0x2,0x27F6C0,0xB,0x27F75C,0x0,0x0,"Bcond->0x9243C","post_two_records phase=post_cf_map"
90,0x92444,0x12444,0x1A000001,0,0x0,0x2,0x27F6C0,0xB,0x27F75C,0x0,0x0,"Bcond->0x92450","post_two_records phase=post_cf_map"
91,0x9244C,0x1244C,0x1AFFFFFA,1,0x0,0x2,0x27F6C0,0xA,0x27F75C,0x0,0x0,"Bcond->0x9243C","post_two_records phase=post_cf_map"
92,0x92444,0x12444,0x1A000001,0,0x0,0x2,0x27F6C0,0xA,0x27F75C,0x0,0x0,"Bcond->0x92450","post_two_records phase=post_cf_map"
93,0x9244C,0x1244C,0x1AFFFFFA,1,0x0,0x2,0x27F6C0,0x9,0x27F75C,0x0,0x0,"Bcond->0x9243C","post_two_records phase=post_cf_map"
94,0x92444,0x12444,0x1A000001,0,0x0,0x2,0x27F6C0,0x9,0x27F75C,0x0,0x0,"Bcond->0x92450","post_two_records phase=post_cf_map"
95,0x9244C,0x1244C,0x1AFFFFFA,1,0x0,0x2,0x27F6C0,0x8,0x27F75C,0x0,0x0,"Bcond->0x9243C","post_two_records phase=post_cf_map"
96,0x92444,0x12444,0x1A000001,0,0x0,0x2,0x27F6C0,0x8,0x27F75C,0x0,0x0,"Bcond->0x92450","post_two_records phase=post_cf_map"
97,0x9244C,0x1244C,0x1AFFFFFA,1,0x0,0x2,0x27F6C0,0x7,0x27F75C,0x0,0x0,"Bcond->0x9243C","post_two_records phase=post_cf_map"
98,0x92444,0x12444,0x1A000001,1,0x0,0x2,0x27F6C0,0x7,0x27F75C,0x0,0x0,"Bcond->0x92450","post_two_records phase=post_cf_map"
99,0x9246C,0x1246C,0x2A000009,2,0x0,0x2,0x27F6C0,0x7,0x27F75C,0x0,0x0,"Bcond->0x92498","post_two_records phase=post_cf_map"
100,0x92494,0x12494,0x3AFFFFF5,2,0x0,0x3,0x27F6C0,0x7,0x27F75C,0x0,0x0,"Bcond->0x92470","post_two_records phase=post_cf_map"
101,0x92494,0x12494,0x3AFFFFF5,2,0x0,0x4,0x27F6C0,0x7,0x27F75C,0x0,0x0,"Bcond->0x92470","post_two_records phase=post_cf_map"
102,0x92494,0x12494,0x3AFFFFF5,2,0x0,0x5,0x27F6C0,0x7,0x27F75C,0x0,0x0,"Bcond->0x92470","post_two_records phase=post_cf_map"
103,0x92494,0x12494,0x3AFFFFF5,2,0x0,0x6,0x27F6C0,0x7,0x27F75C,0x0,0x0,"Bcond->0x92470","post_two_records phase=post_cf_map"
104,0x92494,0x12494,0x3AFFFFF5,2,0x0,0x7,0x27F6C0,0x7,0x27F75C,0x0,0x0,"Bcond->0x92470","post_two_records phase=post_cf_map"
105,0x924DC,0x124DC,0x0A000004,0,0x0,0x27F6C0,0x0,0x6,0x27F75C,0x0,0x0,"Bcond->0x924F4","post_two_records phase=post_cf_map"
106,0x924F0,0x124F0,0x1AFFFFFA,1,0x0,0x27F6C0,0x0,0x5,0x27F75C,0x0,0x0,"Bcond->0x924E0","post_two_records phase=post_cf_map"
107,0x924F0,0x124F0,0x1AFFFFFA,1,0x0,0x27F6C0,0x1,0x4,0x27F75C,0x0,0x0,"Bcond->0x924E0","post_two_records phase=post_cf_map"
108,0x924F0,0x124F0,0x1AFFFFFA,1,0x0,0x27F6C0,0x5,0x3,0x27F75C,0x0,0x0,"Bcond->0x924E0","post_two_records phase=post_cf_map"
109,0x924F0,0x124F0,0x1AFFFFFA,1,0x0,0x27F6C0,0x7,0x2,0x27F75C,0x0,0x0,"Bcond->0x924E0","post_two_records phase=post_cf_map"
110,0x924F0,0x124F0,0x1AFFFFFA,1,0x0,0x27F6C0,0xA,0x1,0x27F75C,0x0,0x0,"Bcond->0x924E0","post_two_records phase=post_cf_map"
111,0x924F0,0x124F0,0x1AFFFFFA,0,0x0,0x27F6C0,0xB,0x0,0x27F75C,0x0,0x0,"Bcond->0x924E0","post_two_records phase=post_cf_map"
112,0x92504,0x12504,0x0A000004,0,0x0,0x27F6C0,0x27F1F0,0x0,0x27F75C,0x0,0x0,"Bcond->0x9251C","post_two_records phase=post_cf_map"
113,0x92524,0x12524,0x3AFFFFF4,2,0x0,0x27F6C0,0x27F1F0,0x1,0xA,0x0,0x0,"Bcond->0x924FC","post_two_records phase=post_cf_map"
114,0x92504,0x12504,0x0A000004,1,0x0,0x27F6C0,0x27F1F0,0x1,0xA,0x0,0x0,"Bcond->0x9251C","post_two_records phase=post_cf_map"
115,0x92524,0x12524,0x3AFFFFF4,2,0x0,0x27F6C0,0x27F1F0,0x2,0xA,0x0,0x0,"Bcond->0x924FC","post_two_records phase=post_cf_map"
116,0x92504,0x12504,0x0A000004,1,0x0,0x27F6C0,0x27F1F0,0x2,0xA,0x0,0x0,"Bcond->0x9251C","post_two_records phase=post_cf_map"
117,0x92524,0x12524,0x3AFFFFF4,2,0x0,0x27F6C0,0x27F1F0,0x3,0xA,0x0,0x0,"Bcond->0x924FC","post_two_records phase=post_cf_map"
118,0x92504,0x12504,0x0A000004,1,0x0,0x27F6C0,0x27F1F0,0x3,0xA,0x0,0x0,"Bcond->0x9251C","post_two_records phase=post_cf_map"
119,0x92524,0x12524,0x3AFFFFF4,2,0x0,0x27F6C0,0x27F1F0,0x4,0xA,0x0,0x0,"Bcond->0x924FC","post_two_records phase=post_cf_map"
120,0x92504,0x12504,0x0A000004,0,0x0,0x27F6C0,0x27F1F0,0x4,0xA,0x0,0x0,"Bcond->0x9251C","post_two_records phase=post_cf_map"
121,0x92524,0x12524,0x3AFFFFF4,2,0x0,0x27F6C0,0x27F1F0,0x5,0x7,0x0,0x0,"Bcond->0x924FC","post_two_records phase=post_cf_map"
122,0x92504,0x12504,0x0A000004,0,0x0,0x27F6C0,0x27F1F0,0x5,0x7,0x0,0x0,"Bcond->0x9251C","post_two_records phase=post_cf_map"
123,0x92524,0x12524,0x3AFFFFF4,2,0x0,0x27F6C0,0x27F1F0,0x6,0x8,0x0,0x0,"Bcond->0x924FC","post_two_records phase=post_cf_map"
124,0x92504,0x12504,0x0A000004,0,0x0,0x27F6C0,0x27F1F0,0x6,0x8,0x0,0x0,"Bcond->0x9251C","post_two_records phase=post_cf_map"
125,0x92524,0x12524,0x3AFFFFF4,2,0x0,0x27F6C0,0x27F1F0,0x7,0x5,0x0,0x0,"Bcond->0x924FC","post_two_records phase=post_cf_map"
126,0x92504,0x12504,0x0A000004,0,0x0,0x27F6C0,0x27F1F0,0x7,0x5,0x0,0x0,"Bcond->0x9251C","post_two_records phase=post_cf_map"
127,0x92524,0x12524,0x3AFFFFF4,2,0x0,0x27F6C0,0x27F1F0,0x8,0x1,0x0,0x0,"Bcond->0x924FC","post_two_records phase=post_cf_map"
128,0x92504,0x12504,0x0A000004,0,0x0,0x27F6C0,0x27F1F0,0x8,0x1,0x0,0x0,"Bcond->0x9251C","post_two_records phase=post_cf_map"
