run_id,seq,pc,lr,module,r0,r1,r2,r3,r4,r5,r6,r7,r8,r9,r10,r11,r12,sp,addr,size,bytes_hex,owner_p,owner_erw,milestone,note
0,1,0x9B8C8,0xA5790,cfunction.ext,0x4E,0x3,0x4E,0x682B3A,0x4E,0x682AEC,0x682AEC,0x2A8264,0x4E,0x280400,0x8669C,0x84780,0x1,0x27FA98,0x682B39,1,"6B",0x0,0x280400,"SHELL_PARAM_GWYBLINK_PARSED","mem_read_hook"
0,2,0x9B8C8,0xA5790,cfunction.ext,0x4B,0x3,0xA3E,0x682B37,0x4E,0x682AEC,0x682AEC,0x2A8264,0xA70,0x280400,0x8669C,0x84780,0x1,0x27FA98,0x682B36,1,"6C",0x0,0x280400,"SHELL_PARAM_GWYBLINK_PARSED","mem_read_hook"
0,3,0x9B8C8,0xA5790,cfunction.ext,0x48,0x3,0x15108,0x682B34,0x4E,0x682AEC,0x682AEC,0x2A8264,0x15B78,0x280400,0x8669C,0x84780,0x1,0x27FA98,0x682B33,1,"77",0x0,0x280400,"SHELL_PARAM_GWYBLINK_PARSED","mem_read_hook"
0,4,0x9B8C8,0xA5790,cfunction.ext,0x45,0x3,0x2BC655,0x682B31,0x4E,0x682AEC,0x682AEC,0x2A8264,0x2A9D2D,0x280400,0x8669C,0x84780,0x1,0x27FA98,0x682B30,1,"70",0x0,0x280400,"SHELL_PARAM_GWYBLINK_PARSED","mem_read_hook"
0,5,0x9B8C8,0xA5790,cfunction.ext,0x42,0x3,0x55E4D5B,0x682B2E,0x4E,0x682AEC,0x682AEC,0x2A8264,0x574D076,0x280400,0x8669C,0x84780,0x1,0x27FA98,0x682B2D,1,"2E",0x0,0x280400,"SHELL_PARAM_GWYBLINK_PARSED","mem_read_hook"
0,6,0x9B8C8,0xA5790,cfunction.ext,0x3F,0x3,0xAFF7430B,0x682B2B,0x4E,0x682AEC,0x682AEC,0x2A8264,0xAA83937D,0x280400,0x8669C,0x84780,0x1,0x27FA98,0x682B2A,1,"6A",0x0,0x280400,"SHELL_PARAM_GWYBLINK_PARSED","mem_read_hook"
0,7,0x9B8C8,0xA5790,cfunction.ext,0x3C,0x3,0x7B1354E9,0x682B28,0x4E,0x682AEC,0x682AEC,0x2A8264,0xD190C794,0x280400,0x8669C,0x84780,0x1,0x27FA98,0x682B27,1,"79",0x0,0x280400,"SHELL_PARAM_GWYBLINK_PARSED","mem_read_hook"
0,8,0x9B8C8,0xA5790,cfunction.ext,0x39,0x3,0x667D24DE,0x682B25,0x4E,0x682AEC,0x682AEC,0x2A8264,0xB7EDE34A,0x280400,0x8669C,0x84780,0x1,0x27FA98,0x682B24,1,"3D",0x0,0x280400,"SHELL_PARAM_GWYBLINK_PARSED","mem_read_hook"
0,9,0x9B8C8,0xA5790,cfunction.ext,0x36,0x3,0x2BB7E24F,0x682B22,0x4E,0x682AEC,0x682AEC,0x2A8264,0x9C5A0105,0x280400,0x8669C,0x84780,0x1,0x27FA98,0x682B21,1,"61",0x0,0x280400,"SHELL_PARAM_GWYBLINK_PARSED","mem_read_hook"
0,10,0x9B8C8,0xA5790,cfunction.ext,0x33,0x3,0xB256A142,0x682B1F,0x4E,0x682AEC,0x682AEC,0x2A8264,0x2E0CA047,0x280400,0x8669C,0x84780,0x1,0x27FA98,0x682B1E,1,"72",0x0,0x280400,"SHELL_PARAM_GWYBLINK_PARSED","mem_read_hook"
0,11,0x9B8C8,0xA5790,cfunction.ext,0x30,0x3,0xCD173163,0x682B1C,0x4E,0x682AEC,0x682AEC,0x2A8264,0xE31B9124,0x280400,0x8669C,0x84780,0x1,0x27FA98,0x682B1B,1,"5F",0x0,0x280400,"SHELL_PARAM_GWYBLINK_PARSED","mem_read_hook"
0,12,0x9B8C8,0xA5790,cfunction.ext,0x2D,0x3,0x9C390928,0x682B19,0x4E,0x682AEC,0x682AEC,0x2A8264,0x7F22980C,0x280400,0x8669C,0x84780,0x1,0x27FA98,0x682B18,1,"31",0x0,0x280400,"SHELL_PARAM_GWYBLINK_PARSED","mem_read_hook"
0,13,0x9B8C8,0xA5790,cfunction.ext,0x2A,0x3,0x41BA7B4,0x682B16,0x4E,0x682AEC,0x682AEC,0x2A8264,0x7B393FB8,0x280400,0x8669C,0x84780,0x1,0x27FA98,0x682B15,1,"61",0x0,0x280400,"SHELL_PARAM_GWYBLINK_PARSED","mem_read_hook"
0,14,0x9B8C8,0xA5790,cfunction.ext,0x27,0x3,0x85F6474F,0x682B13,0x4E,0x682AEC,0x682AEC,0x2A8264,0xFECF78F7,0x280400,0x8669C,0x84780,0x1,0x27FA98,0x682B12,1,"30",0x0,0x280400,"SHELL_PARAM_GWYBLINK_PARSED","mem_read_hook"
0,15,0x9B8C8,0xA5790,cfunction.ext,0x24,0x3,0x19A2FD4D,0x682B10,0x4E,0x682AEC,0x682AEC,0x2A8264,0xE76D85BA,0x280400,0x8669C,0x84780,0x1,0x27FA98,0x682B0F,1,"72",0x0,0x280400,"SHELL_PARAM_GWYBLINK_PARSED","mem_read_hook"
0,16,0x9B8C8,0xA5790,cfunction.ext,0x21,0x3,0x278C1920,0x682B0D,0x4E,0x682AEC,0x682AEC,0x2A8264,0xC0E19C9A,0x280400,0x8669C,0x84780,0x1,0x27FA98,0x682B0C,1,"5F",0x0,0x280400,"SHELL_PARAM_GWYBLINK_PARSED","mem_read_hook"
0,17,0x9B8C8,0xA5790,cfunction.ext,0x1E,0x3,0x4C6BFAC5,0x682B0A,0x4E,0x682AEC,0x682AEC,0x2A8264,0x8C8A665F,0x280400,0x8669C,0x84780,0x1,0x27FA98,0x682B09,1,"35",0x0,0x280400,"SHELL_PARAM_GWYBLINK_PARSED","mem_read_hook"
0,18,0x9B8C8,0xA5790,cfunction.ext,0x1B,0x3,0xB46F65AC,0x682B07,0x4E,0x682AEC,0x682AEC,0x2A8264,0x38E503F3,0x280400,0x8669C,0x84780,0x1,0x27FA98,0x682B06,1,"64",0x0,0x280400,"SHELL_PARAM_GWYBLINK_PARSED","mem_read_hook"
0,19,0x9B8C8,0xA5790,cfunction.ext,0x18,0x3,0x2AD9BFC0,0x682B04,0x4E,0x682AEC,0x682AEC,0x2A8264,0x123CBC33,0x280400,0x8669C,0x84780,0x1,0x27FA98,0x682B03,1,"6E",0x0,0x280400,"SHELL_PARAM_GWYBLINK_PARSED","mem_read_hook"
0,20,0x9B8C8,0xA5790,cfunction.ext,0x15,0x3,0x4C26B5DA,0x682B01,0x4E,0x682AEC,0x682AEC,0x2A8264,0x5E1A09E9,0x280400,0x8669C,0x84780,0x1,0x27FA98,0x682B00,1,"38",0x0,0x280400,"SHELL_PARAM_GWYBLINK_PARSED","mem_read_hook"
0,21,0x9B8C8,0xA5790,cfunction.ext,0x12,0x3,0xDAC7BFD2,0x682AFE,0x4E,0x682AEC,0x682AEC,0x2A8264,0x84DDB63B,0x280400,0x8669C,0x84780,0x1,0x27FA98,0x682AFD,1,"64",0x0,0x280400,"SHELL_PARAM_GWYBLINK_PARSED","mem_read_hook"
0,22,0x9B8C8,0xA5790,cfunction.ext,0xF,0x3,0xBCEE3552,0x682AFB,0x4E,0x682AEC,0x682AEC,0x2A8264,0x38338369,0x280400,0x8669C,0x84780,0x1,0x27FA98,0x682AFA,1,"78",0x0,0x280400,"SHELL_PARAM_GWYBLINK_PARSED","mem_read_hook"
0,23,0x9B8C8,0xA5790,cfunction.ext,0xC,0x3,0x147D4E72,0x682AF8,0x4E,0x682AEC,0x682AEC,0x2A8264,0x2C4ECD1B,0x280400,0x8669C,0x84780,0x1,0x27FA98,0x682AF7,1,"5F",0x0,0x280400,"SHELL_PARAM_GWYBLINK_PARSED","mem_read_hook"
0,24,0x9B8C8,0xA5790,cfunction.ext,0x9,0x3,0x94ED5705,0x682AF5,0x4E,0x682AEC,0x682AEC,0x2A8264,0xB8A39A1E,0x280400,0x8669C,0x84780,0x1,0x27FA98,0x682AF4,1,"3D",0x0,0x280400,"SHELL_PARAM_GWYBLINK_PARSED","mem_read_hook"
0,25,0x9B8C8,0xA5790,cfunction.ext,0x6,0x3,0x429C2A84,0x682AF2,0x4E,0x682AEC,0x682AEC,0x2A8264,0xFA3FB09A,0x280400,0x8669C,0x84780,0x1,0x27FA98,0x682AF1,1,"79",0x0,0x280400,"SHELL_PARAM_GWYBLINK_PARSED","mem_read_hook"
0,26,0x9B8C8,0xA5790,cfunction.ext,0x3,0x3,0x8685FFDF,0x682AEF,0x4E,0x682AEC,0x682AEC,0x2A8264,0x7CBA4F45,0x280400,0x8669C,0x84780,0x1,0x27FA98,0x682AEE,1,"70",0x0,0x280400,"SHELL_PARAM_GWYBLINK_PARSED","mem_read_hook"
0,27,0xAC434,0x8C6CC,cfunction.ext,0x280C54,0x682AEC,0x7F,0x280C54,0x280600,0x682AEC,0xFFFFD8EF,0x86E14,0x86620,0x280400,0x8669C,0x84780,0x1,0x27FAD0,0x682AEC,1,"6E",0x0,0x280400,"SHELL_PARAM_GWYBLINK_PARSED","mem_read_hook"
0,28,0xAC434,0x8C6CC,cfunction.ext,0x280C54,0x682AED,0x7E,0x280C55,0x280600,0x682AEC,0xFFFFD8EF,0x86E14,0x86620,0x280400,0x8669C,0x84780,0x6E,0x27FAD0,0x682AED,1,"61",0x0,0x280400,"SHELL_PARAM_GWYBLINK_PARSED","mem_read_hook"
0,29,0xAC434,0x8C6CC,cfunction.ext,0x280C54,0x682AEE,0x7D,0x280C56,0x280600,0x682AEC,0xFFFFD8EF,0x86E14,0x86620,0x280400,0x8669C,0x84780,0x61,0x27FAD0,0x682AEE,1,"70",0x0,0x280400,"SHELL_PARAM_GWYBLINK_PARSED","mem_read_hook"
0,30,0xAC434,0x8C6CC,cfunction.ext,0x280C54,0x682AEF,0x7C,0x280C57,0x280600,0x682AEC,0xFFFFD8EF,0x86E14,0x86620,0x280400,0x8669C,0x84780,0x70,0x27FAD0,0x682AEF,1,"70",0x0,0x280400,"SHELL_PARAM_GWYBLINK_PARSED","mem_read_hook"
0,31,0xAC434,0x8C6CC,cfunction.ext,0x280C54,0x682AF0,0x7B,0x280C58,0x280600,0x682AEC,0xFFFFD8EF,0x86E14,0x86620,0x280400,0x8669C,0x84780,0x70,0x27FAD0,0x682AF0,1,"74",0x0,0x280400,"SHELL_PARAM_GWYBLINK_PARSED","mem_read_hook"
0,32,0xAC434,0x8C6CC,cfunction.ext,0x280C54,0x682AF1,0x7A,0x280C59,0x280600,0x682AEC,0xFFFFD8EF,0x86E14,0x86620,0x280400,0x8669C,0x84780,0x74,0x27FAD0,0x682AF1,1,"79",0x0,0x280400,"SHELL_PARAM_GWYBLINK_PARSED","mem_read_hook"
0,33,0xAC434,0x8C6CC,cfunction.ext,0x280C54,0x682AF2,0x79,0x280C5A,0x280600,0x682AEC,0xFFFFD8EF,0x86E14,0x86620,0x280400,0x8669C,0x84780,0x79,0x27FAD0,0x682AF2,1,"70",0x0,0x280400,"SHELL_PARAM_GWYBLINK_PARSED","mem_read_hook"
0,34,0xAC434,0x8C6CC,cfunction.ext,0x280C54,0x682AF3,0x78,0x280C5B,0x280600,0x682AEC,0xFFFFD8EF,0x86E14,0x86620,0x280400,0x8669C,0x84780,0x70,0x27FAD0,0x682AF3,1,"65",0x0,0x280400,"SHELL_PARAM_GWYBLINK_PARSED","mem_read_hook"
0,35,0xAC434,0x8C6CC,cfunction.ext,0x280C54,0x682AF4,0x77,0x280C5C,0x280600,0x682AEC,0xFFFFD8EF,0x86E14,0x86620,0x280400,0x8669C,0x84780,0x65,0x27FAD0,0x682AF4,1,"3D",0x0,0x280400,"SHELL_PARAM_GWYBLINK_PARSED","mem_read_hook"
0,36,0xAC434,0x8C6CC,cfunction.ext,0x280C54,0x682AF5,0x76,0x280C5D,0x280600,0x682AEC,0xFFFFD8EF,0x86E14,0x86620,0x280400,0x8669C,0x84780,0x3D,0x27FAD0,0x682AF5,1,"31",0x0,0x280400,"SHELL_PARAM_GWYBLINK_PARSED","mem_read_hook"
0,37,0xAC434,0x8C6CC,cfunction.ext,0x280C54,0x682AF6,0x75,0x280C5E,0x280600,0x682AEC,0xFFFFD8EF,0x86E14,0x86620,0x280400,0x8669C,0x84780,0x31,0x27FAD0,0x682AF6,1,"32",0x0,0x280400,"SHELL_PARAM_GWYBLINK_PARSED","mem_read_hook"
0,38,0xAC434,0x8C6CC,cfunction.ext,0x280C54,0x682AF7,0x74,0x280C5F,0x280600,0x682AEC,0xFFFFD8EF,0x86E14,0x86620,0x280400,0x8669C,0x84780,0x32,0x27FAD0,0x682AF7,1,"5F",0x0,0x280400,"SHELL_PARAM_GWYBLINK_PARSED","mem_read_hook"
0,39,0xAC434,0x8C6CC,cfunction.ext,0x280C54,0x682AF8,0x73,0x280C60,0x280600,0x682AEC,0xFFFFD8EF,0x86E14,0x86620,0x280400,0x8669C,0x84780,0x5F,0x27FAD0,0x682AF8,1,"6E",0x0,0x280400,"SHELL_PARAM_GWYBLINK_PARSED","mem_read_hook"
0,40,0xAC434,0x8C6CC,cfunction.ext,0x280C54,0x682AF9,0x72,0x280C61,0x280600,0x682AEC,0xFFFFD8EF,0x86E14,0x86620,0x280400,0x8669C,0x84780,0x6E,0x27FAD0,0x682AF9,1,"65",0x0,0x280400,"SHELL_PARAM_GWYBLINK_PARSED","mem_read_hook"
0,41,0xAC434,0x8C6CC,cfunction.ext,0x280C54,0x682AFA,0x71,0x280C62,0x280600,0x682AEC,0xFFFFD8EF,0x86E14,0x86620,0x280400,0x8669C,0x84780,0x65,0x27FAD0,0x682AFA,1,"78",0x0,0x280400,"SHELL_PARAM_GWYBLINK_PARSED","mem_read_hook"
0,42,0xAC434,0x8C6CC,cfunction.ext,0x280C54,0x682AFB,0x70,0x280C63,0x280600,0x682AEC,0xFFFFD8EF,0x86E14,0x86620,0x280400,0x8669C,0x84780,0x78,0x27FAD0,0x682AFB,1,"74",0x0,0x280400,"SHELL_PARAM_GWYBLINK_PARSED","mem_read_hook"
0,43,0xAC434,0x8C6CC,cfunction.ext,0x280C54,0x682AFC,0x6F,0x280C64,0x280600,0x682AEC,0xFFFFD8EF,0x86E14,0x86620,0x280400,0x8669C,0x84780,0x74,0x27FAD0,0x682AFC,1,"69",0x0,0x280400,"SHELL_PARAM_GWYBLINK_PARSED","mem_read_hook"
0,44,0xAC434,0x8C6CC,cfunction.ext,0x280C54,0x682AFD,0x6E,0x280C65,0x280600,0x682AEC,0xFFFFD8EF,0x86E14,0x86620,0x280400,0x8669C,0x84780,0x69,0x27FAD0,0x682AFD,1,"64",0x0,0x280400,"SHELL_PARAM_GWYBLINK_PARSED","mem_read_hook"
0,45,0xAC434,0x8C6CC,cfunction.ext,0x280C54,0x682AFE,0x6D,0x280C66,0x280600,0x682AEC,0xFFFFD8EF,0x86E14,0x86620,0x280400,0x8669C,0x84780,0x64,0x27FAD0,0x682AFE,1,"3D",0x0,0x280400,"SHELL_PARAM_GWYBLINK_PARSED","mem_read_hook"
0,46,0xAC434,0x8C6CC,cfunction.ext,0x280C54,0x682AFF,0x6C,0x280C67,0x280600,0x682AEC,0xFFFFD8EF,0x86E14,0x86620,0x280400,0x8669C,0x84780,0x3D,0x27FAD0,0x682AFF,1,"34",0x0,0x280400,"SHELL_PARAM_GWYBLINK_PARSED","mem_read_hook"
0,47,0xAC434,0x8C6CC,cfunction.ext,0x280C54,0x682B00,0x6B,0x280C68,0x280600,0x682AEC,0xFFFFD8EF,0x86E14,0x86620,0x280400,0x8669C,0x84780,0x34,0x27FAD0,0x682B00,1,"38",0x0,0x280400,"SHELL_PARAM_GWYBLINK_PARSED","mem_read_hook"
0,48,0xAC434,0x8C6CC,cfunction.ext,0x280C54,0x682B01,0x6A,0x280C69,0x280600,0x682AEC,0xFFFFD8EF,0x86E14,0x86620,0x280400,0x8669C,0x84780,0x38,0x27FAD0,0x682B01,1,"32",0x0,0x280400,"SHELL_PARAM_GWYBLINK_PARSED","mem_read_hook"
0,49,0xAC434,0x8C6CC,cfunction.ext,0x280C54,0x682B02,0x69,0x280C6A,0x280600,0x682AEC,0xFFFFD8EF,0x86E14,0x86620,0x280400,0x8669C,0x84780,0x32,0x27FAD0,0x682B02,1,"5F",0x0,0x280400,"SHELL_PARAM_GWYBLINK_PARSED","mem_read_hook"
0,50,0xAC434,0x8C6CC,cfunction.ext,0x280C54,0x682B03,0x68,0x280C6B,0x280600,0x682AEC,0xFFFFD8EF,0x86E14,0x86620,0x280400,0x8669C,0x84780,0x5F,0x27FAD0,0x682B03,1,"6E",0x0,0x280400,"SHELL_PARAM_GWYBLINK_PARSED","mem_read_hook"
0,51,0xAC434,0x8C6CC,cfunction.ext,0x280C54,0x682B04,0x67,0x280C6C,0x280600,0x682AEC,0xFFFFD8EF,0x86E14,0x86620,0x280400,0x8669C,0x84780,0x6E,0x27FAD0,0x682B04,1,"63",0x0,0x280400,"SHELL_PARAM_GWYBLINK_PARSED","mem_read_hook"
0,52,0xAC434,0x8C6CC,cfunction.ext,0x280C54,0x682B05,0x66,0x280C6D,0x280600,0x682AEC,0xFFFFD8EF,0x86E14,0x86620,0x280400,0x8669C,0x84780,0x63,0x27FAD0,0x682B05,1,"6F",0x0,0x280400,"SHELL_PARAM_GWYBLINK_PARSED","mem_read_hook"
0,53,0xAC434,0x8C6CC,cfunction.ext,0x280C54,0x682B06,0x65,0x280C6E,0x280600,0x682AEC,0xFFFFD8EF,0x86E14,0x86620,0x280400,0x8669C,0x84780,0x6F,0x27FAD0,0x682B06,1,"64",0x0,0x280400,"SHELL_PARAM_GWYBLINK_PARSED","mem_read_hook"
0,54,0xAC434,0x8C6CC,cfunction.ext,0x280C54,0x682B07,0x64,0x280C6F,0x280600,0x682AEC,0xFFFFD8EF,0x86E14,0x86620,0x280400,0x8669C,0x84780,0x64,0x27FAD0,0x682B07,1,"65",0x0,0x280400,"SHELL_PARAM_GWYBLINK_PARSED","mem_read_hook"
0,55,0xAC434,0x8C6CC,cfunction.ext,0x280C54,0x682B08,0x63,0x280C70,0x280600,0x682AEC,0xFFFFD8EF,0x86E14,0x86620,0x280400,0x8669C,0x84780,0x65,0x27FAD0,0x682B08,1,"3D",0x0,0x280400,"SHELL_PARAM_GWYBLINK_PARSED","mem_read_hook"
0,56,0xAC434,0x8C6CC,cfunction.ext,0x280C54,0x682B09,0x62,0x280C71,0x280600,0x682AEC,0xFFFFD8EF,0x86E14,0x86620,0x280400,0x8669C,0x84780,0x3D,0x27FAD0,0x682B09,1,"35",0x0,0x280400,"SHELL_PARAM_GWYBLINK_PARSED","mem_read_hook"
0,57,0xAC434,0x8C6CC,cfunction.ext,0x280C54,0x682B0A,0x61,0x280C72,0x280600,0x682AEC,0xFFFFD8EF,0x86E14,0x86620,0x280400,0x8669C,0x84780,0x35,0x27FAD0,0x682B0A,1,"31",0x0,0x280400,"SHELL_PARAM_GWYBLINK_PARSED","mem_read_hook"
0,58,0xAC434,0x8C6CC,cfunction.ext,0x280C54,0x682B0B,0x60,0x280C73,0x280600,0x682AEC,0xFFFFD8EF,0x86E14,0x86620,0x280400,0x8669C,0x84780,0x31,0x27FAD0,0x682B0B,1,"32",0x0,0x280400,"SHELL_PARAM_GWYBLINK_PARSED","mem_read_hook"
0,59,0xAC434,0x8C6CC,cfunction.ext,0x280C54,0x682B0C,0x5F,0x280C74,0x280600,0x682AEC,0xFFFFD8EF,0x86E14,0x86620,0x280400,0x8669C,0x84780,0x32,0x27FAD0,0x682B0C,1,"5F",0x0,0x280400,"SHELL_PARAM_GWYBLINK_PARSED","mem_read_hook"
0,60,0xAC434,0x8C6CC,cfunction.ext,0x280C54,0x682B0D,0x5E,0x280C75,0x280600,0x682AEC,0xFFFFD8EF,0x86E14,0x86620,0x280400,0x8669C,0x84780,0x5F,0x27FAD0,0x682B0D,1,"6E",0x0,0x280400,"SHELL_PARAM_GWYBLINK_PARSED","mem_read_hook"
0,61,0xAC434,0x8C6CC,cfunction.ext,0x280C54,0x682B0E,0x5D,0x280C76,0x280600,0x682AEC,0xFFFFD8EF,0x86E14,0x86620,0x280400,0x8669C,0x84780,0x6E,0x27FAD0,0x682B0E,1,"61",0x0,0x280400,"SHELL_PARAM_GWYBLINK_PARSED","mem_read_hook"
0,62,0xAC434,0x8C6CC,cfunction.ext,0x280C54,0x682B0F,0x5C,0x280C77,0x280600,0x682AEC,0xFFFFD8EF,0x86E14,0x86620,0x280400,0x8669C,0x84780,0x61,0x27FAD0,0x682B0F,1,"72",0x0,0x280400,"SHELL_PARAM_GWYBLINK_PARSED","mem_read_hook"
0,63,0xAC434,0x8C6CC,cfunction.ext,0x280C54,0x682B10,0x5B,0x280C78,0x280600,0x682AEC,0xFFFFD8EF,0x86E14,0x86620,0x280400,0x8669C,0x84780,0x72,0x27FAD0,0x682B10,1,"67",0x0,0x280400,"SHELL_PARAM_GWYBLINK_PARSED","mem_read_hook"
0,64,0xAC434,0x8C6CC,cfunction.ext,0x280C54,0x682B11,0x5A,0x280C79,0x280600,0x682AEC,0xFFFFD8EF,0x86E14,0x86620,0x280400,0x8669C,0x84780,0x67,0x27FAD0,0x682B11,1,"3D",0x0,0x280400,"SHELL_PARAM_GWYBLINK_PARSED","mem_read_hook"
0,65,0xAC434,0x8C6CC,cfunction.ext,0x280C54,0x682B12,0x59,0x280C7A,0x280600,0x682AEC,0xFFFFD8EF,0x86E14,0x86620,0x280400,0x8669C,0x84780,0x3D,0x27FAD0,0x682B12,1,"30",0x0,0x280400,"SHELL_PARAM_GWYBLINK_PARSED","mem_read_hook"
0,66,0xAC434,0x8C6CC,cfunction.ext,0x280C54,0x682B13,0x58,0x280C7B,0x280600,0x682AEC,0xFFFFD8EF,0x86E14,0x86620,0x280400,0x8669C,0x84780,0x30,0x27FAD0,0x682B13,1,"5F",0x0,0x280400,"SHELL_PARAM_GWYBLINK_PARSED","mem_read_hook"
0,67,0xAC434,0x8C6CC,cfunction.ext,0x280C54,0x682B14,0x57,0x280C7C,0x280600,0x682AEC,0xFFFFD8EF,0x86E14,0x86620,0x280400,0x8669C,0x84780,0x5F,0x27FAD0,0x682B14,1,"6E",0x0,0x280400,"SHELL_PARAM_GWYBLINK_PARSED","mem_read_hook"
0,68,0xAC434,0x8C6CC,cfunction.ext,0x280C54,0x682B15,0x56,0x280C7D,0x280600,0x682AEC,0xFFFFD8EF,0x86E14,0x86620,0x280400,0x8669C,0x84780,0x6E,0x27FAD0,0x682B15,1,"61",0x0,0x280400,"SHELL_PARAM_GWYBLINK_PARSED","mem_read_hook"
0,69,0xAC434,0x8C6CC,cfunction.ext,0x280C54,0x682B16,0x55,0x280C7E,0x280600,0x682AEC,0xFFFFD8EF,0x86E14,0x86620,0x280400,0x8669C,0x84780,0x61,0x27FAD0,0x682B16,1,"72",0x0,0x280400,"SHELL_PARAM_GWYBLINK_PARSED","mem_read_hook"
0,70,0xAC434,0x8C6CC,cfunction.ext,0x280C54,0x682B17,0x54,0x280C7F,0x280600,0x682AEC,0xFFFFD8EF,0x86E14,0x86620,0x280400,0x8669C,0x84780,0x72,0x27FAD0,0x682B17,1,"67",0x0,0x280400,"SHELL_PARAM_GWYBLINK_PARSED","mem_read_hook"
0,71,0xAC434,0x8C6CC,cfunction.ext,0x280C54,0x682B18,0x53,0x280C80,0x280600,0x682AEC,0xFFFFD8EF,0x86E14,0x86620,0x280400,0x8669C,0x84780,0x67,0x27FAD0,0x682B18,1,"31",0x0,0x280400,"SHELL_PARAM_GWYBLINK_PARSED","mem_read_hook"
0,72,0xAC434,0x8C6CC,cfunction.ext,0x280C54,0x682B19,0x52,0x280C81,0x280600,0x682AEC,0xFFFFD8EF,0x86E14,0x86620,0x280400,0x8669C,0x84780,0x31,0x27FAD0,0x682B19,1,"3D",0x0,0x280400,"SHELL_PARAM_GWYBLINK_PARSED","mem_read_hook"
0,73,0xAC434,0x8C6CC,cfunction.ext,0x280C54,0x682B1A,0x51,0x280C82,0x280600,0x682AEC,0xFFFFD8EF,0x86E14,0x86620,0x280400,0x8669C,0x84780,0x3D,0x27FAD0,0x682B1A,1,"31",0x0,0x280400,"SHELL_PARAM_GWYBLINK_PARSED","mem_read_hook"
0,74,0xAC434,0x8C6CC,cfunction.ext,0x280C54,0x682B1B,0x50,0x280C83,0x280600,0x682AEC,0xFFFFD8EF,0x86E14,0x86620,0x280400,0x8669C,0x84780,0x31,0x27FAD0,0x682B1B,1,"5F",0x0,0x280400,"SHELL_PARAM_GWYBLINK_PARSED","mem_read_hook"
0,75,0xAC434,0x8C6CC,cfunction.ext,0x280C54,0x682B1C,0x4F,0x280C84,0x280600,0x682AEC,0xFFFFD8EF,0x86E14,0x86620,0x280400,0x8669C,0x84780,0x5F,0x27FAD0,0x682B1C,1,"6E",0x0,0x280400,"SHELL_PARAM_GWYBLINK_PARSED","mem_read_hook"
0,76,0xAC434,0x8C6CC,cfunction.ext,0x280C54,0x682B1D,0x4E,0x280C85,0x280600,0x682AEC,0xFFFFD8EF,0x86E14,0x86620,0x280400,0x8669C,0x84780,0x6E,0x27FAD0,0x682B1D,1,"6D",0x0,0x280400,"SHELL_PARAM_GWYBLINK_PARSED","mem_read_hook"
0,77,0xAC434,0x8C6CC,cfunction.ext,0x280C54,0x682B1E,0x4D,0x280C86,0x280600,0x682AEC,0xFFFFD8EF,0x86E14,0x86620,0x280400,0x8669C,0x84780,0x6D,0x27FAD0,0x682B1E,1,"72",0x0,0x280400,"SHELL_PARAM_GWYBLINK_PARSED","mem_read_hook"
0,78,0xAC434,0x8C6CC,cfunction.ext,0x280C54,0x682B1F,0x4C,0x280C87,0x280600,0x682AEC,0xFFFFD8EF,0x86E14,0x86620,0x280400,0x8669C,0x84780,0x72,0x27FAD0,0x682B1F,1,"70",0x0,0x280400,"SHELL_PARAM_GWYBLINK_PARSED","mem_read_hook"
0,79,0xAC434,0x8C6CC,cfunction.ext,0x280C54,0x682B20,0x4B,0x280C88,0x280600,0x682AEC,0xFFFFD8EF,0x86E14,0x86620,0x280400,0x8669C,0x84780,0x70,0x27FAD0,0x682B20,1,"6E",0x0,0x280400,"SHELL_PARAM_GWYBLINK_PARSED","mem_read_hook"
0,80,0xAC434,0x8C6CC,cfunction.ext,0x280C54,0x682B21,0x4A,0x280C89,0x280600,0x682AEC,0xFFFFD8EF,0x86E14,0x86620,0x280400,0x8669C,0x84780,0x6E,0x27FAD0,0x682B21,1,"61",0x0,0x280400,"SHELL_PARAM_GWYBLINK_PARSED","mem_read_hook"
0,81,0xAC434,0x8C6CC,cfunction.ext,0x280C54,0x682B22,0x49,0x280C8A,0x280600,0x682AEC,0xFFFFD8EF,0x86E14,0x86620,0x280400,0x8669C,0x84780,0x61,0x27FAD0,0x682B22,1,"6D",0x0,0x280400,"SHELL_PARAM_GWYBLINK_PARSED","mem_read_hook"
0,82,0xAC434,0x8C6CC,cfunction.ext,0x280C54,0x682B23,0x48,0x280C8B,0x280600,0x682AEC,0xFFFFD8EF,0x86E14,0x86620,0x280400,0x8669C,0x84780,0x6D,0x27FAD0,0x682B23,1,"65",0x0,0x280400,"SHELL_PARAM_GWYBLINK_PARSED","mem_read_hook"
0,83,0xAC434,0x8C6CC,cfunction.ext,0x280C54,0x682B24,0x47,0x280C8C,0x280600,0x682AEC,0xFFFFD8EF,0x86E14,0x86620,0x280400,0x8669C,0x84780,0x65,0x27FAD0,0x682B24,1,"3D",0x0,0x280400,"SHELL_PARAM_GWYBLINK_PARSED","mem_read_hook"
0,84,0xAC434,0x8C6CC,cfunction.ext,0x280C54,0x682B25,0x46,0x280C8D,0x280600,0x682AEC,0xFFFFD8EF,0x86E14,0x86620,0x280400,0x8669C,0x84780,0x3D,0x27FAD0,0x682B25,1,"67",0x0,0x280400,"SHELL_PARAM_GWYBLINK_PARSED","mem_read_hook"
0,85,0xAC434,0x8C6CC,cfunction.ext,0x280C54,0x682B26,0x45,0x280C8E,0x280600,0x682AEC,0xFFFFD8EF,0x86E14,0x86620,0x280400,0x8669C,0x84780,0x67,0x27FAD0,0x682B26,1,"77",0x0,0x280400,"SHELL_PARAM_GWYBLINK_PARSED","mem_read_hook"
0,86,0xAC434,0x8C6CC,cfunction.ext,0x280C54,0x682B27,0x44,0x280C8F,0x280600,0x682AEC,0xFFFFD8EF,0x86E14,0x86620,0x280400,0x8669C,0x84780,0x77,0x27FAD0,0x682B27,1,"79",0x0,0x280400,"SHELL_PARAM_GWYBLINK_PARSED","mem_read_hook"
0,87,0xAC434,0x8C6CC,cfunction.ext,0x280C54,0x682B28,0x43,0x280C90,0x280600,0x682AEC,0xFFFFD8EF,0x86E14,0x86620,0x280400,0x8669C,0x84780,0x79,0x27FAD0,0x682B28,1,"2F",0x0,0x280400,"SHELL_PARAM_GWYBLINK_PARSED","mem_read_hook"
0,88,0xAC434,0x8C6CC,cfunction.ext,0x280C54,0x682B29,0x42,0x280C91,0x280600,0x682AEC,0xFFFFD8EF,0x86E14,0x86620,0x280400,0x8669C,0x84780,0x2F,0x27FAD0,0x682B29,1,"6A",0x0,0x280400,"SHELL_PARAM_GWYBLINK_PARSED","mem_read_hook"
0,89,0xAC434,0x8C6CC,cfunction.ext,0x280C54,0x682B2A,0x41,0x280C92,0x280600,0x682AEC,0xFFFFD8EF,0x86E14,0x86620,0x280400,0x8669C,0x84780,0x6A,0x27FAD0,0x682B2A,1,"6A",0x0,0x280400,"SHELL_PARAM_GWYBLINK_PARSED","mem_read_hook"
0,90,0xAC434,0x8C6CC,cfunction.ext,0x280C54,0x682B2B,0x40,0x280C93,0x280600,0x682AEC,0xFFFFD8EF,0x86E14,0x86620,0x280400,0x8669C,0x84780,0x6A,0x27FAD0,0x682B2B,1,"66",0x0,0x280400,"SHELL_PARAM_GWYBLINK_PARSED","mem_read_hook"
0,91,0xAC434,0x8C6CC,cfunction.ext,0x280C54,0x682B2C,0x3F,0x280C94,0x280600,0x682AEC,0xFFFFD8EF,0x86E14,0x86620,0x280400,0x8669C,0x84780,0x66,0x27FAD0,0x682B2C,1,"62",0x0,0x280400,"SHELL_PARAM_GWYBLINK_PARSED","mem_read_hook"
0,92,0xAC434,0x8C6CC,cfunction.ext,0x280C54,0x682B2D,0x3E,0x280C95,0x280600,0x682AEC,0xFFFFD8EF,0x86E14,0x86620,0x280400,0x8669C,0x84780,0x62,0x27FAD0,0x682B2D,1,"2E",0x0,0x280400,"SHELL_PARAM_GWYBLINK_PARSED","mem_read_hook"
0,93,0xAC434,0x8C6CC,cfunction.ext,0x280C54,0x682B2E,0x3D,0x280C96,0x280600,0x682AEC,0xFFFFD8EF,0x86E14,0x86620,0x280400,0x8669C,0x84780,0x2E,0x27FAD0,0x682B2E,1,"6D",0x0,0x280400,"SHELL_PARAM_GWYBLINK_PARSED","mem_read_hook"
0,94,0xAC434,0x8C6CC,cfunction.ext,0x280C54,0x682B2F,0x3C,0x280C97,0x280600,0x682AEC,0xFFFFD8EF,0x86E14,0x86620,0x280400,0x8669C,0x84780,0x6D,0x27FAD0,0x682B2F,1,"72",0x0,0x280400,"SHELL_PARAM_GWYBLINK_PARSED","mem_read_hook"
0,95,0xAC434,0x8C6CC,cfunction.ext,0x280C54,0x682B30,0x3B,0x280C98,0x280600,0x682AEC,0xFFFFD8EF,0x86E14,0x86620,0x280400,0x8669C,0x84780,0x72,0x27FAD0,0x682B30,1,"70",0x0,0x280400,"SHELL_PARAM_GWYBLINK_PARSED","mem_read_hook"
0,96,0xAC434,0x8C6CC,cfunction.ext,0x280C54,0x682B31,0x3A,0x280C99,0x280600,0x682AEC,0xFFFFD8EF,0x86E14,0x86620,0x280400,0x8669C,0x84780,0x70,0x27FAD0,0x682B31,1,"5F",0x0,0x280400,"SHELL_PARAM_GWYBLINK_PARSED","mem_read_hook"
0,97,0xAC434,0x8C6CC,cfunction.ext,0x280C54,0x682B32,0x39,0x280C9A,0x280600,0x682AEC,0xFFFFD8EF,0x86E14,0x86620,0x280400,0x8669C,0x84780,0x5F,0x27FAD0,0x682B32,1,"67",0x0,0x280400,"SHELL_PARAM_GWYBLINK_PARSED","mem_read_hook"
0,98,0xAC434,0x8C6CC,cfunction.ext,0x280C54,0x682B33,0x38,0x280C9B,0x280600,0x682AEC,0xFFFFD8EF,0x86E14,0x86620,0x280400,0x8669C,0x84780,0x67,0x27FAD0,0x682B33,1,"77",0x0,0x280400,"SHELL_PARAM_GWYBLINK_PARSED","mem_read_hook"
0,99,0xAC434,0x8C6CC,cfunction.ext,0x280C54,0x682B34,0x37,0x280C9C,0x280600,0x682AEC,0xFFFFD8EF,0x86E14,0x86620,0x280400,0x8669C,0x84780,0x77,0x27FAD0,0x682B34,1,"79",0x0,0x280400,"SHELL_PARAM_GWYBLINK_PARSED","mem_read_hook"
0,100,0xAC434,0x8C6CC,cfunction.ext,0x280C54,0x682B35,0x36,0x280C9D,0x280600,0x682AEC,0xFFFFD8EF,0x86E14,0x86620,0x280400,0x8669C,0x84780,0x79,0x27FAD0,0x682B35,1,"62",0x0,0x280400,"SHELL_PARAM_GWYBLINK_PARSED","mem_read_hook"
0,101,0xAC434,0x8C6CC,cfunction.ext,0x280C54,0x682B36,0x35,0x280C9E,0x280600,0x682AEC,0xFFFFD8EF,0x86E14,0x86620,0x280400,0x8669C,0x84780,0x62,0x27FAD0,0x682B36,1,"6C",0x0,0x280400,"SHELL_PARAM_GWYBLINK_PARSED","mem_read_hook"
0,102,0xAC434,0x8C6CC,cfunction.ext,0x280C54,0x682B37,0x34,0x280C9F,0x280600,0x682AEC,0xFFFFD8EF,0x86E14,0x86620,0x280400,0x8669C,0x84780,0x6C,0x27FAD0,0x682B37,1,"69",0x0,0x280400,"SHELL_PARAM_GWYBLINK_PARSED","mem_read_hook"
0,103,0xAC434,0x8C6CC,cfunction.ext,0x280C54,0x682B38,0x33,0x280CA0,0x280600,0x682AEC,0xFFFFD8EF,0x86E14,0x86620,0x280400,0x8669C,0x84780,0x69,0x27FAD0,0x682B38,1,"6E",0x0,0x280400,"SHELL_PARAM_GWYBLINK_PARSED","mem_read_hook"
0,104,0xAC434,0x8C6CC,cfunction.ext,0x280C54,0x682B39,0x32,0x280CA1,0x280600,0x682AEC,0xFFFFD8EF,0x86E14,0x86620,0x280400,0x8669C,0x84780,0x6E,0x27FAD0,0x682B39,1,"6B",0x0,0x280400,"SHELL_PARAM_GWYBLINK_PARSED","mem_read_hook"
0,105,0xAC434,0x8C6CC,cfunction.ext,0x280C54,0x682B3A,0x31,0x280CA2,0x280600,0x682AEC,0xFFFFD8EF,0x86E14,0x86620,0x280400,0x8669C,0x84780,0x6B,0x27FAD0,0x682B3A,1,"00",0x0,0x280400,"SHELL_PARAM_GWYBLINK_PARSED","mem_read_hook"
0,106,0xAC434,0x8C6CC,cfunction.ext,0x280C54,0x682B3A,0x30,0x280CA3,0x280600,0x682AEC,0xFFFFD8EF,0x86E14,0x86620,0x280400,0x8669C,0x84780,0x0,0x27FAD0,0x682B3A,1,"00",0x0,0x280400,"SHELL_PARAM_GWYBLINK_PARSED","mem_read_hook"
0,107,0xAC434,0x8C6CC,cfunction.ext,0x280C54,0x682B3A,0x2F,0x280CA4,0x280600,0x682AEC,0xFFFFD8EF,0x86E14,0x86620,0x280400,0x8669C,0x84780,0x0,0x27FAD0,0x682B3A,1,"00",0x0,0x280400,"SHELL_PARAM_GWYBLINK_PARSED","mem_read_hook"
0,108,0xAC434,0x8C6CC,cfunction.ext,0x280C54,0x682B3A,0x2E,0x280CA5,0x280600,0x682AEC,0xFFFFD8EF,0x86E14,0x86620,0x280400,0x8669C,0x84780,0x0,0x27FAD0,0x682B3A,1,"00",0x0,0x280400,"SHELL_PARAM_GWYBLINK_PARSED","mem_read_hook"
0,109,0xAC434,0x8C6CC,cfunction.ext,0x280C54,0x682B3A,0x2D,0x280CA6,0x280600,0x682AEC,0xFFFFD8EF,0x86E14,0x86620,0x280400,0x8669C,0x84780,0x0,0x27FAD0,0x682B3A,1,"00",0x0,0x280400,"SHELL_PARAM_GWYBLINK_PARSED","mem_read_hook"
0,110,0xAC434,0x8C6CC,cfunction.ext,0x280C54,0x682B3A,0x2C,0x280CA7,0x280600,0x682AEC,0xFFFFD8EF,0x86E14,0x86620,0x280400,0x8669C,0x84780,0x0,0x27FAD0,0x682B3A,1,"00",0x0,0x280400,"SHELL_PARAM_GWYBLINK_PARSED","mem_read_hook"
0,111,0xAC434,0x8C6CC,cfunction.ext,0x280C54,0x682B3A,0x2B,0x280CA8,0x280600,0x682AEC,0xFFFFD8EF,0x86E14,0x86620,0x280400,0x8669C,0x84780,0x0,0x27FAD0,0x682B3A,1,"00",0x0,0x280400,"SHELL_PARAM_GWYBLINK_PARSED","mem_read_hook"
0,112,0xAC434,0x8C6CC,cfunction.ext,0x280C54,0x682B3A,0x2A,0x280CA9,0x280600,0x682AEC,0xFFFFD8EF,0x86E14,0x86620,0x280400,0x8669C,0x84780,0x0,0x27FAD0,0x682B3A,1,"00",0x0,0x280400,"SHELL_PARAM_GWYBLINK_PARSED","mem_read_hook"
0,113,0xAC434,0x8C6CC,cfunction.ext,0x280C54,0x682B3A,0x29,0x280CAA,0x280600,0x682AEC,0xFFFFD8EF,0x86E14,0x86620,0x280400,0x8669C,0x84780,0x0,0x27FAD0,0x682B3A,1,"00",0x0,0x280400,"SHELL_PARAM_GWYBLINK_PARSED","mem_read_hook"
0,114,0xAC434,0x8C6CC,cfunction.ext,0x280C54,0x682B3A,0x28,0x280CAB,0x280600,0x682AEC,0xFFFFD8EF,0x86E14,0x86620,0x280400,0x8669C,0x84780,0x0,0x27FAD0,0x682B3A,1,"00",0x0,0x280400,"SHELL_PARAM_GWYBLINK_PARSED","mem_read_hook"
0,115,0xAC434,0x8C6CC,cfunction.ext,0x280C54,0x682B3A,0x27,0x280CAC,0x280600,0x682AEC,0xFFFFD8EF,0x86E14,0x86620,0x280400,0x8669C,0x84780,0x0,0x27FAD0,0x682B3A,1,"00",0x0,0x280400,"SHELL_PARAM_GWYBLINK_PARSED","mem_read_hook"
0,116,0xAC434,0x8C6CC,cfunction.ext,0x280C54,0x682B3A,0x26,0x280CAD,0x280600,0x682AEC,0xFFFFD8EF,0x86E14,0x86620,0x280400,0x8669C,0x84780,0x0,0x27FAD0,0x682B3A,1,"00",0x0,0x280400,"SHELL_PARAM_GWYBLINK_PARSED","mem_read_hook"
0,117,0xAC434,0x8C6CC,cfunction.ext,0x280C54,0x682B3A,0x25,0x280CAE,0x280600,0x682AEC,0xFFFFD8EF,0x86E14,0x86620,0x280400,0x8669C,0x84780,0x0,0x27FAD0,0x682B3A,1,"00",0x0,0x280400,"SHELL_PARAM_GWYBLINK_PARSED","mem_read_hook"
0,118,0xAC434,0x8C6CC,cfunction.ext,0x280C54,0x682B3A,0x24,0x280CAF,0x280600,0x682AEC,0xFFFFD8EF,0x86E14,0x86620,0x280400,0x8669C,0x84780,0x0,0x27FAD0,0x682B3A,1,"00",0x0,0x280400,"SHELL_PARAM_GWYBLINK_PARSED","mem_read_hook"
0,119,0xAC434,0x8C6CC,cfunction.ext,0x280C54,0x682B3A,0x23,0x280CB0,0x280600,0x682AEC,0xFFFFD8EF,0x86E14,0x86620,0x280400,0x8669C,0x84780,0x0,0x27FAD0,0x682B3A,1,"00",0x0,0x280400,"SHELL_PARAM_GWYBLINK_PARSED","mem_read_hook"
0,120,0xAC434,0x8C6CC,cfunction.ext,0x280C54,0x682B3A,0x22,0x280CB1,0x280600,0x682AEC,0xFFFFD8EF,0x86E14,0x86620,0x280400,0x8669C,0x84780,0x0,0x27FAD0,0x682B3A,1,"00",0x0,0x280400,"SHELL_PARAM_GWYBLINK_PARSED","mem_read_hook"
0,121,0xAC434,0x8C6CC,cfunction.ext,0x280C54,0x682B3A,0x21,0x280CB2,0x280600,0x682AEC,0xFFFFD8EF,0x86E14,0x86620,0x280400,0x8669C,0x84780,0x0,0x27FAD0,0x682B3A,1,"00",0x0,0x280400,"SHELL_PARAM_GWYBLINK_PARSED","mem_read_hook"
0,122,0xAC434,0x8C6CC,cfunction.ext,0x280C54,0x682B3A,0x20,0x280CB3,0x280600,0x682AEC,0xFFFFD8EF,0x86E14,0x86620,0x280400,0x8669C,0x84780,0x0,0x27FAD0,0x682B3A,1,"00",0x0,0x280400,"SHELL_PARAM_GWYBLINK_PARSED","mem_read_hook"
0,123,0xAC434,0x8C6CC,cfunction.ext,0x280C54,0x682B3A,0x1F,0x280CB4,0x280600,0x682AEC,0xFFFFD8EF,0x86E14,0x86620,0x280400,0x8669C,0x84780,0x0,0x27FAD0,0x682B3A,1,"00",0x0,0x280400,"SHELL_PARAM_GWYBLINK_PARSED","mem_read_hook"
0,124,0xAC434,0x8C6CC,cfunction.ext,0x280C54,0x682B3A,0x1E,0x280CB5,0x280600,0x682AEC,0xFFFFD8EF,0x86E14,0x86620,0x280400,0x8669C,0x84780,0x0,0x27FAD0,0x682B3A,1,"00",0x0,0x280400,"SHELL_PARAM_GWYBLINK_PARSED","mem_read_hook"
0,125,0xAC434,0x8C6CC,cfunction.ext,0x280C54,0x682B3A,0x1D,0x280CB6,0x280600,0x682AEC,0xFFFFD8EF,0x86E14,0x86620,0x280400,0x8669C,0x84780,0x0,0x27FAD0,0x682B3A,1,"00",0x0,0x280400,"SHELL_PARAM_GWYBLINK_PARSED","mem_read_hook"
0,126,0xAC434,0x8C6CC,cfunction.ext,0x280C54,0x682B3A,0x1C,0x280CB7,0x280600,0x682AEC,0xFFFFD8EF,0x86E14,0x86620,0x280400,0x8669C,0x84780,0x0,0x27FAD0,0x682B3A,1,"00",0x0,0x280400,"SHELL_PARAM_GWYBLINK_PARSED","mem_read_hook"
0,127,0xAC434,0x8C6CC,cfunction.ext,0x280C54,0x682B3A,0x1B,0x280CB8,0x280600,0x682AEC,0xFFFFD8EF,0x86E14,0x86620,0x280400,0x8669C,0x84780,0x0,0x27FAD0,0x682B3A,1,"00",0x0,0x280400,"SHELL_PARAM_GWYBLINK_PARSED","mem_read_hook"
0,128,0xAC434,0x8C6CC,cfunction.ext,0x280C54,0x682B3A,0x1A,0x280CB9,0x280600,0x682AEC,0xFFFFD8EF,0x86E14,0x86620,0x280400,0x8669C,0x84780,0x0,0x27FAD0,0x682B3A,1,"00",0x0,0x280400,"SHELL_PARAM_GWYBLINK_PARSED","mem_read_hook"
0,129,0xAC434,0x8C6CC,cfunction.ext,0x280C54,0x682B3A,0x19,0x280CBA,0x280600,0x682AEC,0xFFFFD8EF,0x86E14,0x86620,0x280400,0x8669C,0x84780,0x0,0x27FAD0,0x682B3A,1,"00",0x0,0x280400,"SHELL_PARAM_GWYBLINK_PARSED","mem_read_hook"
0,130,0xAC434,0x8C6CC,cfunction.ext,0x280C54,0x682B3A,0x18,0x280CBB,0x280600,0x682AEC,0xFFFFD8EF,0x86E14,0x86620,0x280400,0x8669C,0x84780,0x0,0x27FAD0,0x682B3A,1,"00",0x0,0x280400,"SHELL_PARAM_GWYBLINK_PARSED","mem_read_hook"
0,131,0xAC434,0x8C6CC,cfunction.ext,0x280C54,0x682B3A,0x17,0x280CBC,0x280600,0x682AEC,0xFFFFD8EF,0x86E14,0x86620,0x280400,0x8669C,0x84780,0x0,0x27FAD0,0x682B3A,1,"00",0x0,0x280400,"SHELL_PARAM_GWYBLINK_PARSED","mem_read_hook"
0,132,0xAC434,0x8C6CC,cfunction.ext,0x280C54,0x682B3A,0x16,0x280CBD,0x280600,0x682AEC,0xFFFFD8EF,0x86E14,0x86620,0x280400,0x8669C,0x84780,0x0,0x27FAD0,0x682B3A,1,"00",0x0,0x280400,"SHELL_PARAM_GWYBLINK_PARSED","mem_read_hook"
0,133,0xAC434,0x8C6CC,cfunction.ext,0x280C54,0x682B3A,0x15,0x280CBE,0x280600,0x682AEC,0xFFFFD8EF,0x86E14,0x86620,0x280400,0x8669C,0x84780,0x0,0x27FAD0,0x682B3A,1,"00",0x0,0x280400,"SHELL_PARAM_GWYBLINK_PARSED","mem_read_hook"
0,134,0xAC434,0x8C6CC,cfunction.ext,0x280C54,0x682B3A,0x14,0x280CBF,0x280600,0x682AEC,0xFFFFD8EF,0x86E14,0x86620,0x280400,0x8669C,0x84780,0x0,0x27FAD0,0x682B3A,1,"00",0x0,0x280400,"SHELL_PARAM_GWYBLINK_PARSED","mem_read_hook"
0,135,0xAC434,0x8C6CC,cfunction.ext,0x280C54,0x682B3A,0x13,0x280CC0,0x280600,0x682AEC,0xFFFFD8EF,0x86E14,0x86620,0x280400,0x8669C,0x84780,0x0,0x27FAD0,0x682B3A,1,"00",0x0,0x280400,"SHELL_PARAM_GWYBLINK_PARSED","mem_read_hook"
0,136,0xAC434,0x8C6CC,cfunction.ext,0x280C54,0x682B3A,0x12,0x280CC1,0x280600,0x682AEC,0xFFFFD8EF,0x86E14,0x86620,0x280400,0x8669C,0x84780,0x0,0x27FAD0,0x682B3A,1,"00",0x0,0x280400,"SHELL_PARAM_GWYBLINK_PARSED","mem_read_hook"
0,137,0xAC434,0x8C6CC,cfunction.ext,0x280C54,0x682B3A,0x11,0x280CC2,0x280600,0x682AEC,0xFFFFD8EF,0x86E14,0x86620,0x280400,0x8669C,0x84780,0x0,0x27FAD0,0x682B3A,1,"00",0x0,0x280400,"SHELL_PARAM_GWYBLINK_PARSED","mem_read_hook"
0,138,0xAC434,0x8C6CC,cfunction.ext,0x280C54,0x682B3A,0x10,0x280CC3,0x280600,0x682AEC,0xFFFFD8EF,0x86E14,0x86620,0x280400,0x8669C,0x84780,0x0,0x27FAD0,0x682B3A,1,"00",0x0,0x280400,"SHELL_PARAM_GWYBLINK_PARSED","mem_read_hook"
0,139,0xAC434,0x8C6CC,cfunction.ext,0x280C54,0x682B3A,0xF,0x280CC4,0x280600,0x682AEC,0xFFFFD8EF,0x86E14,0x86620,0x280400,0x8669C,0x84780,0x0,0x27FAD0,0x682B3A,1,"00",0x0,0x280400,"SHELL_PARAM_GWYBLINK_PARSED","mem_read_hook"
0,140,0xAC434,0x8C6CC,cfunction.ext,0x280C54,0x682B3A,0xE,0x280CC5,0x280600,0x682AEC,0xFFFFD8EF,0x86E14,0x86620,0x280400,0x8669C,0x84780,0x0,0x27FAD0,0x682B3A,1,"00",0x0,0x280400,"SHELL_PARAM_GWYBLINK_PARSED","mem_read_hook"
0,141,0xAC434,0x8C6CC,cfunction.ext,0x280C54,0x682B3A,0xD,0x280CC6,0x280600,0x682AEC,0xFFFFD8EF,0x86E14,0x86620,0x280400,0x8669C,0x84780,0x0,0x27FAD0,0x682B3A,1,"00",0x0,0x280400,"SHELL_PARAM_GWYBLINK_PARSED","mem_read_hook"
0,142,0xAC434,0x8C6CC,cfunction.ext,0x280C54,0x682B3A,0xC,0x280CC7,0x280600,0x682AEC,0xFFFFD8EF,0x86E14,0x86620,0x280400,0x8669C,0x84780,0x0,0x27FAD0,0x682B3A,1,"00",0x0,0x280400,"SHELL_PARAM_GWYBLINK_PARSED","mem_read_hook"
0,143,0xAC434,0x8C6CC,cfunction.ext,0x280C54,0x682B3A,0xB,0x280CC8,0x280600,0x682AEC,0xFFFFD8EF,0x86E14,0x86620,0x280400,0x8669C,0x84780,0x0,0x27FAD0,0x682B3A,1,"00",0x0,0x280400,"SHELL_PARAM_GWYBLINK_PARSED","mem_read_hook"
0,144,0xAC434,0x8C6CC,cfunction.ext,0x280C54,0x682B3A,0xA,0x280CC9,0x280600,0x682AEC,0xFFFFD8EF,0x86E14,0x86620,0x280400,0x8669C,0x84780,0x0,0x27FAD0,0x682B3A,1,"00",0x0,0x280400,"SHELL_PARAM_GWYBLINK_PARSED","mem_read_hook"
0,145,0xAC434,0x8C6CC,cfunction.ext,0x280C54,0x682B3A,0x9,0x280CCA,0x280600,0x682AEC,0xFFFFD8EF,0x86E14,0x86620,0x280400,0x8669C,0x84780,0x0,0x27FAD0,0x682B3A,1,"00",0x0,0x280400,"SHELL_PARAM_GWYBLINK_PARSED","mem_read_hook"
0,146,0xAC434,0x8C6CC,cfunction.ext,0x280C54,0x682B3A,0x8,0x280CCB,0x280600,0x682AEC,0xFFFFD8EF,0x86E14,0x86620,0x280400,0x8669C,0x84780,0x0,0x27FAD0,0x682B3A,1,"00",0x0,0x280400,"SHELL_PARAM_GWYBLINK_PARSED","mem_read_hook"
0,147,0xAC434,0x8C6CC,cfunction.ext,0x280C54,0x682B3A,0x7,0x280CCC,0x280600,0x682AEC,0xFFFFD8EF,0x86E14,0x86620,0x280400,0x8669C,0x84780,0x0,0x27FAD0,0x682B3A,1,"00",0x0,0x280400,"SHELL_PARAM_GWYBLINK_PARSED","mem_read_hook"
0,148,0xAC434,0x8C6CC,cfunction.ext,0x280C54,0x682B3A,0x6,0x280CCD,0x280600,0x682AEC,0xFFFFD8EF,0x86E14,0x86620,0x280400,0x8669C,0x84780,0x0,0x27FAD0,0x682B3A,1,"00",0x0,0x280400,"SHELL_PARAM_GWYBLINK_PARSED","mem_read_hook"
0,149,0xAC434,0x8C6CC,cfunction.ext,0x280C54,0x682B3A,0x5,0x280CCE,0x280600,0x682AEC,0xFFFFD8EF,0x86E14,0x86620,0x280400,0x8669C,0x84780,0x0,0x27FAD0,0x682B3A,1,"00",0x0,0x280400,"SHELL_PARAM_GWYBLINK_PARSED","mem_read_hook"
0,150,0xAC434,0x8C6CC,cfunction.ext,0x280C54,0x682B3A,0x4,0x280CCF,0x280600,0x682AEC,0xFFFFD8EF,0x86E14,0x86620,0x280400,0x8669C,0x84780,0x0,0x27FAD0,0x682B3A,1,"00",0x0,0x280400,"SHELL_PARAM_GWYBLINK_PARSED","mem_read_hook"
0,151,0xAC434,0x8C6CC,cfunction.ext,0x280C54,0x682B3A,0x3,0x280CD0,0x280600,0x682AEC,0xFFFFD8EF,0x86E14,0x86620,0x280400,0x8669C,0x84780,0x0,0x27FAD0,0x682B3A,1,"00",0x0,0x280400,"SHELL_PARAM_GWYBLINK_PARSED","mem_read_hook"
0,152,0xAC434,0x8C6CC,cfunction.ext,0x280C54,0x682B3A,0x2,0x280CD1,0x280600,0x682AEC,0xFFFFD8EF,0x86E14,0x86620,0x280400,0x8669C,0x84780,0x0,0x27FAD0,0x682B3A,1,"00",0x0,0x280400,"SHELL_PARAM_GWYBLINK_PARSED","mem_read_hook"
0,153,0xAC434,0x8C6CC,cfunction.ext,0x280C54,0x682B3A,0x1,0x280CD2,0x280600,0x682AEC,0xFFFFD8EF,0x86E14,0x86620,0x280400,0x8669C,0x84780,0x0,0x27FAD0,0x682B3A,1,"00",0x0,0x280400,"SHELL_PARAM_GWYBLINK_PARSED","mem_read_hook"
